Run,Assay Type,AvgSpotLen,Bases,BioProject,BioSample,BioSampleModel,Bytes,Center Name,Collection_Date,Consent,DATASTORE filetype,DATASTORE provider,DATASTORE region,Experiment,geo_loc_name_country,geo_loc_name_country_continent,geo_loc_name,HOST,Instrument,isolation_source,lat_lon,Library Name,LibraryLayout,LibrarySelection,LibrarySource,Organism,Platform,ReleaseDate,create_date,version,samp_collect_device,samp_mat_process,Sample Name,sample_type,source_material_id,SRA Study,timepoint,treatment
SRR10204251,AMPLICON,602,35569170,PRJNA564636,SAMN12718882,Metagenome or environmental,20161515,UNIVERSITY OF ALBERTA,2016-05-27,public,"sra,run.zq,fastq","gs,s3,ncbi","gs.us-east1,s3.us-east-1,ncbi.public",SRX6924298,Canada,North America,Canada: Edmonton,Homo sapiens,Illumina MiSeq,feces,53.55 N 113.49 W,4M209W6,PAIRED,PCR,METAGENOMIC,human gut metagenome,ILLUMINA,2020-06-17T00:00:00Z,2019-09-30T13:42:00Z,1,Fisherbrand Commode Specimen Collection System,Genomic DNA isolated using Qiagen Stool Kit followed by Illumina MiSeq amplicon sequencing,4M209W6,feces,4M209W6,SRP223742,Week6,Arabinoxylan
SRR10204252,AMPLICON,602,26506060,PRJNA564636,SAMN12718867,Metagenome or environmental,16283299,UNIVERSITY OF ALBERTA,2016-04-22,public,"fastq,sra,run.zq","ncbi,s3,gs","s3.us-east-1,ncbi.public,gs.us-east1",SRX6924297,Canada,North America,Canada: Edmonton,Homo sapiens,Illumina MiSeq,feces,53.55 N 113.49 W,4M209W1,PAIRED,PCR,METAGENOMIC,human gut metagenome,ILLUMINA,2020-06-17T00:00:00Z,2019-09-30T13:42:00Z,1,Fisherbrand Commode Specimen Collection System,Genomic DNA isolated using Qiagen Stool Kit followed by Illumina MiSeq amplicon sequencing,4M209W1,feces,4M209W1,SRP223742,Week1,Arabinoxylan
SRR10204253,AMPLICON,602,22706236,PRJNA564636,SAMN12718852,Metagenome or environmental,13500428,UNIVERSITY OF ALBERTA,2016-04-14,public,"run.zq,fastq,sra","gs,ncbi,s3","ncbi.public,s3.us-east-1,gs.us-east1",SRX6924296,Canada,North America,Canada: Edmonton,Homo sapiens,Illumina MiSeq,feces,53.55 N 113.49 W,4M209BL,PAIRED,PCR,METAGENOMIC,human gut metagenome,ILLUMINA,2020-06-17T00:00:00Z,2019-09-30T13:42:00Z,1,Fisherbrand Commode Specimen Collection System,Genomic DNA isolated using Qiagen Stool Kit followed by Illumina MiSeq amplicon sequencing,4M209BL,feces,4M209BL,SRP223742,Baseline,Arabinoxylan
SRR10204254,AMPLICON,602,21263242,PRJNA564636,SAMN12718841,Metagenome or environmental,13227864,UNIVERSITY OF ALBERTA,2015-09-24,public,"run.zq,sra,fastq","s3,ncbi,gs","ncbi.public,s3.us-east-1,gs.us-east1",SRX6924295,Canada,North America,Canada: Edmonton,Homo sapiens,Illumina MiSeq,feces,53.55 N 113.49 W,4F001BL,PAIRED,PCR,METAGENOMIC,human gut metagenome,ILLUMINA,2020-06-17T00:00:00Z,2019-09-30T13:42:00Z,1,Fisherbrand Commode Specimen Collection System,Genomic DNA isolated using Qiagen Stool Kit followed by Illumina MiSeq amplicon sequencing,4F001BL,feces,4F001BL,SRP223742,Baseline,Arabinoxylan
SRR10204255,AMPLICON,602,49912422,PRJNA564636,SAMN12718929,Metagenome or environmental,28012145,UNIVERSITY OF ALBERTA,2016-05-05,public,"run.zq,fastq,sra","s3,ncbi,gs","gs.us-east1,ncbi.public,s3.us-east-1",SRX6924294,Canada,North America,Canada: Edmonton,Homo sapiens,Illumina MiSeq,feces,53.55 N 113.49 W,1M207W6,PAIRED,PCR,METAGENOMIC,human gut metagenome,ILLUMINA,2020-06-17T00:00:00Z,2019-09-30T13:43:00Z,1,Fisherbrand Commode Specimen Collection System,Genomic DNA isolated using Qiagen Stool Kit followed by Illumina MiSeq amplicon sequencing,1M207W6,feces,1M207W6,SRP223742,Week6,MCC (Control)
SRR10204256,AMPLICON,602,26598768,PRJNA564636,SAMN12718913,Metagenome or environmental,16096887,UNIVERSITY OF ALBERTA,2016-03-31,public,"fastq,run.zq,sra","s3,gs,ncbi","ncbi.public,s3.us-east-1,gs.us-east1",SRX6924293,Canada,North America,Canada: Edmonton,Homo sapiens,Illumina MiSeq,feces,53.55 N 113.49 W,1M207W1,PAIRED,PCR,METAGENOMIC,human gut metagenome,ILLUMINA,2020-06-17T00:00:00Z,2019-09-30T13:42:00Z,1,Fisherbrand Commode Specimen Collection System,Genomic DNA isolated using Qiagen Stool Kit followed by Illumina MiSeq amplicon sequencing,1M207W1,feces,1M207W1,SRP223742,Week1,MCC (Control)
SRR10204257,AMPLICON,602,31210088,PRJNA564636,SAMN12718897,Metagenome or environmental,17732749,UNIVERSITY OF ALBERTA,2016-03-22,public,"sra,run.zq,fastq","ncbi,s3,gs","s3.us-east-1,gs.us-east1,ncbi.public",SRX6924292,Canada,North America,Canada: Edmonton,Homo sapiens,Illumina MiSeq,feces,53.55 N 113.49 W,1M207BL,PAIRED,PCR,METAGENOMIC,human gut metagenome,ILLUMINA,2020-06-17T00:00:00Z,2019-09-30T13:42:00Z,1,Fisherbrand Commode Specimen Collection System,Genomic DNA isolated using Qiagen Stool Kit followed by Illumina MiSeq amplicon sequencing,1M207BL,feces,1M207BL,SRP223742,Baseline,MCC (Control)
SRR10204258,AMPLICON,602,30840460,PRJNA564636,SAMN12718933,Metagenome or environmental,17592570,UNIVERSITY OF ALBERTA,2016-10-28,public,"run.zq,fastq,sra","s3,ncbi,gs","s3.us-east-1,ncbi.public,gs.us-east1",SRX6924291,Canada,North America,Canada: Edmonton,Homo sapiens,Illumina MiSeq,feces,53.55 N 113.49 W,1M226W6,PAIRED,PCR,METAGENOMIC,human gut metagenome,ILLUMINA,2020-06-17T00:00:00Z,2019-09-30T13:42:00Z,1,Fisherbrand Commode Specimen Collection System,Genomic DNA isolated using Qiagen Stool Kit followed by Illumina MiSeq amplicon sequencing,1M226W6,feces,1M226W6,SRP223742,Week6,MCC (Control)
SRR10204259,AMPLICON,602,25495904,PRJNA564636,SAMN12718917,Metagenome or environmental,15727111,UNIVERSITY OF ALBERTA,2016-09-22,public,"fastq,sra,run.zq","ncbi,s3,gs","s3.us-east-1,ncbi.public,gs.us-east1",SRX6924290,Canada,North America,Canada: Edmonton,Homo sapiens,Illumina MiSeq,feces,53.55 N 113.49 W,1M226W1,PAIRED,PCR,METAGENOMIC,human gut metagenome,ILLUMINA,2020-06-17T00:00:00Z,2019-09-30T13:42:00Z,1,Fisherbrand Commode Specimen Collection System,Genomic DNA isolated using Qiagen Stool Kit followed by Illumina MiSeq amplicon sequencing,1M226W1,feces,1M226W1,SRP223742,Week1,MCC (Control)
SRR10204260,AMPLICON,602,34632458,PRJNA564636,SAMN12718901,Metagenome or environmental,20490043,UNIVERSITY OF ALBERTA,2016-09-16,public,"run.zq,fastq,sra","s3,gs,ncbi","gs.us-east1,s3.us-east-1,ncbi.public",SRX6924289,Canada,North America,Canada: Edmonton,Homo sapiens,Illumina MiSeq,feces,53.55 N 113.49 W,1M226BL,PAIRED,PCR,METAGENOMIC,human gut metagenome,ILLUMINA,2020-06-17T00:00:00Z,2019-09-30T13:42:00Z,1,Fisherbrand Commode Specimen Collection System,Genomic DNA isolated using Qiagen Stool Kit followed by Illumina MiSeq amplicon sequencing,1M226BL,feces,1M226BL,SRP223742,Baseline,MCC (Control)
SRR10204261,AMPLICON,602,34238148,PRJNA564636,SAMN12718885,Metagenome or environmental,19462833,UNIVERSITY OF ALBERTA,2016-10-26,public,"sra,fastq,run.zq","ncbi,gs,s3","gs.us-east1,ncbi.public,s3.us-east-1",SRX6924288,Canada,North America,Canada: Edmonton,Homo sapiens,Illumina MiSeq,feces,53.55 N 113.49 W,4M224W6,PAIRED,PCR,METAGENOMIC,human gut metagenome,ILLUMINA,2020-06-17T00:00:00Z,2019-09-30T13:42:00Z,1,Fisherbrand Commode Specimen Collection System,Genomic DNA isolated using Qiagen Stool Kit followed by Illumina MiSeq amplicon sequencing,4M224W6,feces,4M224W6,SRP223742,Week6,Arabinoxylan
SRR10204262,AMPLICON,602,23471980,PRJNA564636,SAMN12718870,Metagenome or environmental,14503201,UNIVERSITY OF ALBERTA,2016-09-20,public,"fastq,run.zq,sra","ncbi,s3,gs","gs.us-east1,ncbi.public,s3.us-east-1",SRX6924287,Canada,North America,Canada: Edmonton,Homo sapiens,Illumina MiSeq,feces,53.55 N 113.49 W,4M224W1,PAIRED,PCR,METAGENOMIC,human gut metagenome,ILLUMINA,2020-06-17T00:00:00Z,2019-09-30T13:43:00Z,1,Fisherbrand Commode Specimen Collection System,Genomic DNA isolated using Qiagen Stool Kit followed by Illumina MiSeq amplicon sequencing,4M224W1,feces,4M224W1,SRP223742,Week1,Arabinoxylan
SRR10204263,AMPLICON,602,35857528,PRJNA564636,SAMN12718855,Metagenome or environmental,20075626,UNIVERSITY OF ALBERTA,2016-09-11,public,"sra,run.zq,fastq","gs,s3,ncbi","gs.us-east1,s3.us-east-1,ncbi.public",SRX6924286,Canada,North America,Canada: Edmonton,Homo sapiens,Illumina MiSeq,feces,53.55 N 113.49 W,4M224BL,PAIRED,PCR,METAGENOMIC,human gut metagenome,ILLUMINA,2020-06-17T00:00:00Z,2019-09-30T13:42:00Z,1,Fisherbrand Commode Specimen Collection System,Genomic DNA isolated using Qiagen Stool Kit followed by Illumina MiSeq amplicon sequencing,4M224BL,feces,4M224BL,SRP223742,Baseline,Arabinoxylan
SRR10204264,AMPLICON,602,22892856,PRJNA564636,SAMN12718932,Metagenome or environmental,13574899,UNIVERSITY OF ALBERTA,2016-10-12,public,"sra,run.zq,fastq","gs,ncbi,s3","s3.us-east-1,gs.us-east1,ncbi.public",SRX6924285,Canada,North America,Canada: Edmonton,Homo sapiens,Illumina MiSeq,feces,53.55 N 113.49 W,1M222W6,PAIRED,PCR,METAGENOMIC,human gut metagenome,ILLUMINA,2020-06-17T00:00:00Z,2019-09-30T13:43:00Z,1,Fisherbrand Commode Specimen Collection System,Genomic DNA isolated using Qiagen Stool Kit followed by Illumina MiSeq amplicon sequencing,1M222W6,feces,1M222W6,SRP223742,Week6,MCC (Control)
SRR10204265,AMPLICON,602,34189386,PRJNA564636,SAMN12718920,Metagenome or environmental,19051551,UNIVERSITY OF ALBERTA,2016-03-11,public,"run.zq,fastq,sra","s3,gs,ncbi","gs.us-east1,ncbi.public,s3.us-east-1",SRX6924284,Canada,North America,Canada: Edmonton,Homo sapiens,Illumina MiSeq,feces,53.55 N 113.49 W,1F015W6,PAIRED,PCR,METAGENOMIC,human gut metagenome,ILLUMINA,2020-06-17T00:00:00Z,2019-09-30T13:43:00Z,1,Fisherbrand Commode Specimen Collection System,Genomic DNA isolated using Qiagen Stool Kit followed by Illumina MiSeq amplicon sequencing,1F015W6,feces,1F015W6,SRP223742,Week6,MCC (Control)
SRR10204266,AMPLICON,602,32784318,PRJNA564636,SAMN12718916,Metagenome or environmental,18227405,UNIVERSITY OF ALBERTA,2016-09-07,public,"sra,run.zq,fastq","gs,s3,ncbi","gs.us-east1,ncbi.public,s3.us-east-1",SRX6924283,Canada,North America,Canada: Edmonton,Homo sapiens,Illumina MiSeq,feces,53.55 N 113.49 W,1M222W1,PAIRED,PCR,METAGENOMIC,human gut metagenome,ILLUMINA,2020-06-17T00:00:00Z,2019-09-30T13:43:00Z,1,Fisherbrand Commode Specimen Collection System,Genomic DNA isolated using Qiagen Stool Kit followed by Illumina MiSeq amplicon sequencing,1M222W1,feces,1M222W1,SRP223742,Week1,MCC (Control)
SRR10204267,AMPLICON,602,24850560,PRJNA564636,SAMN12718900,Metagenome or environmental,14994141,UNIVERSITY OF ALBERTA,2016-08-31,public,"fastq,run.zq,sra","s3,gs,ncbi","s3.us-east-1,ncbi.public,gs.us-east1",SRX6924282,Canada,North America,Canada: Edmonton,Homo sapiens,Illumina MiSeq,feces,53.55 N 113.49 W,1M222BL,PAIRED,PCR,METAGENOMIC,human gut metagenome,ILLUMINA,2020-06-17T00:00:00Z,2019-09-30T13:43:00Z,1,Fisherbrand Commode Specimen Collection System,Genomic DNA isolated using Qiagen Stool Kit followed by Illumina MiSeq amplicon sequencing,1M222BL,feces,1M222BL,SRP223742,Baseline,MCC (Control)
SRR10204268,AMPLICON,602,37581656,PRJNA564636,SAMN12718881,Metagenome or environmental,21068328,UNIVERSITY OF ALBERTA,2015-10-30,public,"sra,fastq,run.zq","ncbi,s3,gs","s3.us-east-1,gs.us-east1,ncbi.public",SRX6924281,Canada,North America,Canada: Edmonton,Homo sapiens,Illumina MiSeq,feces,53.55 N 113.49 W,4M201W6,PAIRED,PCR,METAGENOMIC,human gut metagenome,ILLUMINA,2020-06-17T00:00:00Z,2019-09-30T13:43:00Z,1,Fisherbrand Commode Specimen Collection System,Genomic DNA isolated using Qiagen Stool Kit followed by Illumina MiSeq amplicon sequencing,4M201W6,feces,4M201W6,SRP223742,Week6,Arabinoxylan
SRR10204269,AMPLICON,602,33336954,PRJNA564636,SAMN12718866,Metagenome or environmental,19219916,UNIVERSITY OF ALBERTA,2015-09-25,public,"run.zq,sra,fastq","s3,gs,ncbi","s3.us-east-1,gs.us-east1,ncbi.public",SRX6924280,Canada,North America,Canada: Edmonton,Homo sapiens,Illumina MiSeq,feces,53.55 N 113.49 W,4M201W1,PAIRED,PCR,METAGENOMIC,human gut metagenome,ILLUMINA,2020-06-17T00:00:00Z,2019-09-30T13:43:00Z,1,Fisherbrand Commode Specimen Collection System,Genomic DNA isolated using Qiagen Stool Kit followed by Illumina MiSeq amplicon sequencing,4M201W1,feces,4M201W1,SRP223742,Week1,Arabinoxylan
SRR10204270,AMPLICON,602,20062252,PRJNA564636,SAMN12718851,Metagenome or environmental,12314878,UNIVERSITY OF ALBERTA,2015-09-17,public,"fastq,run.zq,sra","gs,s3,ncbi","gs.us-east1,s3.us-east-1,ncbi.public",SRX6924279,Canada,North America,Canada: Edmonton,Homo sapiens,Illumina MiSeq,feces,53.55 N 113.49 W,4M201BL,PAIRED,PCR,METAGENOMIC,human gut metagenome,ILLUMINA,2020-06-17T00:00:00Z,2019-09-30T13:43:00Z,1,Fisherbrand Commode Specimen Collection System,Genomic DNA isolated using Qiagen Stool Kit followed by Illumina MiSeq amplicon sequencing,4M201BL,feces,4M201BL,SRP223742,Baseline,Arabinoxylan
SRR10204271,AMPLICON,602,29849568,PRJNA564636,SAMN12718884,Metagenome or environmental,16791570,UNIVERSITY OF ALBERTA,2016-09-22,public,"sra,run.zq,fastq","s3,ncbi,gs","gs.us-east1,s3.us-east-1,ncbi.public",SRX6924278,Canada,North America,Canada: Edmonton,Homo sapiens,Illumina MiSeq,feces,53.55 N 113.49 W,4M217W6,PAIRED,PCR,METAGENOMIC,human gut metagenome,ILLUMINA,2020-06-17T00:00:00Z,2019-09-30T13:43:00Z,1,Fisherbrand Commode Specimen Collection System,Genomic DNA isolated using Qiagen Stool Kit followed by Illumina MiSeq amplicon sequencing,4M217W6,feces,4M217W6,SRP223742,Week6,Arabinoxylan
SRR10204272,AMPLICON,602,25645200,PRJNA564636,SAMN12718869,Metagenome or environmental,15753955,UNIVERSITY OF ALBERTA,2016-08-19,public,"sra,run.zq,fastq","s3,gs,ncbi","gs.us-east1,s3.us-east-1,ncbi.public",SRX6924277,Canada,North America,Canada: Edmonton,Homo sapiens,Illumina MiSeq,feces,53.55 N 113.49 W,4M217W1,PAIRED,PCR,METAGENOMIC,human gut metagenome,ILLUMINA,2020-06-17T00:00:00Z,2019-09-30T13:43:00Z,1,Fisherbrand Commode Specimen Collection System,Genomic DNA isolated using Qiagen Stool Kit followed by Illumina MiSeq amplicon sequencing,4M217W1,feces,4M217W1,SRP223742,Week1,Arabinoxylan
SRR10204273,AMPLICON,602,28597408,PRJNA564636,SAMN12718854,Metagenome or environmental,16686409,UNIVERSITY OF ALBERTA,2016-08-12,public,"sra,fastq,run.zq","ncbi,s3,gs","ncbi.public,s3.us-east-1,gs.us-east1",SRX6924276,Canada,North America,Canada: Edmonton,Homo sapiens,Illumina MiSeq,feces,53.55 N 113.49 W,4M217BL,PAIRED,PCR,METAGENOMIC,human gut metagenome,ILLUMINA,2020-06-17T00:00:00Z,2019-09-30T13:43:00Z,1,Fisherbrand Commode Specimen Collection System,Genomic DNA isolated using Qiagen Stool Kit followed by Illumina MiSeq amplicon sequencing,4M217BL,feces,4M217BL,SRP223742,Baseline,Arabinoxylan
SRR10204274,AMPLICON,602,37749614,PRJNA564636,SAMN12718931,Metagenome or environmental,21161773,UNIVERSITY OF ALBERTA,2016-09-02,public,"fastq,run.zq,sra","s3,gs,ncbi","ncbi.public,s3.us-east-1,gs.us-east1",SRX6924275,Canada,North America,Canada: Edmonton,Homo sapiens,Illumina MiSeq,feces,53.55 N 113.49 W,1M215W6,PAIRED,PCR,METAGENOMIC,human gut metagenome,ILLUMINA,2020-06-17T00:00:00Z,2019-09-30T13:43:00Z,1,Fisherbrand Commode Specimen Collection System,Genomic DNA isolated using Qiagen Stool Kit followed by Illumina MiSeq amplicon sequencing,1M215W6,feces,1M215W6,SRP223742,Week6,MCC (Control)
SRR10204275,AMPLICON,602,22570184,PRJNA564636,SAMN12718915,Metagenome or environmental,13888978,UNIVERSITY OF ALBERTA,2016-07-27,public,"fastq,sra,run.zq","ncbi,s3,gs","gs.us-east1,s3.us-east-1,ncbi.public",SRX6924274,Canada,North America,Canada: Edmonton,Homo sapiens,Illumina MiSeq,feces,53.55 N 113.49 W,1M215W1,PAIRED,PCR,METAGENOMIC,human gut metagenome,ILLUMINA,2020-06-17T00:00:00Z,2019-09-30T13:43:00Z,1,Fisherbrand Commode Specimen Collection System,Genomic DNA isolated using Qiagen Stool Kit followed by Illumina MiSeq amplicon sequencing,1M215W1,feces,1M215W1,SRP223742,Week1,MCC (Control)
SRR10204276,AMPLICON,602,31240188,PRJNA564636,SAMN12718904,Metagenome or environmental,17541648,UNIVERSITY OF ALBERTA,2016-02-05,public,"fastq,sra,run.zq","s3,gs,ncbi","s3.us-east-1,gs.us-east1,ncbi.public",SRX6924273,Canada,North America,Canada: Edmonton,Homo sapiens,Illumina MiSeq,feces,53.55 N 113.49 W,1F015W1,PAIRED,PCR,METAGENOMIC,human gut metagenome,ILLUMINA,2020-06-17T00:00:00Z,2019-09-30T13:43:00Z,1,Fisherbrand Commode Specimen Collection System,Genomic DNA isolated using Qiagen Stool Kit followed by Illumina MiSeq amplicon sequencing,1F015W1,feces,1F015W1,SRP223742,Week1,MCC (Control)
SRR10204277,AMPLICON,602,26763716,PRJNA564636,SAMN12718899,Metagenome or environmental,15477432,UNIVERSITY OF ALBERTA,2016-07-21,public,"sra,fastq,run.zq","gs,ncbi,s3","s3.us-east-1,ncbi.public,gs.us-east1",SRX6924272,Canada,North America,Canada: Edmonton,Homo sapiens,Illumina MiSeq,feces,53.55 N 113.49 W,1M215BL,PAIRED,PCR,METAGENOMIC,human gut metagenome,ILLUMINA,2020-06-17T00:00:00Z,2019-09-30T13:43:00Z,1,Fisherbrand Commode Specimen Collection System,Genomic DNA isolated using Qiagen Stool Kit followed by Illumina MiSeq amplicon sequencing,1M215BL,feces,1M215BL,SRP223742,Baseline,MCC (Control)
SRR10204278,AMPLICON,602,33383308,PRJNA564636,SAMN12718930,Metagenome or environmental,18776385,UNIVERSITY OF ALBERTA,2016-07-29,public,"run.zq,sra,fastq","s3,gs,ncbi","s3.us-east-1,gs.us-east1,ncbi.public",SRX6924271,Canada,North America,Canada: Edmonton,Homo sapiens,Illumina MiSeq,feces,53.55 N 113.49 W,1M212W6,PAIRED,PCR,METAGENOMIC,human gut metagenome,ILLUMINA,2020-06-17T00:00:00Z,2019-09-30T13:43:00Z,1,Fisherbrand Commode Specimen Collection System,Genomic DNA isolated using Qiagen Stool Kit followed by Illumina MiSeq amplicon sequencing,1M212W6,feces,1M212W6,SRP223742,Week6,MCC (Control)
SRR10204279,AMPLICON,602,30952432,PRJNA564636,SAMN12718914,Metagenome or environmental,17995810,UNIVERSITY OF ALBERTA,2016-06-24,public,"fastq,sra,run.zq","ncbi,s3,gs","gs.us-east1,ncbi.public,s3.us-east-1",SRX6924270,Canada,North America,Canada: Edmonton,Homo sapiens,Illumina MiSeq,feces,53.55 N 113.49 W,1M212W1,PAIRED,PCR,METAGENOMIC,human gut metagenome,ILLUMINA,2020-06-17T00:00:00Z,2019-09-30T13:43:00Z,1,Fisherbrand Commode Specimen Collection System,Genomic DNA isolated using Qiagen Stool Kit followed by Illumina MiSeq amplicon sequencing,1M212W1,feces,1M212W1,SRP223742,Week1,MCC (Control)
SRR10204280,AMPLICON,602,28062832,PRJNA564636,SAMN12718898,Metagenome or environmental,16548804,UNIVERSITY OF ALBERTA,2016-06-15,public,"fastq,sra,run.zq","s3,ncbi,gs","s3.us-east-1,gs.us-east1,ncbi.public",SRX6924269,Canada,North America,Canada: Edmonton,Homo sapiens,Illumina MiSeq,feces,53.55 N 113.49 W,1M212BL,PAIRED,PCR,METAGENOMIC,human gut metagenome,ILLUMINA,2020-06-17T00:00:00Z,2019-09-30T13:43:00Z,1,Fisherbrand Commode Specimen Collection System,Genomic DNA isolated using Qiagen Stool Kit followed by Illumina MiSeq amplicon sequencing,1M212BL,feces,1M212BL,SRP223742,Baseline,MCC (Control)
SRR10204281,AMPLICON,602,22269184,PRJNA564636,SAMN12718883,Metagenome or environmental,13652804,UNIVERSITY OF ALBERTA,2016-07-13,public,"run.zq,sra,fastq","gs,ncbi,s3","ncbi.public,s3.us-east-1,gs.us-east1",SRX6924268,Canada,North America,Canada: Edmonton,Homo sapiens,Illumina MiSeq,feces,53.55 N 113.49 W,4M211W6,PAIRED,PCR,METAGENOMIC,human gut metagenome,ILLUMINA,2020-06-17T00:00:00Z,2019-09-30T13:43:00Z,1,Fisherbrand Commode Specimen Collection System,Genomic DNA isolated using Qiagen Stool Kit followed by Illumina MiSeq amplicon sequencing,4M211W6,feces,4M211W6,SRP223742,Week6,Arabinoxylan
SRR10204282,AMPLICON,602,40311124,PRJNA564636,SAMN12718868,Metagenome or environmental,22430869,UNIVERSITY OF ALBERTA,2016-06-08,public,"run.zq,sra,fastq","gs,ncbi,s3","ncbi.public,s3.us-east-1,gs.us-east1",SRX6924267,Canada,North America,Canada: Edmonton,Homo sapiens,Illumina MiSeq,feces,53.55 N 113.49 W,4M211W1,PAIRED,PCR,METAGENOMIC,human gut metagenome,ILLUMINA,2020-06-17T00:00:00Z,2019-09-30T13:43:00Z,1,Fisherbrand Commode Specimen Collection System,Genomic DNA isolated using Qiagen Stool Kit followed by Illumina MiSeq amplicon sequencing,4M211W1,feces,4M211W1,SRP223742,Week1,Arabinoxylan
SRR10204283,AMPLICON,602,25211158,PRJNA564636,SAMN12718853,Metagenome or environmental,14525598,UNIVERSITY OF ALBERTA,2016-06-02,public,"run.zq,fastq,sra","gs,s3,ncbi","gs.us-east1,s3.us-east-1,ncbi.public",SRX6924266,Canada,North America,Canada: Edmonton,Homo sapiens,Illumina MiSeq,feces,53.55 N 113.49 W,4M211BL,PAIRED,PCR,METAGENOMIC,human gut metagenome,ILLUMINA,2020-06-17T00:00:00Z,2019-09-30T13:43:00Z,1,Fisherbrand Commode Specimen Collection System,Genomic DNA isolated using Qiagen Stool Kit followed by Illumina MiSeq amplicon sequencing,4M211BL,feces,4M211BL,SRP223742,Baseline,Arabinoxylan
SRR10204284,AMPLICON,602,31886736,PRJNA564636,SAMN12718873,Metagenome or environmental,17885070,UNIVERSITY OF ALBERTA,2016-03-07,public,"run.zq,sra,fastq","gs,ncbi,s3","gs.us-east1,ncbi.public,s3.us-east-1",SRX6924265,Canada,North America,Canada: Edmonton,Homo sapiens,Illumina MiSeq,feces,53.55 N 113.49 W,4F009W6,PAIRED,PCR,METAGENOMIC,human gut metagenome,ILLUMINA,2020-06-17T00:00:00Z,2019-09-30T13:43:00Z,1,Fisherbrand Commode Specimen Collection System,Genomic DNA isolated using Qiagen Stool Kit followed by Illumina MiSeq amplicon sequencing,4F009W6,feces,4F009W6,SRP223742,Week6,Arabinoxylan
SRR10204285,AMPLICON,602,30194514,PRJNA564636,SAMN12718858,Metagenome or environmental,17886039,UNIVERSITY OF ALBERTA,2016-02-01,public,"sra,fastq,run.zq","s3,ncbi,gs","s3.us-east-1,gs.us-east1,ncbi.public",SRX6924264,Canada,North America,Canada: Edmonton,Homo sapiens,Illumina MiSeq,feces,53.55 N 113.49 W,4F009W1,PAIRED,PCR,METAGENOMIC,human gut metagenome,ILLUMINA,2020-06-17T00:00:00Z,2019-09-30T13:43:00Z,1,Fisherbrand Commode Specimen Collection System,Genomic DNA isolated using Qiagen Stool Kit followed by Illumina MiSeq amplicon sequencing,4F009W1,feces,4F009W1,SRP223742,Week1,Arabinoxylan
SRR10204286,AMPLICON,602,23449706,PRJNA564636,SAMN12718843,Metagenome or environmental,14424880,UNIVERSITY OF ALBERTA,2016-01-25,public,"run.zq,sra,fastq","s3,gs,ncbi","s3.us-east-1,gs.us-east1,ncbi.public",SRX6924263,Canada,North America,Canada: Edmonton,Homo sapiens,Illumina MiSeq,feces,53.55 N 113.49 W,4F009BL,PAIRED,PCR,METAGENOMIC,human gut metagenome,ILLUMINA,2020-06-17T00:00:00Z,2019-09-30T13:43:00Z,1,Fisherbrand Commode Specimen Collection System,Genomic DNA isolated using Qiagen Stool Kit followed by Illumina MiSeq amplicon sequencing,4F009BL,feces,4F009BL,SRP223742,Baseline,Arabinoxylan
SRR10204287,AMPLICON,602,34592124,PRJNA564636,SAMN12718888,Metagenome or environmental,19377809,UNIVERSITY OF ALBERTA,2016-01-28,public,"fastq,run.zq,sra","s3,ncbi,gs","s3.us-east-1,gs.us-east1,ncbi.public",SRX6924262,Canada,North America,Canada: Edmonton,Homo sapiens,Illumina MiSeq,feces,53.55 N 113.49 W,1F015BL,PAIRED,PCR,METAGENOMIC,human gut metagenome,ILLUMINA,2020-06-17T00:00:00Z,2019-09-30T13:43:00Z,1,Fisherbrand Commode Specimen Collection System,Genomic DNA isolated using Qiagen Stool Kit followed by Illumina MiSeq amplicon sequencing,1F015BL,feces,1F015BL,SRP223742,Baseline,MCC (Control)
SRR10204288,AMPLICON,602,30416652,PRJNA564636,SAMN12718918,Metagenome or environmental,18187110,UNIVERSITY OF ALBERTA,2015-12-17,public,"sra,fastq,run.zq","gs,s3,ncbi","ncbi.public,s3.us-east-1,gs.us-east1",SRX6924261,Canada,North America,Canada: Edmonton,Homo sapiens,Illumina MiSeq,feces,53.55 N 113.49 W,1F006W6,PAIRED,PCR,METAGENOMIC,human gut metagenome,ILLUMINA,2020-06-17T00:00:00Z,2019-09-30T13:43:00Z,1,Fisherbrand Commode Specimen Collection System,Genomic DNA isolated using Qiagen Stool Kit followed by Illumina MiSeq amplicon sequencing,1F006W6,feces,1F006W6,SRP223742,Week6,MCC (Control)
SRR10204289,AMPLICON,602,33072676,PRJNA564636,SAMN12718902,Metagenome or environmental,18747029,UNIVERSITY OF ALBERTA,2015-11-12,public,"fastq,sra,run.zq","gs,s3,ncbi","s3.us-east-1,gs.us-east1,ncbi.public",SRX6924260,Canada,North America,Canada: Edmonton,Homo sapiens,Illumina MiSeq,feces,53.55 N 113.49 W,1F006W1,PAIRED,PCR,METAGENOMIC,human gut metagenome,ILLUMINA,2020-06-17T00:00:00Z,2019-09-30T13:43:00Z,1,Fisherbrand Commode Specimen Collection System,Genomic DNA isolated using Qiagen Stool Kit followed by Illumina MiSeq amplicon sequencing,1F006W1,feces,1F006W1,SRP223742,Week1,MCC (Control)
SRR10204290,AMPLICON,602,27665512,PRJNA564636,SAMN12718886,Metagenome or environmental,17099991,UNIVERSITY OF ALBERTA,2015-11-03,public,"sra,fastq,run.zq","ncbi,gs,s3","gs.us-east1,ncbi.public,s3.us-east-1",SRX6924259,Canada,North America,Canada: Edmonton,Homo sapiens,Illumina MiSeq,feces,53.55 N 113.49 W,1F006BL,PAIRED,PCR,METAGENOMIC,human gut metagenome,ILLUMINA,2020-06-17T00:00:00Z,2019-09-30T13:43:00Z,1,Fisherbrand Commode Specimen Collection System,Genomic DNA isolated using Qiagen Stool Kit followed by Illumina MiSeq amplicon sequencing,1F006BL,feces,1F006BL,SRP223742,Baseline,MCC (Control)
SRR10204291,AMPLICON,602,31546606,PRJNA564636,SAMN12718928,Metagenome or environmental,18150140,UNIVERSITY OF ALBERTA,2016-11-03,public,"sra,fastq,run.zq","ncbi,gs,s3","gs.us-east1,ncbi.public,s3.us-east-1",SRX6924258,Canada,North America,Canada: Edmonton,Homo sapiens,Illumina MiSeq,feces,53.55 N 113.49 W,1F055W6,PAIRED,PCR,METAGENOMIC,human gut metagenome,ILLUMINA,2020-06-17T00:00:00Z,2019-09-30T13:43:00Z,1,Fisherbrand Commode Specimen Collection System,Genomic DNA isolated using Qiagen Stool Kit followed by Illumina MiSeq amplicon sequencing,1F055W6,feces,1F055W6,SRP223742,Week6,MCC (Control)
SRR10204292,AMPLICON,602,31697106,PRJNA564636,SAMN12718912,Metagenome or environmental,18357437,UNIVERSITY OF ALBERTA,2016-09-29,public,"fastq,run.zq,sra","gs,s3,ncbi","s3.us-east-1,ncbi.public,gs.us-east1",SRX6924257,Canada,North America,Canada: Edmonton,Homo sapiens,Illumina MiSeq,feces,53.55 N 113.49 W,1F055W1,PAIRED,PCR,METAGENOMIC,human gut metagenome,ILLUMINA,2020-06-17T00:00:00Z,2019-09-30T13:43:00Z,1,Fisherbrand Commode Specimen Collection System,Genomic DNA isolated using Qiagen Stool Kit followed by Illumina MiSeq amplicon sequencing,1F055W1,feces,1F055W1,SRP223742,Week1,MCC (Control)
SRR10204293,AMPLICON,602,20818966,PRJNA564636,SAMN12718896,Metagenome or environmental,11772727,UNIVERSITY OF ALBERTA,2016-09-21,public,"run.zq,sra,fastq","ncbi,s3,gs","s3.us-east-1,gs.us-east1,ncbi.public",SRX6924256,Canada,North America,Canada: Edmonton,Homo sapiens,Illumina MiSeq,feces,53.55 N 113.49 W,1F055BL,PAIRED,PCR,METAGENOMIC,human gut metagenome,ILLUMINA,2020-06-17T00:00:00Z,2019-09-30T13:43:00Z,1,Fisherbrand Commode Specimen Collection System,Genomic DNA isolated using Qiagen Stool Kit followed by Illumina MiSeq amplicon sequencing,1F055BL,feces,1F055BL,SRP223742,Baseline,MCC (Control)
SRR10204294,AMPLICON,602,29097068,PRJNA564636,SAMN12718880,Metagenome or environmental,16236464,UNIVERSITY OF ALBERTA,2016-10-19,public,"run.zq,fastq,sra","s3,gs,ncbi","ncbi.public,s3.us-east-1,gs.us-east1",SRX6924255,Canada,North America,Canada: Edmonton,Homo sapiens,Illumina MiSeq,feces,53.55 N 113.49 W,4F053W6,PAIRED,PCR,METAGENOMIC,human gut metagenome,ILLUMINA,2020-06-17T00:00:00Z,2019-09-30T13:43:00Z,1,Fisherbrand Commode Specimen Collection System,Genomic DNA isolated using Qiagen Stool Kit followed by Illumina MiSeq amplicon sequencing,4F053W6,feces,4F053W6,SRP223742,Week6,Arabinoxylan
SRR10204295,AMPLICON,602,41128640,PRJNA564636,SAMN12718865,Metagenome or environmental,23112104,UNIVERSITY OF ALBERTA,2016-09-15,public,"sra,run.zq,fastq","gs,ncbi,s3","ncbi.public,s3.us-east-1,gs.us-east1",SRX6924254,Canada,North America,Canada: Edmonton,Homo sapiens,Illumina MiSeq,feces,53.55 N 113.49 W,4F053W1,PAIRED,PCR,METAGENOMIC,human gut metagenome,ILLUMINA,2020-06-17T00:00:00Z,2019-09-30T13:43:00Z,1,Fisherbrand Commode Specimen Collection System,Genomic DNA isolated using Qiagen Stool Kit followed by Illumina MiSeq amplicon sequencing,4F053W1,feces,4F053W1,SRP223742,Week1,Arabinoxylan
SRR10204296,AMPLICON,602,24986612,PRJNA564636,SAMN12718850,Metagenome or environmental,15432926,UNIVERSITY OF ALBERTA,2016-09-08,public,"sra,fastq,run.zq","s3,gs,ncbi","gs.us-east1,s3.us-east-1,ncbi.public",SRX6924253,Canada,North America,Canada: Edmonton,Homo sapiens,Illumina MiSeq,feces,53.55 N 113.49 W,4F053BL,PAIRED,PCR,METAGENOMIC,human gut metagenome,ILLUMINA,2020-06-17T00:00:00Z,2019-09-30T13:43:00Z,1,Fisherbrand Commode Specimen Collection System,Genomic DNA isolated using Qiagen Stool Kit followed by Illumina MiSeq amplicon sequencing,4F053BL,feces,4F053BL,SRP223742,Baseline,Arabinoxylan
SRR10204297,AMPLICON,602,31359986,PRJNA564636,SAMN12718927,Metagenome or environmental,18232710,UNIVERSITY OF ALBERTA,2016-10-19,public,"run.zq,fastq,sra","ncbi,s3,gs","ncbi.public,s3.us-east-1,gs.us-east1",SRX6924252,Canada,North America,Canada: Edmonton,Homo sapiens,Illumina MiSeq,feces,53.55 N 113.49 W,1F051W6,PAIRED,PCR,METAGENOMIC,human gut metagenome,ILLUMINA,2020-06-17T00:00:00Z,2019-09-30T13:43:00Z,1,Fisherbrand Commode Specimen Collection System,Genomic DNA isolated using Qiagen Stool Kit followed by Illumina MiSeq amplicon sequencing,1F051W6,feces,1F051W6,SRP223742,Week6,MCC (Control)
SRR10204298,AMPLICON,602,33677084,PRJNA564636,SAMN12718919,Metagenome or environmental,20443819,UNIVERSITY OF ALBERTA,2016-03-10,public,"run.zq,sra,fastq","s3,gs,ncbi","s3.us-east-1,gs.us-east1,ncbi.public",SRX6924251,Canada,North America,Canada: Edmonton,Homo sapiens,Illumina MiSeq,feces,53.55 N 113.49 W,1F012W6,PAIRED,PCR,METAGENOMIC,human gut metagenome,ILLUMINA,2020-06-17T00:00:00Z,2019-09-30T13:43:00Z,1,Fisherbrand Commode Specimen Collection System,Genomic DNA isolated using Qiagen Stool Kit followed by Illumina MiSeq amplicon sequencing,1F012W6,feces,1F012W6,SRP223742,Week6,MCC (Control)
SRR10204299,AMPLICON,602,36678656,PRJNA564636,SAMN12718911,Metagenome or environmental,20590013,UNIVERSITY OF ALBERTA,2016-09-14,public,"sra,run.zq,fastq","gs,ncbi,s3","gs.us-east1,s3.us-east-1,ncbi.public",SRX6924250,Canada,North America,Canada: Edmonton,Homo sapiens,Illumina MiSeq,feces,53.55 N 113.49 W,1F051W1,PAIRED,PCR,METAGENOMIC,human gut metagenome,ILLUMINA,2020-06-17T00:00:00Z,2019-09-30T13:43:00Z,1,Fisherbrand Commode Specimen Collection System,Genomic DNA isolated using Qiagen Stool Kit followed by Illumina MiSeq amplicon sequencing,1F051W1,feces,1F051W1,SRP223742,Week1,MCC (Control)
SRR10204300,AMPLICON,602,14147602,PRJNA564636,SAMN12718895,Metagenome or environmental,9296169,UNIVERSITY OF ALBERTA,2016-09-06,public,"fastq,sra,run.zq","s3,gs,ncbi","s3.us-east-1,ncbi.public,gs.us-east1",SRX6924249,Canada,North America,Canada: Edmonton,Homo sapiens,Illumina MiSeq,feces,53.55 N 113.49 W,1F051BL,PAIRED,PCR,METAGENOMIC,human gut metagenome,ILLUMINA,2020-06-17T00:00:00Z,2019-09-30T13:43:00Z,1,Fisherbrand Commode Specimen Collection System,Genomic DNA isolated using Qiagen Stool Kit followed by Illumina MiSeq amplicon sequencing,1F051BL,feces,1F051BL,SRP223742,Baseline,MCC (Control)
SRR10204301,AMPLICON,602,24783136,PRJNA564636,SAMN12718872,Metagenome or environmental,14930329,UNIVERSITY OF ALBERTA,2015-12-08,public,"sra,run.zq,fastq","s3,gs,ncbi","ncbi.public,s3.us-east-1,gs.us-east1",SRX6924248,Canada,North America,Canada: Edmonton,Homo sapiens,Illumina MiSeq,feces,53.55 N 113.49 W,4F004W6,PAIRED,PCR,METAGENOMIC,human gut metagenome,ILLUMINA,2020-06-17T00:00:00Z,2019-09-30T13:43:00Z,1,Fisherbrand Commode Specimen Collection System,Genomic DNA isolated using Qiagen Stool Kit followed by Illumina MiSeq amplicon sequencing,4F004W6,feces,4F004W6,SRP223742,Week6,Arabinoxylan
SRR10204302,AMPLICON,602,17005296,PRJNA564636,SAMN12718857,Metagenome or environmental,10232036,UNIVERSITY OF ALBERTA,2015-11-02,public,"run.zq,fastq,sra","gs,s3,ncbi","ncbi.public,s3.us-east-1,gs.us-east1",SRX6924247,Canada,North America,Canada: Edmonton,Homo sapiens,Illumina MiSeq,feces,53.55 N 113.49 W,4F004W1,PAIRED,PCR,METAGENOMIC,human gut metagenome,ILLUMINA,2020-06-17T00:00:00Z,2019-09-30T13:43:00Z,1,Fisherbrand Commode Specimen Collection System,Genomic DNA isolated using Qiagen Stool Kit followed by Illumina MiSeq amplicon sequencing,4F004W1,feces,4F004W1,SRP223742,Week1,Arabinoxylan
SRR10204303,AMPLICON,602,22049454,PRJNA564636,SAMN12718842,Metagenome or environmental,13842021,UNIVERSITY OF ALBERTA,2015-10-26,public,"run.zq,fastq,sra","ncbi,gs,s3","s3.us-east-1,ncbi.public,gs.us-east1",SRX6924246,Canada,North America,Canada: Edmonton,Homo sapiens,Illumina MiSeq,feces,53.55 N 113.49 W,4F004BL,PAIRED,PCR,METAGENOMIC,human gut metagenome,ILLUMINA,2020-06-17T00:00:00Z,2019-09-30T13:44:00Z,1,Fisherbrand Commode Specimen Collection System,Genomic DNA isolated using Qiagen Stool Kit followed by Illumina MiSeq amplicon sequencing,4F004BL,feces,4F004BL,SRP223742,Baseline,Arabinoxylan
SRR10204304,AMPLICON,602,29528100,PRJNA564636,SAMN12718926,Metagenome or environmental,16662625,UNIVERSITY OF ALBERTA,2016-10-07,public,"run.zq,sra,fastq","s3,gs,ncbi","s3.us-east-1,gs.us-east1,ncbi.public",SRX6924245,Canada,North America,Canada: Edmonton,Homo sapiens,Illumina MiSeq,feces,53.55 N 113.49 W,1F049W6,PAIRED,PCR,METAGENOMIC,human gut metagenome,ILLUMINA,2020-06-17T00:00:00Z,2019-09-30T13:43:00Z,1,Fisherbrand Commode Specimen Collection System,Genomic DNA isolated using Qiagen Stool Kit followed by Illumina MiSeq amplicon sequencing,1F049W6,feces,1F049W6,SRP223742,Week6,MCC (Control)
SRR10204305,AMPLICON,602,26218906,PRJNA564636,SAMN12718910,Metagenome or environmental,15147119,UNIVERSITY OF ALBERTA,2016-09-01,public,"fastq,run.zq,sra","gs,ncbi,s3","s3.us-east-1,gs.us-east1,ncbi.public",SRX6924244,Canada,North America,Canada: Edmonton,Homo sapiens,Illumina MiSeq,feces,53.55 N 113.49 W,1F049W1,PAIRED,PCR,METAGENOMIC,human gut metagenome,ILLUMINA,2020-06-17T00:00:00Z,2019-09-30T13:43:00Z,1,Fisherbrand Commode Specimen Collection System,Genomic DNA isolated using Qiagen Stool Kit followed by Illumina MiSeq amplicon sequencing,1F049W1,feces,1F049W1,SRP223742,Week1,MCC (Control)
SRR10204306,AMPLICON,602,22259552,PRJNA564636,SAMN12718894,Metagenome or environmental,13422502,UNIVERSITY OF ALBERTA,2016-08-25,public,"run.zq,fastq,sra","gs,s3,ncbi","ncbi.public,gs.us-east1,s3.us-east-1",SRX6924243,Canada,North America,Canada: Edmonton,Homo sapiens,Illumina MiSeq,feces,53.55 N 113.49 W,1F049BL,PAIRED,PCR,METAGENOMIC,human gut metagenome,ILLUMINA,2020-06-17T00:00:00Z,2019-09-30T13:43:00Z,1,Fisherbrand Commode Specimen Collection System,Genomic DNA isolated using Qiagen Stool Kit followed by Illumina MiSeq amplicon sequencing,1F049BL,feces,1F049BL,SRP223742,Baseline,MCC (Control)
SRR10204307,AMPLICON,602,20905052,PRJNA564636,SAMN12718925,Metagenome or environmental,12623244,UNIVERSITY OF ALBERTA,2016-09-20,public,"run.zq,fastq,sra","ncbi,s3,gs","gs.us-east1,s3.us-east-1,ncbi.public",SRX6924242,Canada,North America,Canada: Edmonton,Homo sapiens,Illumina MiSeq,feces,53.55 N 113.49 W,1F045W6,PAIRED,PCR,METAGENOMIC,human gut metagenome,ILLUMINA,2020-06-17T00:00:00Z,2019-09-30T13:43:00Z,1,Fisherbrand Commode Specimen Collection System,Genomic DNA isolated using Qiagen Stool Kit followed by Illumina MiSeq amplicon sequencing,1F045W6,feces,1F045W6,SRP223742,Week6,MCC (Control)
SRR10204308,AMPLICON,602,35095998,PRJNA564636,SAMN12718909,Metagenome or environmental,19398731,UNIVERSITY OF ALBERTA,2016-08-15,public,"sra,fastq,run.zq","gs,ncbi,s3","ncbi.public,gs.us-east1,s3.us-east-1",SRX6924241,Canada,North America,Canada: Edmonton,Homo sapiens,Illumina MiSeq,feces,53.55 N 113.49 W,1F045W1,PAIRED,PCR,METAGENOMIC,human gut metagenome,ILLUMINA,2020-06-17T00:00:00Z,2019-09-30T13:44:00Z,1,Fisherbrand Commode Specimen Collection System,Genomic DNA isolated using Qiagen Stool Kit followed by Illumina MiSeq amplicon sequencing,1F045W1,feces,1F045W1,SRP223742,Week1,MCC (Control)
SRR10204309,AMPLICON,602,36385482,PRJNA564636,SAMN12718903,Metagenome or environmental,20824115,UNIVERSITY OF ALBERTA,2016-02-04,public,"fastq,run.zq,sra","gs,ncbi,s3","ncbi.public,gs.us-east1,s3.us-east-1",SRX6924240,Canada,North America,Canada: Edmonton,Homo sapiens,Illumina MiSeq,feces,53.55 N 113.49 W,1F012W1,PAIRED,PCR,METAGENOMIC,human gut metagenome,ILLUMINA,2020-06-17T00:00:00Z,2019-09-30T13:43:00Z,1,Fisherbrand Commode Specimen Collection System,Genomic DNA isolated using Qiagen Stool Kit followed by Illumina MiSeq amplicon sequencing,1F012W1,feces,1F012W1,SRP223742,Week1,MCC (Control)
SRR10204310,AMPLICON,602,49028084,PRJNA564636,SAMN12718893,Metagenome or environmental,27452541,UNIVERSITY OF ALBERTA,2016-08-08,public,"run.zq,fastq,sra","gs,ncbi,s3","gs.us-east1,ncbi.public,s3.us-east-1",SRX6924239,Canada,North America,Canada: Edmonton,Homo sapiens,Illumina MiSeq,feces,53.55 N 113.49 W,1F045BL,PAIRED,PCR,METAGENOMIC,human gut metagenome,ILLUMINA,2020-06-17T00:00:00Z,2019-09-30T13:43:00Z,1,Fisherbrand Commode Specimen Collection System,Genomic DNA isolated using Qiagen Stool Kit followed by Illumina MiSeq amplicon sequencing,1F045BL,feces,1F045BL,SRP223742,Baseline,MCC (Control)
SRR10204311,AMPLICON,602,32127536,PRJNA564636,SAMN12718879,Metagenome or environmental,18134258,UNIVERSITY OF ALBERTA,2016-09-14,public,"fastq,sra,run.zq","s3,gs,ncbi","ncbi.public,s3.us-east-1,gs.us-east1",SRX6924238,Canada,North America,Canada: Edmonton,Homo sapiens,Illumina MiSeq,feces,53.55 N 113.49 W,4F044W6,PAIRED,PCR,METAGENOMIC,human gut metagenome,ILLUMINA,2020-06-17T00:00:00Z,2019-09-30T13:44:00Z,1,Fisherbrand Commode Specimen Collection System,Genomic DNA isolated using Qiagen Stool Kit followed by Illumina MiSeq amplicon sequencing,4F044W6,feces,4F044W6,SRP223742,Week6,Arabinoxylan
SRR10204312,AMPLICON,602,29430576,PRJNA564636,SAMN12718864,Metagenome or environmental,17549617,UNIVERSITY OF ALBERTA,2016-08-10,public,"run.zq,sra,fastq","s3,gs,ncbi","s3.us-east-1,ncbi.public,gs.us-east1",SRX6924237,Canada,North America,Canada: Edmonton,Homo sapiens,Illumina MiSeq,feces,53.55 N 113.49 W,4F044W1,PAIRED,PCR,METAGENOMIC,human gut metagenome,ILLUMINA,2020-06-17T00:00:00Z,2019-09-30T13:44:00Z,1,Fisherbrand Commode Specimen Collection System,Genomic DNA isolated using Qiagen Stool Kit followed by Illumina MiSeq amplicon sequencing,4F044W1,feces,4F044W1,SRP223742,Week1,Arabinoxylan
SRR10204313,AMPLICON,602,28345170,PRJNA564636,SAMN12718849,Metagenome or environmental,16843197,UNIVERSITY OF ALBERTA,2016-08-02,public,"run.zq,fastq,sra","gs,ncbi,s3","s3.us-east-1,ncbi.public,gs.us-east1",SRX6924236,Canada,North America,Canada: Edmonton,Homo sapiens,Illumina MiSeq,feces,53.55 N 113.49 W,4F044BL,PAIRED,PCR,METAGENOMIC,human gut metagenome,ILLUMINA,2020-06-17T00:00:00Z,2019-09-30T13:44:00Z,1,Fisherbrand Commode Specimen Collection System,Genomic DNA isolated using Qiagen Stool Kit followed by Illumina MiSeq amplicon sequencing,4F044BL,feces,4F044BL,SRP223742,Baseline,Arabinoxylan
SRR10204314,AMPLICON,602,49788410,PRJNA564636,SAMN12718924,Metagenome or environmental,27997466,UNIVERSITY OF ALBERTA,2016-09-14,public,"fastq,run.zq,sra","ncbi,gs,s3","s3.us-east-1,gs.us-east1,ncbi.public",SRX6924235,Canada,North America,Canada: Edmonton,Homo sapiens,Illumina MiSeq,feces,53.55 N 113.49 W,1F043W6,PAIRED,PCR,METAGENOMIC,human gut metagenome,ILLUMINA,2020-06-17T00:00:00Z,2019-09-30T13:44:00Z,1,Fisherbrand Commode Specimen Collection System,Genomic DNA isolated using Qiagen Stool Kit followed by Illumina MiSeq amplicon sequencing,1F043W6,feces,1F043W6,SRP223742,Week6,MCC (Control)
SRR10204315,AMPLICON,602,29330042,PRJNA564636,SAMN12718908,Metagenome or environmental,17411057,UNIVERSITY OF ALBERTA,2016-08-11,public,"run.zq,fastq,sra","gs,ncbi,s3","ncbi.public,gs.us-east1,s3.us-east-1",SRX6924234,Canada,North America,Canada: Edmonton,Homo sapiens,Illumina MiSeq,feces,53.55 N 113.49 W,1F043W1,PAIRED,PCR,METAGENOMIC,human gut metagenome,ILLUMINA,2020-06-17T00:00:00Z,2019-09-30T13:44:00Z,1,Fisherbrand Commode Specimen Collection System,Genomic DNA isolated using Qiagen Stool Kit followed by Illumina MiSeq amplicon sequencing,1F043W1,feces,1F043W1,SRP223742,Week1,MCC (Control)
SRR10204316,AMPLICON,602,38966256,PRJNA564636,SAMN12718892,Metagenome or environmental,22124781,UNIVERSITY OF ALBERTA,2016-08-02,public,"fastq,run.zq,sra","ncbi,s3,gs","ncbi.public,s3.us-east-1,gs.us-east1",SRX6924233,Canada,North America,Canada: Edmonton,Homo sapiens,Illumina MiSeq,feces,53.55 N 113.49 W,1F043BL,PAIRED,PCR,METAGENOMIC,human gut metagenome,ILLUMINA,2020-06-17T00:00:00Z,2019-09-30T13:44:00Z,1,Fisherbrand Commode Specimen Collection System,Genomic DNA isolated using Qiagen Stool Kit followed by Illumina MiSeq amplicon sequencing,1F043BL,feces,1F043BL,SRP223742,Baseline,MCC (Control)
SRR10204317,AMPLICON,602,32765054,PRJNA564636,SAMN12718878,Metagenome or environmental,18585508,UNIVERSITY OF ALBERTA,2016-09-01,public,"sra,fastq,run.zq","gs,s3,ncbi","gs.us-east1,ncbi.public,s3.us-east-1",SRX6924232,Canada,North America,Canada: Edmonton,Homo sapiens,Illumina MiSeq,feces,53.55 N 113.49 W,4F042W6,PAIRED,PCR,METAGENOMIC,human gut metagenome,ILLUMINA,2020-06-17T00:00:00Z,2019-09-30T13:44:00Z,1,Fisherbrand Commode Specimen Collection System,Genomic DNA isolated using Qiagen Stool Kit followed by Illumina MiSeq amplicon sequencing,4F042W6,feces,4F042W6,SRP223742,Week6,Arabinoxylan
SRR10204318,AMPLICON,602,33876346,PRJNA564636,SAMN12718863,Metagenome or environmental,19799652,UNIVERSITY OF ALBERTA,2016-07-26,public,"run.zq,fastq,sra","s3,gs,ncbi","ncbi.public,s3.us-east-1,gs.us-east1",SRX6924231,Canada,North America,Canada: Edmonton,Homo sapiens,Illumina MiSeq,feces,53.55 N 113.49 W,4F042W1,PAIRED,PCR,METAGENOMIC,human gut metagenome,ILLUMINA,2020-06-17T00:00:00Z,2019-09-30T13:44:00Z,1,Fisherbrand Commode Specimen Collection System,Genomic DNA isolated using Qiagen Stool Kit followed by Illumina MiSeq amplicon sequencing,4F042W1,feces,4F042W1,SRP223742,Week1,Arabinoxylan
SRR10204319,AMPLICON,602,29906758,PRJNA564636,SAMN12718848,Metagenome or environmental,17458199,UNIVERSITY OF ALBERTA,2016-07-20,public,"fastq,sra,run.zq","gs,ncbi,s3","gs.us-east1,s3.us-east-1,ncbi.public",SRX6924230,Canada,North America,Canada: Edmonton,Homo sapiens,Illumina MiSeq,feces,53.55 N 113.49 W,4F042BL,PAIRED,PCR,METAGENOMIC,human gut metagenome,ILLUMINA,2020-06-17T00:00:00Z,2019-09-30T13:44:00Z,1,Fisherbrand Commode Specimen Collection System,Genomic DNA isolated using Qiagen Stool Kit followed by Illumina MiSeq amplicon sequencing,4F042BL,feces,4F042BL,SRP223742,Baseline,Arabinoxylan
SRR10204320,AMPLICON,602,26174960,PRJNA564636,SAMN12718887,Metagenome or environmental,15715700,UNIVERSITY OF ALBERTA,2016-01-26,public,"sra,run.zq,fastq","ncbi,s3,gs","s3.us-east-1,ncbi.public,gs.us-east1",SRX6924229,Canada,North America,Canada: Edmonton,Homo sapiens,Illumina MiSeq,feces,53.55 N 113.49 W,1F012BL,PAIRED,PCR,METAGENOMIC,human gut metagenome,ILLUMINA,2020-06-17T00:00:00Z,2019-09-30T13:44:00Z,1,Fisherbrand Commode Specimen Collection System,Genomic DNA isolated using Qiagen Stool Kit followed by Illumina MiSeq amplicon sequencing,1F012BL,feces,1F012BL,SRP223742,Baseline,MCC (Control)
SRR10204321,AMPLICON,602,40609114,PRJNA564636,SAMN12718923,Metagenome or environmental,23301473,UNIVERSITY OF ALBERTA,2016-08-06,public,"sra,fastq,run.zq","ncbi,s3,gs","ncbi.public,gs.us-east1,s3.us-east-1",SRX6924228,Canada,North America,Canada: Edmonton,Homo sapiens,Illumina MiSeq,feces,53.55 N 113.49 W,1F038W6,PAIRED,PCR,METAGENOMIC,human gut metagenome,ILLUMINA,2020-06-17T00:00:00Z,2019-09-30T13:44:00Z,1,Fisherbrand Commode Specimen Collection System,Genomic DNA isolated using Qiagen Stool Kit followed by Illumina MiSeq amplicon sequencing,1F038W6,feces,1F038W6,SRP223742,Week6,MCC (Control)
SRR10204322,AMPLICON,602,32890872,PRJNA564636,SAMN12718907,Metagenome or environmental,18916858,UNIVERSITY OF ALBERTA,2016-06-28,public,"fastq,run.zq,sra","ncbi,gs,s3","s3.us-east-1,gs.us-east1,ncbi.public",SRX6924227,Canada,North America,Canada: Edmonton,Homo sapiens,Illumina MiSeq,feces,53.55 N 113.49 W,1F038W1,PAIRED,PCR,METAGENOMIC,human gut metagenome,ILLUMINA,2020-06-17T00:00:00Z,2019-09-30T13:44:00Z,1,Fisherbrand Commode Specimen Collection System,Genomic DNA isolated using Qiagen Stool Kit followed by Illumina MiSeq amplicon sequencing,1F038W1,feces,1F038W1,SRP223742,Week1,MCC (Control)
SRR10204323,AMPLICON,602,29898330,PRJNA564636,SAMN12718891,Metagenome or environmental,18524347,UNIVERSITY OF ALBERTA,2016-06-21,public,"sra,run.zq,fastq","ncbi,gs,s3","s3.us-east-1,gs.us-east1,ncbi.public",SRX6924226,Canada,North America,Canada: Edmonton,Homo sapiens,Illumina MiSeq,feces,53.55 N 113.49 W,1F038BL,PAIRED,PCR,METAGENOMIC,human gut metagenome,ILLUMINA,2020-06-17T00:00:00Z,2019-09-30T13:44:00Z,1,Fisherbrand Commode Specimen Collection System,Genomic DNA isolated using Qiagen Stool Kit followed by Illumina MiSeq amplicon sequencing,1F038BL,feces,1F038BL,SRP223742,Baseline,MCC (Control)
SRR10204324,AMPLICON,602,23254658,PRJNA564636,SAMN12718877,Metagenome or environmental,14691220,UNIVERSITY OF ALBERTA,2016-07-19,public,"run.zq,sra,fastq","ncbi,s3,gs","gs.us-east1,s3.us-east-1,ncbi.public",SRX6924225,Canada,North America,Canada: Edmonton,Homo sapiens,Illumina MiSeq,feces,53.55 N 113.49 W,4F033W6,PAIRED,PCR,METAGENOMIC,human gut metagenome,ILLUMINA,2020-06-17T00:00:00Z,2019-09-30T13:44:00Z,1,Fisherbrand Commode Specimen Collection System,Genomic DNA isolated using Qiagen Stool Kit followed by Illumina MiSeq amplicon sequencing,4F033W6,feces,4F033W6,SRP223742,Week6,Arabinoxylan
SRR10204325,AMPLICON,602,35318136,PRJNA564636,SAMN12718862,Metagenome or environmental,20644214,UNIVERSITY OF ALBERTA,2016-06-14,public,"sra,fastq,run.zq","ncbi,gs,s3","s3.us-east-1,gs.us-east1,ncbi.public",SRX6924224,Canada,North America,Canada: Edmonton,Homo sapiens,Illumina MiSeq,feces,53.55 N 113.49 W,4F033W1,PAIRED,PCR,METAGENOMIC,human gut metagenome,ILLUMINA,2020-06-17T00:00:00Z,2019-09-30T13:44:00Z,1,Fisherbrand Commode Specimen Collection System,Genomic DNA isolated using Qiagen Stool Kit followed by Illumina MiSeq amplicon sequencing,4F033W1,feces,4F033W1,SRP223742,Week1,Arabinoxylan
SRR10204326,AMPLICON,602,30710428,PRJNA564636,SAMN12718847,Metagenome or environmental,18551497,UNIVERSITY OF ALBERTA,2016-06-07,public,"run.zq,fastq,sra","gs,ncbi,s3","ncbi.public,gs.us-east1,s3.us-east-1",SRX6924223,Canada,North America,Canada: Edmonton,Homo sapiens,Illumina MiSeq,feces,53.55 N 113.49 W,4F033BL,PAIRED,PCR,METAGENOMIC,human gut metagenome,ILLUMINA,2020-06-17T00:00:00Z,2019-09-30T13:44:00Z,1,Fisherbrand Commode Specimen Collection System,Genomic DNA isolated using Qiagen Stool Kit followed by Illumina MiSeq amplicon sequencing,4F033BL,feces,4F033BL,SRP223742,Baseline,Arabinoxylan
SRR10204327,AMPLICON,602,25061862,PRJNA564636,SAMN12718922,Metagenome or environmental,15616514,UNIVERSITY OF ALBERTA,2016-07-13,public,"fastq,run.zq,sra","ncbi,gs,s3","ncbi.public,gs.us-east1,s3.us-east-1",SRX6924222,Canada,North America,Canada: Edmonton,Homo sapiens,Illumina MiSeq,feces,53.55 N 113.49 W,1F030W6,PAIRED,PCR,METAGENOMIC,human gut metagenome,ILLUMINA,2020-06-17T00:00:00Z,2019-09-30T13:44:00Z,1,Fisherbrand Commode Specimen Collection System,Genomic DNA isolated using Qiagen Stool Kit followed by Illumina MiSeq amplicon sequencing,1F030W6,feces,1F030W6,SRP223742,Week6,MCC (Control)
SRR10204328,AMPLICON,602,33391134,PRJNA564636,SAMN12718906,Metagenome or environmental,19263038,UNIVERSITY OF ALBERTA,2016-06-08,public,"run.zq,fastq,sra","gs,ncbi,s3","ncbi.public,s3.us-east-1,gs.us-east1",SRX6924221,Canada,North America,Canada: Edmonton,Homo sapiens,Illumina MiSeq,feces,53.55 N 113.49 W,1F030W1,PAIRED,PCR,METAGENOMIC,human gut metagenome,ILLUMINA,2020-06-17T00:00:00Z,2019-09-30T13:44:00Z,1,Fisherbrand Commode Specimen Collection System,Genomic DNA isolated using Qiagen Stool Kit followed by Illumina MiSeq amplicon sequencing,1F030W1,feces,1F030W1,SRP223742,Week1,MCC (Control)
SRR10204329,AMPLICON,602,37313164,PRJNA564636,SAMN12718890,Metagenome or environmental,21450538,UNIVERSITY OF ALBERTA,2016-06-01,public,"run.zq,fastq,sra","gs,ncbi,s3","s3.us-east-1,ncbi.public,gs.us-east1",SRX6924220,Canada,North America,Canada: Edmonton,Homo sapiens,Illumina MiSeq,feces,53.55 N 113.49 W,1F030BL,PAIRED,PCR,METAGENOMIC,human gut metagenome,ILLUMINA,2020-06-17T00:00:00Z,2019-09-30T13:44:00Z,1,Fisherbrand Commode Specimen Collection System,Genomic DNA isolated using Qiagen Stool Kit followed by Illumina MiSeq amplicon sequencing,1F030BL,feces,1F030BL,SRP223742,Baseline,MCC (Control)
SRR10204330,AMPLICON,602,34667976,PRJNA564636,SAMN12718876,Metagenome or environmental,20240556,UNIVERSITY OF ALBERTA,2016-07-19,public,"fastq,sra,run.zq","s3,ncbi,gs","gs.us-east1,ncbi.public,s3.us-east-1",SRX6924219,Canada,North America,Canada: Edmonton,Homo sapiens,Illumina MiSeq,feces,53.55 N 113.49 W,4F029W6,PAIRED,PCR,METAGENOMIC,human gut metagenome,ILLUMINA,2020-06-17T00:00:00Z,2019-09-30T13:44:00Z,1,Fisherbrand Commode Specimen Collection System,Genomic DNA isolated using Qiagen Stool Kit followed by Illumina MiSeq amplicon sequencing,4F029W6,feces,4F029W6,SRP223742,Week6,Arabinoxylan
SRR10204331,AMPLICON,602,18537386,PRJNA564636,SAMN12718874,Metagenome or environmental,11900385,UNIVERSITY OF ALBERTA,2016-03-09,public,"fastq,run.zq,sra","gs,s3,ncbi","gs.us-east1,s3.us-east-1,ncbi.public",SRX6924218,Canada,North America,Canada: Edmonton,Homo sapiens,Illumina MiSeq,feces,53.55 N 113.49 W,4F011W6,PAIRED,PCR,METAGENOMIC,human gut metagenome,ILLUMINA,2020-06-17T00:00:00Z,2019-09-30T13:44:00Z,1,Fisherbrand Commode Specimen Collection System,Genomic DNA isolated using Qiagen Stool Kit followed by Illumina MiSeq amplicon sequencing,4F011W6,feces,4F011W6,SRP223742,Week6,Arabinoxylan
SRR10204332,AMPLICON,602,26176164,PRJNA564636,SAMN12718861,Metagenome or environmental,15906564,UNIVERSITY OF ALBERTA,2016-06-10,public,"sra,fastq,run.zq","ncbi,s3,gs","gs.us-east1,ncbi.public,s3.us-east-1",SRX6924217,Canada,North America,Canada: Edmonton,Homo sapiens,Illumina MiSeq,feces,53.55 N 113.49 W,4F029W1,PAIRED,PCR,METAGENOMIC,human gut metagenome,ILLUMINA,2020-06-17T00:00:00Z,2019-09-30T13:44:00Z,1,Fisherbrand Commode Specimen Collection System,Genomic DNA isolated using Qiagen Stool Kit followed by Illumina MiSeq amplicon sequencing,4F029W1,feces,4F029W1,SRP223742,Week1,Arabinoxylan
SRR10204333,AMPLICON,602,26049142,PRJNA564636,SAMN12718846,Metagenome or environmental,15761743,UNIVERSITY OF ALBERTA,2016-06-02,public,"fastq,sra,run.zq","gs,s3,ncbi","s3.us-east-1,ncbi.public,gs.us-east1",SRX6924216,Canada,North America,Canada: Edmonton,Homo sapiens,Illumina MiSeq,feces,53.55 N 113.49 W,4F029BL,PAIRED,PCR,METAGENOMIC,human gut metagenome,ILLUMINA,2020-06-17T00:00:00Z,2019-09-30T13:44:00Z,1,Fisherbrand Commode Specimen Collection System,Genomic DNA isolated using Qiagen Stool Kit followed by Illumina MiSeq amplicon sequencing,4F029BL,feces,4F029BL,SRP223742,Baseline,Arabinoxylan
SRR10204334,AMPLICON,602,36144682,PRJNA564636,SAMN12718921,Metagenome or environmental,20005473,UNIVERSITY OF ALBERTA,2016-06-28,public,"fastq,run.zq,sra","gs,ncbi,s3","ncbi.public,gs.us-east1,s3.us-east-1",SRX6924215,Canada,North America,Canada: Edmonton,Homo sapiens,Illumina MiSeq,feces,53.55 N 113.49 W,1F026W6,PAIRED,PCR,METAGENOMIC,human gut metagenome,ILLUMINA,2020-06-17T00:00:00Z,2019-09-30T13:44:00Z,1,Fisherbrand Commode Specimen Collection System,Genomic DNA isolated using Qiagen Stool Kit followed by Illumina MiSeq amplicon sequencing,1F026W6,feces,1F026W6,SRP223742,Week6,MCC (Control)
SRR10204335,AMPLICON,602,36374044,PRJNA564636,SAMN12718905,Metagenome or environmental,20414794,UNIVERSITY OF ALBERTA,2016-05-27,public,"fastq,run.zq,sra","s3,gs,ncbi","gs.us-east1,s3.us-east-1,ncbi.public",SRX6924214,Canada,North America,Canada: Edmonton,Homo sapiens,Illumina MiSeq,feces,53.55 N 113.49 W,1F026W1,PAIRED,PCR,METAGENOMIC,human gut metagenome,ILLUMINA,2020-06-17T00:00:00Z,2019-09-30T13:44:00Z,1,Fisherbrand Commode Specimen Collection System,Genomic DNA isolated using Qiagen Stool Kit followed by Illumina MiSeq amplicon sequencing,1F026W1,feces,1F026W1,SRP223742,Week1,MCC (Control)
SRR10204336,AMPLICON,602,24464678,PRJNA564636,SAMN12718889,Metagenome or environmental,14870069,UNIVERSITY OF ALBERTA,2016-05-20,public,"sra,run.zq,fastq","s3,ncbi,gs","ncbi.public,gs.us-east1,s3.us-east-1",SRX6924213,Canada,North America,Canada: Edmonton,Homo sapiens,Illumina MiSeq,feces,53.55 N 113.49 W,1F026BL,PAIRED,PCR,METAGENOMIC,human gut metagenome,ILLUMINA,2020-06-17T00:00:00Z,2019-09-30T13:44:00Z,1,Fisherbrand Commode Specimen Collection System,Genomic DNA isolated using Qiagen Stool Kit followed by Illumina MiSeq amplicon sequencing,1F026BL,feces,1F026BL,SRP223742,Baseline,MCC (Control)
SRR10204337,AMPLICON,602,27538490,PRJNA564636,SAMN12718875,Metagenome or environmental,15992169,UNIVERSITY OF ALBERTA,2016-05-25,public,"run.zq,fastq,sra","gs,s3,ncbi","ncbi.public,s3.us-east-1,gs.us-east1",SRX6924212,Canada,North America,Canada: Edmonton,Homo sapiens,Illumina MiSeq,feces,53.55 N 113.49 W,4F023W6,PAIRED,PCR,METAGENOMIC,human gut metagenome,ILLUMINA,2020-06-17T00:00:00Z,2019-09-30T13:44:00Z,1,Fisherbrand Commode Specimen Collection System,Genomic DNA isolated using Qiagen Stool Kit followed by Illumina MiSeq amplicon sequencing,4F023W6,feces,4F023W6,SRP223742,Week6,Arabinoxylan
SRR10204338,AMPLICON,602,49421792,PRJNA564636,SAMN12718860,Metagenome or environmental,27784397,UNIVERSITY OF ALBERTA,2016-04-21,public,"run.zq,sra,fastq","ncbi,gs,s3","gs.us-east1,ncbi.public,s3.us-east-1",SRX6924211,Canada,North America,Canada: Edmonton,Homo sapiens,Illumina MiSeq,feces,53.55 N 113.49 W,4F023W1,PAIRED,PCR,METAGENOMIC,human gut metagenome,ILLUMINA,2020-06-17T00:00:00Z,2019-09-30T13:44:00Z,1,Fisherbrand Commode Specimen Collection System,Genomic DNA isolated using Qiagen Stool Kit followed by Illumina MiSeq amplicon sequencing,4F023W1,feces,4F023W1,SRP223742,Week1,Arabinoxylan
SRR10204339,AMPLICON,602,31106544,PRJNA564636,SAMN12718845,Metagenome or environmental,18567064,UNIVERSITY OF ALBERTA,2016-04-12,public,"run.zq,sra,fastq","ncbi,s3,gs","ncbi.public,gs.us-east1,s3.us-east-1",SRX6924210,Canada,North America,Canada: Edmonton,Homo sapiens,Illumina MiSeq,feces,53.55 N 113.49 W,4F023BL,PAIRED,PCR,METAGENOMIC,human gut metagenome,ILLUMINA,2020-06-17T00:00:00Z,2019-09-30T13:44:00Z,1,Fisherbrand Commode Specimen Collection System,Genomic DNA isolated using Qiagen Stool Kit followed by Illumina MiSeq amplicon sequencing,4F023BL,feces,4F023BL,SRP223742,Baseline,Arabinoxylan
SRR10204340,AMPLICON,602,42858788,PRJNA564636,SAMN12718871,Metagenome or environmental,24105342,UNIVERSITY OF ALBERTA,2015-11-05,public,"run.zq,sra,fastq","gs,s3,ncbi","ncbi.public,s3.us-east-1,gs.us-east1",SRX6924209,Canada,North America,Canada: Edmonton,Homo sapiens,Illumina MiSeq,feces,53.55 N 113.49 W,4F001W6,PAIRED,PCR,METAGENOMIC,human gut metagenome,ILLUMINA,2020-06-17T00:00:00Z,2019-09-30T13:44:00Z,1,Fisherbrand Commode Specimen Collection System,Genomic DNA isolated using Qiagen Stool Kit followed by Illumina MiSeq amplicon sequencing,4F001W6,feces,4F001W6,SRP223742,Week6,Arabinoxylan
SRR10204341,AMPLICON,602,40570586,PRJNA564636,SAMN12718856,Metagenome or environmental,23020514,UNIVERSITY OF ALBERTA,2015-10-01,public,"run.zq,fastq,sra","gs,s3,ncbi","ncbi.public,s3.us-east-1,gs.us-east1",SRX6924208,Canada,North America,Canada: Edmonton,Homo sapiens,Illumina MiSeq,feces,53.55 N 113.49 W,4F001W1,PAIRED,PCR,METAGENOMIC,human gut metagenome,ILLUMINA,2020-06-17T00:00:00Z,2019-09-30T13:44:00Z,1,Fisherbrand Commode Specimen Collection System,Genomic DNA isolated using Qiagen Stool Kit followed by Illumina MiSeq amplicon sequencing,4F001W1,feces,4F001W1,SRP223742,Week1,Arabinoxylan
SRR10204342,AMPLICON,602,36206688,PRJNA564636,SAMN12718859,Metagenome or environmental,20195524,UNIVERSITY OF ALBERTA,2016-02-02,public,"run.zq,fastq,sra","s3,gs,ncbi","gs.us-east1,ncbi.public,s3.us-east-1",SRX6924207,Canada,North America,Canada: Edmonton,Homo sapiens,Illumina MiSeq,feces,53.55 N 113.49 W,4F011W1,PAIRED,PCR,METAGENOMIC,human gut metagenome,ILLUMINA,2020-06-17T00:00:00Z,2019-09-30T13:44:00Z,1,Fisherbrand Commode Specimen Collection System,Genomic DNA isolated using Qiagen Stool Kit followed by Illumina MiSeq amplicon sequencing,4F011W1,feces,4F011W1,SRP223742,Week1,Arabinoxylan
SRR10204343,AMPLICON,602,27389796,PRJNA564636,SAMN12718844,Metagenome or environmental,16085213,UNIVERSITY OF ALBERTA,2016-01-26,public,"sra,fastq,run.zq","s3,gs,ncbi","gs.us-east1,s3.us-east-1,ncbi.public",SRX6924206,Canada,North America,Canada: Edmonton,Homo sapiens,Illumina MiSeq,feces,53.55 N 113.49 W,4F011BL,PAIRED,PCR,METAGENOMIC,human gut metagenome,ILLUMINA,2020-06-17T00:00:00Z,2019-09-30T13:44:00Z,1,Fisherbrand Commode Specimen Collection System,Genomic DNA isolated using Qiagen Stool Kit followed by Illumina MiSeq amplicon sequencing,4F011BL,feces,4F011BL,SRP223742,Baseline,Arabinoxylan
