Run,Assay Type,AvgSpotLen,Bases,BioProject,BioSample,BioSampleModel,Bytes,Center Name,Collection_Date,Consent,DATASTORE filetype,DATASTORE provider,DATASTORE region,Experiment,Filename,geo_loc_name_country,geo_loc_name_country_continent,geo_loc_name,HOST,Instrument,isolation_source,lat_lon,Library Name,LibraryLayout,LibrarySelection,LibrarySource,Organism,Platform,ReleaseDate,create_date,version,Sample Name,SRA Study
SRR13759185,WGS,300,5066022600,PRJNA703757,SAMN18023246,Metagenome or environmental,1682783647,HANS KNOLL INSTITUTE,2017,public,"fastq,sra,run.zq","gs,ncbi,s3","s3.us-east-1,ncbi.public,gs.us-east1",SRX10146111,CS196V5,China,Asia,China: Shanghai,Homo sapiens,Illumina NovaSeq 6000,feces,31.1883 N 121.4368 E,CS196V5,PAIRED,cDNA,METAGENOMIC,gut metagenome,ILLUMINA,2021-12-31T00:00:00Z,2021-02-22T04:02:00Z,1,CS196V5,SRP307400
SRR13759186,WGS,300,6379817700,PRJNA703757,SAMN18023245,Metagenome or environmental,2146451208,HANS KNOLL INSTITUTE,2017,public,"fastq,sra,run.zq","ncbi,gs,s3","ncbi.public,gs.us-east1,s3.us-east-1",SRX10146110,CS196V1,China,Asia,China: Shanghai,Homo sapiens,Illumina NovaSeq 6000,feces,31.1883 N 121.4368 E,CS196V1,PAIRED,cDNA,METAGENOMIC,gut metagenome,ILLUMINA,2021-12-31T00:00:00Z,2021-02-22T04:16:00Z,1,CS196V1,SRP307400
SRR13759187,WGS,300,4637424300,PRJNA703757,SAMN18023244,Metagenome or environmental,1539972152,HANS KNOLL INSTITUTE,2017,public,"sra,fastq,run.zq","gs,ncbi,s3","ncbi.public,gs.us-east1,s3.us-east-1",SRX10146109,CS194V5,China,Asia,China: Shanghai,Homo sapiens,Illumina NovaSeq 6000,feces,31.1883 N 121.4368 E,CS194V5,PAIRED,cDNA,METAGENOMIC,gut metagenome,ILLUMINA,2021-12-31T00:00:00Z,2021-02-22T04:02:00Z,1,CS194V5,SRP307400
SRR13759188,WGS,300,7842003600,PRJNA703757,SAMN18023243,Metagenome or environmental,2599125649,HANS KNOLL INSTITUTE,2017,public,"fastq,sra,run.zq","s3,ncbi,gs","gs.us-east1,s3.us-east-1,ncbi.public",SRX10146108,CS194V1,China,Asia,China: Shanghai,Homo sapiens,Illumina NovaSeq 6000,feces,31.1883 N 121.4368 E,CS194V1,PAIRED,cDNA,METAGENOMIC,gut metagenome,ILLUMINA,2021-12-31T00:00:00Z,2021-02-22T04:10:00Z,1,CS194V1,SRP307400
SRR13759189,WGS,300,5806035000,PRJNA703757,SAMN18023242,Metagenome or environmental,1913338704,HANS KNOLL INSTITUTE,2017,public,"sra,run.zq,fastq","gs,s3,ncbi","s3.us-east-1,gs.us-east1,ncbi.public",SRX10146107,CS192V5,China,Asia,China: Shanghai,Homo sapiens,Illumina NovaSeq 6000,feces,31.1883 N 121.4368 E,CS192V5,PAIRED,cDNA,METAGENOMIC,gut metagenome,ILLUMINA,2021-12-31T00:00:00Z,2021-02-22T04:14:00Z,1,CS192V5,SRP307400
SRR13759190,WGS,300,7077840000,PRJNA703757,SAMN18023241,Metagenome or environmental,2338389301,HANS KNOLL INSTITUTE,2017,public,"run.zq,sra,fastq","s3,gs,ncbi","s3.us-east-1,ncbi.public,gs.us-east1",SRX10146106,CS192V1,China,Asia,China: Shanghai,Homo sapiens,Illumina NovaSeq 6000,feces,31.1883 N 121.4368 E,CS192V1,PAIRED,cDNA,METAGENOMIC,gut metagenome,ILLUMINA,2021-12-31T00:00:00Z,2021-02-22T04:19:00Z,1,CS192V1,SRP307400
SRR13759191,WGS,300,7154668200,PRJNA703757,SAMN18023240,Metagenome or environmental,2357188448,HANS KNOLL INSTITUTE,2017,public,"run.zq,sra,fastq","ncbi,gs,s3","s3.us-east-1,ncbi.public,gs.us-east1",SRX10146105,CS191V5,China,Asia,China: Shanghai,Homo sapiens,Illumina NovaSeq 6000,feces,31.1883 N 121.4368 E,CS191V5,PAIRED,cDNA,METAGENOMIC,gut metagenome,ILLUMINA,2021-12-31T00:00:00Z,2021-02-22T04:11:00Z,1,CS191V5,SRP307400
SRR13759192,WGS,300,5247495900,PRJNA703757,SAMN18023239,Metagenome or environmental,1761646830,HANS KNOLL INSTITUTE,2017,public,"sra,fastq,run.zq","gs,ncbi,s3","s3.us-east-1,gs.us-east1,ncbi.public",SRX10146104,CS191V1,China,Asia,China: Shanghai,Homo sapiens,Illumina NovaSeq 6000,feces,31.1883 N 121.4368 E,CS191V1,PAIRED,cDNA,METAGENOMIC,gut metagenome,ILLUMINA,2021-12-31T00:00:00Z,2021-02-22T04:14:00Z,1,CS191V1,SRP307400
SRR13759193,WGS,300,4538955900,PRJNA703757,SAMN18023238,Metagenome or environmental,1534680151,HANS KNOLL INSTITUTE,2017,public,"sra,fastq,run.zq","gs,ncbi,s3","ncbi.public,gs.us-east1,s3.us-east-1",SRX10146103,CS188V5,China,Asia,China: Shanghai,Homo sapiens,Illumina NovaSeq 6000,feces,31.1883 N 121.4368 E,CS188V5,PAIRED,cDNA,METAGENOMIC,gut metagenome,ILLUMINA,2021-12-31T00:00:00Z,2021-02-22T04:14:00Z,1,CS188V5,SRP307400
SRR13759194,WGS,300,5037876900,PRJNA703757,SAMN18023237,Metagenome or environmental,1683912787,HANS KNOLL INSTITUTE,2017,public,"sra,fastq,run.zq","ncbi,gs,s3","gs.us-east1,ncbi.public,s3.us-east-1",SRX10146102,CS188V1,China,Asia,China: Shanghai,Homo sapiens,Illumina NovaSeq 6000,feces,31.1883 N 121.4368 E,CS188V1,PAIRED,cDNA,METAGENOMIC,gut metagenome,ILLUMINA,2021-12-31T00:00:00Z,2021-02-22T04:13:00Z,1,CS188V1,SRP307400
SRR13759195,WGS,300,6437473200,PRJNA703757,SAMN18023156,Metagenome or environmental,2108852193,HANS KNOLL INSTITUTE,2017,public,"sra,run.zq,fastq","ncbi,gs,s3","gs.us-east1,ncbi.public,s3.us-east-1",SRX10146101,CS022V5,China,Asia,China: Shanghai,Homo sapiens,Illumina NovaSeq 6000,feces,31.1883 N 121.4368 E,CS022V5,PAIRED,cDNA,METAGENOMIC,gut metagenome,ILLUMINA,2021-12-31T00:00:00Z,2021-02-22T04:11:00Z,1,CS022V5,SRP307400
SRR13759196,WGS,300,5131406100,PRJNA703757,SAMN18023236,Metagenome or environmental,1704198956,HANS KNOLL INSTITUTE,2017,public,"run.zq,fastq,sra","ncbi,s3,gs","ncbi.public,gs.us-east1,s3.us-east-1",SRX10146100,CS186V5,China,Asia,China: Shanghai,Homo sapiens,Illumina NovaSeq 6000,feces,31.1883 N 121.4368 E,CS186V5,PAIRED,cDNA,METAGENOMIC,gut metagenome,ILLUMINA,2021-12-31T00:00:00Z,2021-02-22T04:01:00Z,1,CS186V5,SRP307400
SRR13759197,WGS,300,5382222600,PRJNA703757,SAMN18023235,Metagenome or environmental,1765720213,HANS KNOLL INSTITUTE,2017,public,"run.zq,sra,fastq","s3,ncbi,gs","gs.us-east1,ncbi.public,s3.us-east-1",SRX10146099,CS186V1,China,Asia,China: Shanghai,Homo sapiens,Illumina NovaSeq 6000,feces,31.1883 N 121.4368 E,CS186V1,PAIRED,cDNA,METAGENOMIC,gut metagenome,ILLUMINA,2021-12-31T00:00:00Z,2021-02-22T04:06:00Z,1,CS186V1,SRP307400
SRR13759198,WGS,300,6060565800,PRJNA703757,SAMN18023234,Metagenome or environmental,2016009104,HANS KNOLL INSTITUTE,2017,public,"fastq,sra,run.zq","gs,ncbi,s3","s3.us-east-1,gs.us-east1,ncbi.public",SRX10146098,CS182V5,China,Asia,China: Shanghai,Homo sapiens,Illumina NovaSeq 6000,feces,31.1883 N 121.4368 E,CS182V5,PAIRED,cDNA,METAGENOMIC,gut metagenome,ILLUMINA,2021-12-31T00:00:00Z,2021-02-22T04:02:00Z,1,CS182V5,SRP307400
SRR13759199,WGS,300,5262542100,PRJNA703757,SAMN18023233,Metagenome or environmental,1746922227,HANS KNOLL INSTITUTE,2017,public,"fastq,run.zq,sra","gs,ncbi,s3","gs.us-east1,s3.us-east-1,ncbi.public",SRX10146097,CS182V1,China,Asia,China: Shanghai,Homo sapiens,Illumina NovaSeq 6000,feces,31.1883 N 121.4368 E,CS182V1,PAIRED,cDNA,METAGENOMIC,gut metagenome,ILLUMINA,2021-12-31T00:00:00Z,2021-02-22T04:03:00Z,1,CS182V1,SRP307400
SRR13759200,WGS,300,4858194000,PRJNA703757,SAMN18023232,Metagenome or environmental,1600726215,HANS KNOLL INSTITUTE,2017,public,"run.zq,fastq,sra","gs,ncbi,s3","s3.us-east-1,gs.us-east1,ncbi.public",SRX10146096,CS172V5,China,Asia,China: Shanghai,Homo sapiens,Illumina NovaSeq 6000,feces,31.1883 N 121.4368 E,CS172V5,PAIRED,cDNA,METAGENOMIC,gut metagenome,ILLUMINA,2021-12-31T00:00:00Z,2021-02-22T03:59:00Z,1,CS172V5,SRP307400
SRR13759201,WGS,300,6595076100,PRJNA703757,SAMN18023231,Metagenome or environmental,2165893382,HANS KNOLL INSTITUTE,2017,public,"run.zq,sra,fastq","gs,s3,ncbi","ncbi.public,s3.us-east-1,gs.us-east1",SRX10146095,CS172V1,China,Asia,China: Shanghai,Homo sapiens,Illumina NovaSeq 6000,feces,31.1883 N 121.4368 E,CS172V1,PAIRED,cDNA,METAGENOMIC,gut metagenome,ILLUMINA,2021-12-31T00:00:00Z,2021-02-22T04:01:00Z,1,CS172V1,SRP307400
SRR13759202,WGS,300,5387829000,PRJNA703757,SAMN18023230,Metagenome or environmental,1796096950,HANS KNOLL INSTITUTE,2017,public,"fastq,run.zq,sra","ncbi,s3,gs","gs.us-east1,s3.us-east-1,ncbi.public",SRX10146094,CS168V5,China,Asia,China: Shanghai,Homo sapiens,Illumina NovaSeq 6000,feces,31.1883 N 121.4368 E,CS168V5,PAIRED,cDNA,METAGENOMIC,gut metagenome,ILLUMINA,2021-12-31T00:00:00Z,2021-02-22T03:58:00Z,1,CS168V5,SRP307400
SRR13759203,WGS,300,5490354300,PRJNA703757,SAMN18023229,Metagenome or environmental,1803169657,HANS KNOLL INSTITUTE,2017,public,"sra,run.zq,fastq","s3,ncbi,gs","gs.us-east1,ncbi.public,s3.us-east-1",SRX10146093,CS168V1,China,Asia,China: Shanghai,Homo sapiens,Illumina NovaSeq 6000,feces,31.1883 N 121.4368 E,CS168V1,PAIRED,cDNA,METAGENOMIC,gut metagenome,ILLUMINA,2021-12-31T00:00:00Z,2021-02-22T04:11:00Z,1,CS168V1,SRP307400
SRR13759204,WGS,300,4724425200,PRJNA703757,SAMN18023228,Metagenome or environmental,1581600176,HANS KNOLL INSTITUTE,2017,public,"run.zq,fastq,sra","s3,ncbi,gs","gs.us-east1,s3.us-east-1,ncbi.public",SRX10146092,CS163V5,China,Asia,China: Shanghai,Homo sapiens,Illumina NovaSeq 6000,feces,31.1883 N 121.4368 E,CS163V5,PAIRED,cDNA,METAGENOMIC,gut metagenome,ILLUMINA,2021-12-31T00:00:00Z,2021-02-22T03:59:00Z,1,CS163V5,SRP307400
SRR13759205,WGS,300,4685135400,PRJNA703757,SAMN18023227,Metagenome or environmental,1551844444,HANS KNOLL INSTITUTE,2017,public,"fastq,sra,run.zq","gs,ncbi,s3","gs.us-east1,ncbi.public,s3.us-east-1",SRX10146091,CS163V1,China,Asia,China: Shanghai,Homo sapiens,Illumina NovaSeq 6000,feces,31.1883 N 121.4368 E,CS163V1,PAIRED,cDNA,METAGENOMIC,gut metagenome,ILLUMINA,2021-12-31T00:00:00Z,2021-02-22T04:05:00Z,1,CS163V1,SRP307400
SRR13759206,WGS,300,6551625600,PRJNA703757,SAMN18023155,Metagenome or environmental,2183591103,HANS KNOLL INSTITUTE,2017,public,"sra,fastq,run.zq","ncbi,gs,s3","ncbi.public,gs.us-east1,s3.us-east-1",SRX10146090,CS022V1,China,Asia,China: Shanghai,Homo sapiens,Illumina NovaSeq 6000,feces,31.1883 N 121.4368 E,CS022V1,PAIRED,cDNA,METAGENOMIC,gut metagenome,ILLUMINA,2021-12-31T00:00:00Z,2021-02-22T04:06:00Z,1,CS022V1,SRP307400
SRR13759207,WGS,300,5904842100,PRJNA703757,SAMN18023226,Metagenome or environmental,1951856886,HANS KNOLL INSTITUTE,2017,public,"sra,run.zq,fastq","ncbi,s3,gs","s3.us-east-1,gs.us-east1,ncbi.public",SRX10146089,CS161V5,China,Asia,China: Shanghai,Homo sapiens,Illumina NovaSeq 6000,feces,31.1883 N 121.4368 E,CS161V5,PAIRED,cDNA,METAGENOMIC,gut metagenome,ILLUMINA,2021-12-31T00:00:00Z,2021-02-22T04:01:00Z,1,CS161V5,SRP307400
SRR13759208,WGS,300,7079267700,PRJNA703757,SAMN18023225,Metagenome or environmental,2344684776,HANS KNOLL INSTITUTE,2017,public,"sra,fastq,run.zq","gs,ncbi,s3","gs.us-east1,s3.us-east-1,ncbi.public",SRX10146088,CS161V1,China,Asia,China: Shanghai,Homo sapiens,Illumina NovaSeq 6000,feces,31.1883 N 121.4368 E,CS161V1,PAIRED,cDNA,METAGENOMIC,gut metagenome,ILLUMINA,2021-12-31T00:00:00Z,2021-02-22T04:12:00Z,1,CS161V1,SRP307400
SRR13759209,WGS,300,5235767400,PRJNA703757,SAMN18023224,Metagenome or environmental,1726572669,HANS KNOLL INSTITUTE,2017,public,"run.zq,fastq,sra","s3,gs,ncbi","ncbi.public,gs.us-east1,s3.us-east-1",SRX10146087,CS148V5,China,Asia,China: Shanghai,Homo sapiens,Illumina NovaSeq 6000,feces,31.1883 N 121.4368 E,CS148V5,PAIRED,cDNA,METAGENOMIC,gut metagenome,ILLUMINA,2021-12-31T00:00:00Z,2021-02-22T03:58:00Z,1,CS148V5,SRP307400
SRR13759210,WGS,300,6455486100,PRJNA703757,SAMN18023223,Metagenome or environmental,2125233044,HANS KNOLL INSTITUTE,2017,public,"sra,run.zq,fastq","ncbi,gs,s3","s3.us-east-1,ncbi.public,gs.us-east1",SRX10146086,CS148V1,China,Asia,China: Shanghai,Homo sapiens,Illumina NovaSeq 6000,feces,31.1883 N 121.4368 E,CS148V1,PAIRED,cDNA,METAGENOMIC,gut metagenome,ILLUMINA,2021-12-31T00:00:00Z,2021-02-22T04:08:00Z,1,CS148V1,SRP307400
SRR13759211,WGS,300,5909712900,PRJNA703757,SAMN18023222,Metagenome or environmental,1941234859,HANS KNOLL INSTITUTE,2017,public,"sra,fastq,run.zq","gs,ncbi,s3","s3.us-east-1,ncbi.public,gs.us-east1",SRX10146085,CS136V5,China,Asia,China: Shanghai,Homo sapiens,Illumina NovaSeq 6000,feces,31.1883 N 121.4368 E,CS136V5,PAIRED,cDNA,METAGENOMIC,gut metagenome,ILLUMINA,2021-12-31T00:00:00Z,2021-02-22T04:00:00Z,1,CS136V5,SRP307400
SRR13759212,WGS,300,5022721800,PRJNA703757,SAMN18023221,Metagenome or environmental,1665718270,HANS KNOLL INSTITUTE,2017,public,"sra,run.zq,fastq","s3,ncbi,gs","gs.us-east1,ncbi.public,s3.us-east-1",SRX10146084,CS136V1,China,Asia,China: Shanghai,Homo sapiens,Illumina NovaSeq 6000,feces,31.1883 N 121.4368 E,CS136V1,PAIRED,cDNA,METAGENOMIC,gut metagenome,ILLUMINA,2021-12-31T00:00:00Z,2021-02-22T03:58:00Z,1,CS136V1,SRP307400
SRR13759213,WGS,300,5499894600,PRJNA703757,SAMN18023220,Metagenome or environmental,1824337032,HANS KNOLL INSTITUTE,2017,public,"fastq,sra,run.zq","s3,gs,ncbi","s3.us-east-1,ncbi.public,gs.us-east1",SRX10146083,CS135V5,China,Asia,China: Shanghai,Homo sapiens,Illumina NovaSeq 6000,feces,31.1883 N 121.4368 E,CS135V5,PAIRED,cDNA,METAGENOMIC,gut metagenome,ILLUMINA,2021-12-31T00:00:00Z,2021-02-22T04:01:00Z,1,CS135V5,SRP307400
SRR13759214,WGS,300,5167759800,PRJNA703757,SAMN18023219,Metagenome or environmental,1706145736,HANS KNOLL INSTITUTE,2017,public,"fastq,run.zq,sra","gs,s3,ncbi","s3.us-east-1,gs.us-east1,ncbi.public",SRX10146082,CS135V1,China,Asia,China: Shanghai,Homo sapiens,Illumina NovaSeq 6000,feces,31.1883 N 121.4368 E,CS135V1,PAIRED,cDNA,METAGENOMIC,gut metagenome,ILLUMINA,2021-12-31T00:00:00Z,2021-02-22T03:59:00Z,1,CS135V1,SRP307400
SRR13759215,WGS,300,5679687900,PRJNA703757,SAMN18023218,Metagenome or environmental,1843029384,HANS KNOLL INSTITUTE,2017,public,"sra,fastq,run.zq","s3,gs,ncbi","ncbi.public,s3.us-east-1,gs.us-east1",SRX10146081,CS134V5,China,Asia,China: Shanghai,Homo sapiens,Illumina NovaSeq 6000,feces,31.1883 N 121.4368 E,CS134V5,PAIRED,cDNA,METAGENOMIC,gut metagenome,ILLUMINA,2021-12-31T00:00:00Z,2021-02-22T04:02:00Z,1,CS134V5,SRP307400
SRR13759216,WGS,300,5497977300,PRJNA703757,SAMN18023217,Metagenome or environmental,1804123219,HANS KNOLL INSTITUTE,2017,public,"run.zq,sra,fastq","ncbi,gs,s3","gs.us-east1,s3.us-east-1,ncbi.public",SRX10146080,CS134V1,China,Asia,China: Shanghai,Homo sapiens,Illumina NovaSeq 6000,feces,31.1883 N 121.4368 E,CS134V1,PAIRED,cDNA,METAGENOMIC,gut metagenome,ILLUMINA,2021-12-31T00:00:00Z,2021-02-22T04:00:00Z,1,CS134V1,SRP307400
SRR13759217,WGS,300,7723983300,PRJNA703757,SAMN18023154,Metagenome or environmental,2531245842,HANS KNOLL INSTITUTE,2017,public,"run.zq,fastq,sra","s3,gs,ncbi","ncbi.public,gs.us-east1,s3.us-east-1",SRX10146079,CS021V5,China,Asia,China: Shanghai,Homo sapiens,Illumina NovaSeq 6000,feces,31.1883 N 121.4368 E,CS021V5,PAIRED,cDNA,METAGENOMIC,gut metagenome,ILLUMINA,2021-12-31T00:00:00Z,2021-02-22T04:17:00Z,1,CS021V5,SRP307400
SRR13759218,WGS,300,5591752200,PRJNA703757,SAMN18023216,Metagenome or environmental,1841732478,HANS KNOLL INSTITUTE,2017,public,"run.zq,sra,fastq","gs,ncbi,s3","s3.us-east-1,ncbi.public,gs.us-east1",SRX10146078,CS130V5,China,Asia,China: Shanghai,Homo sapiens,Illumina NovaSeq 6000,feces,31.1883 N 121.4368 E,CS130V5,PAIRED,cDNA,METAGENOMIC,gut metagenome,ILLUMINA,2021-12-31T00:00:00Z,2021-02-22T04:02:00Z,1,CS130V5,SRP307400
SRR13759219,WGS,300,5211898800,PRJNA703757,SAMN18023215,Metagenome or environmental,1760478912,HANS KNOLL INSTITUTE,2017,public,"run.zq,sra,fastq","ncbi,gs,s3","ncbi.public,gs.us-east1,s3.us-east-1",SRX10146077,CS130V1,China,Asia,China: Shanghai,Homo sapiens,Illumina NovaSeq 6000,feces,31.1883 N 121.4368 E,CS130V1,PAIRED,cDNA,METAGENOMIC,gut metagenome,ILLUMINA,2021-12-31T00:00:00Z,2021-02-22T04:03:00Z,1,CS130V1,SRP307400
SRR13759220,WGS,300,6004155000,PRJNA703757,SAMN18023214,Metagenome or environmental,1992603097,HANS KNOLL INSTITUTE,2017,public,"fastq,run.zq,sra","ncbi,s3,gs","ncbi.public,s3.us-east-1,gs.us-east1",SRX10146076,CS127V5,China,Asia,China: Shanghai,Homo sapiens,Illumina NovaSeq 6000,feces,31.1883 N 121.4368 E,CS127V5,PAIRED,cDNA,METAGENOMIC,gut metagenome,ILLUMINA,2021-12-31T00:00:00Z,2021-02-22T04:06:00Z,1,CS127V5,SRP307400
SRR13759221,WGS,300,6687644400,PRJNA703757,SAMN18023213,Metagenome or environmental,2186965442,HANS KNOLL INSTITUTE,2017,public,"run.zq,sra,fastq","s3,ncbi,gs","s3.us-east-1,gs.us-east1,ncbi.public",SRX10146075,CS127V1,China,Asia,China: Shanghai,Homo sapiens,Illumina NovaSeq 6000,feces,31.1883 N 121.4368 E,CS127V1,PAIRED,cDNA,METAGENOMIC,gut metagenome,ILLUMINA,2021-12-31T00:00:00Z,2021-02-22T04:00:00Z,1,CS127V1,SRP307400
SRR13759222,WGS,300,6073332300,PRJNA703757,SAMN18023212,Metagenome or environmental,2012707866,HANS KNOLL INSTITUTE,2017,public,"sra,run.zq,fastq","ncbi,gs,s3","s3.us-east-1,ncbi.public,gs.us-east1",SRX10146074,CS126V5,China,Asia,China: Shanghai,Homo sapiens,Illumina NovaSeq 6000,feces,31.1883 N 121.4368 E,CS126V5,PAIRED,cDNA,METAGENOMIC,gut metagenome,ILLUMINA,2021-12-31T00:00:00Z,2021-02-22T04:09:00Z,1,CS126V5,SRP307400
SRR13759223,WGS,300,5559381000,PRJNA703757,SAMN18023211,Metagenome or environmental,1842343848,HANS KNOLL INSTITUTE,2017,public,"sra,run.zq,fastq","s3,gs,ncbi","ncbi.public,gs.us-east1,s3.us-east-1",SRX10146073,CS126V1,China,Asia,China: Shanghai,Homo sapiens,Illumina NovaSeq 6000,feces,31.1883 N 121.4368 E,CS126V1,PAIRED,cDNA,METAGENOMIC,gut metagenome,ILLUMINA,2021-12-31T00:00:00Z,2021-02-22T04:05:00Z,1,CS126V1,SRP307400
SRR13759224,WGS,300,5957978100,PRJNA703757,SAMN18023210,Metagenome or environmental,1890012303,HANS KNOLL INSTITUTE,2017,public,"sra,fastq,run.zq","gs,ncbi,s3","s3.us-east-1,ncbi.public,gs.us-east1",SRX10146072,CS120V5,China,Asia,China: Shanghai,Homo sapiens,Illumina NovaSeq 6000,feces,31.1883 N 121.4368 E,CS120V5,PAIRED,cDNA,METAGENOMIC,gut metagenome,ILLUMINA,2021-12-31T00:00:00Z,2021-02-22T04:01:00Z,1,CS120V5,SRP307400
SRR13759225,WGS,300,5850133800,PRJNA703757,SAMN18023209,Metagenome or environmental,1849182040,HANS KNOLL INSTITUTE,2017,public,"sra,fastq,run.zq","ncbi,gs,s3","gs.us-east1,s3.us-east-1,ncbi.public",SRX10146071,CS120V1,China,Asia,China: Shanghai,Homo sapiens,Illumina NovaSeq 6000,feces,31.1883 N 121.4368 E,CS120V1,PAIRED,cDNA,METAGENOMIC,gut metagenome,ILLUMINA,2021-12-31T00:00:00Z,2021-02-22T04:03:00Z,1,CS120V1,SRP307400
SRR13759226,WGS,300,6082553700,PRJNA703757,SAMN18023208,Metagenome or environmental,2044837416,HANS KNOLL INSTITUTE,2017,public,"run.zq,sra,fastq","s3,ncbi,gs","s3.us-east-1,gs.us-east1,ncbi.public",SRX10146070,CS113V5,China,Asia,China: Shanghai,Homo sapiens,Illumina NovaSeq 6000,feces,31.1883 N 121.4368 E,CS113V5,PAIRED,cDNA,METAGENOMIC,gut metagenome,ILLUMINA,2021-12-31T00:00:00Z,2021-02-22T04:06:00Z,1,CS113V5,SRP307400
SRR13759227,WGS,300,5081560500,PRJNA703757,SAMN18023207,Metagenome or environmental,1673747174,HANS KNOLL INSTITUTE,2017,public,"sra,run.zq,fastq","ncbi,gs,s3","s3.us-east-1,gs.us-east1,ncbi.public",SRX10146069,CS113V1,China,Asia,China: Shanghai,Homo sapiens,Illumina NovaSeq 6000,feces,31.1883 N 121.4368 E,CS113V1,PAIRED,cDNA,METAGENOMIC,gut metagenome,ILLUMINA,2021-12-31T00:00:00Z,2021-02-22T04:00:00Z,1,CS113V1,SRP307400
SRR13759228,WGS,300,6176503500,PRJNA703757,SAMN18023153,Metagenome or environmental,1965422485,HANS KNOLL INSTITUTE,2017,public,"sra,fastq,run.zq","gs,s3,ncbi","s3.us-east-1,gs.us-east1,ncbi.public",SRX10146068,CS021V1,China,Asia,China: Shanghai,Homo sapiens,Illumina NovaSeq 6000,feces,31.1883 N 121.4368 E,CS021V1,PAIRED,cDNA,METAGENOMIC,gut metagenome,ILLUMINA,2021-12-31T00:00:00Z,2021-02-22T04:02:00Z,1,CS021V1,SRP307400
SRR13759229,WGS,300,6062647500,PRJNA703757,SAMN18023206,Metagenome or environmental,1977616527,HANS KNOLL INSTITUTE,2017,public,"sra,run.zq,fastq","ncbi,s3,gs","ncbi.public,s3.us-east-1,gs.us-east1",SRX10146067,CS108V5,China,Asia,China: Shanghai,Homo sapiens,Illumina NovaSeq 6000,feces,31.1883 N 121.4368 E,CS108V5,PAIRED,cDNA,METAGENOMIC,gut metagenome,ILLUMINA,2021-12-31T00:00:00Z,2021-02-22T04:11:00Z,1,CS108V5,SRP307400
SRR13759230,WGS,300,6215502300,PRJNA703757,SAMN18023205,Metagenome or environmental,2039263316,HANS KNOLL INSTITUTE,2017,public,"fastq,run.zq,sra","gs,ncbi,s3","s3.us-east-1,ncbi.public,gs.us-east1",SRX10146066,CS108V1,China,Asia,China: Shanghai,Homo sapiens,Illumina NovaSeq 6000,feces,31.1883 N 121.4368 E,CS108V1,PAIRED,cDNA,METAGENOMIC,gut metagenome,ILLUMINA,2021-12-31T00:00:00Z,2021-02-22T04:16:00Z,1,CS108V1,SRP307400
SRR13759231,WGS,300,5569287000,PRJNA703757,SAMN18023204,Metagenome or environmental,1846458128,HANS KNOLL INSTITUTE,2017,public,"run.zq,sra,fastq","gs,ncbi,s3","ncbi.public,s3.us-east-1,gs.us-east1",SRX10146065,CS106V5,China,Asia,China: Shanghai,Homo sapiens,Illumina NovaSeq 6000,feces,31.1883 N 121.4368 E,CS106V5,PAIRED,cDNA,METAGENOMIC,gut metagenome,ILLUMINA,2021-12-31T00:00:00Z,2021-02-22T04:00:00Z,1,CS106V5,SRP307400
SRR13759232,WGS,300,4840904700,PRJNA703757,SAMN18023203,Metagenome or environmental,1577863765,HANS KNOLL INSTITUTE,2017,public,"run.zq,sra,fastq","s3,ncbi,gs","gs.us-east1,s3.us-east-1,ncbi.public",SRX10146064,CS106V1,China,Asia,China: Shanghai,Homo sapiens,Illumina NovaSeq 6000,feces,31.1883 N 121.4368 E,CS106V1,PAIRED,cDNA,METAGENOMIC,gut metagenome,ILLUMINA,2021-12-31T00:00:00Z,2021-02-22T04:03:00Z,1,CS106V1,SRP307400
SRR13759233,WGS,300,4689525000,PRJNA703757,SAMN18023202,Metagenome or environmental,1550209640,HANS KNOLL INSTITUTE,2017,public,"sra,run.zq,fastq","s3,gs,ncbi","ncbi.public,gs.us-east1,s3.us-east-1",SRX10146063,CS104V5,China,Asia,China: Shanghai,Homo sapiens,Illumina NovaSeq 6000,feces,31.1883 N 121.4368 E,CS104V5,PAIRED,cDNA,METAGENOMIC,gut metagenome,ILLUMINA,2021-12-31T00:00:00Z,2021-02-22T04:18:00Z,1,CS104V5,SRP307400
SRR13759234,WGS,300,4622067600,PRJNA703757,SAMN18023201,Metagenome or environmental,1512757032,HANS KNOLL INSTITUTE,2017,public,"sra,run.zq,fastq","s3,ncbi,gs","ncbi.public,s3.us-east-1,gs.us-east1",SRX10146062,CS104V1,China,Asia,China: Shanghai,Homo sapiens,Illumina NovaSeq 6000,feces,31.1883 N 121.4368 E,CS104V1,PAIRED,cDNA,METAGENOMIC,gut metagenome,ILLUMINA,2021-12-31T00:00:00Z,2021-02-22T04:16:00Z,1,CS104V1,SRP307400
SRR13759235,WGS,300,5438921400,PRJNA703757,SAMN18023200,Metagenome or environmental,1738696163,HANS KNOLL INSTITUTE,2017,public,"run.zq,fastq,sra","ncbi,gs,s3","ncbi.public,s3.us-east-1,gs.us-east1",SRX10146061,CS099V5,China,Asia,China: Shanghai,Homo sapiens,Illumina NovaSeq 6000,feces,31.1883 N 121.4368 E,CS099V5,PAIRED,cDNA,METAGENOMIC,gut metagenome,ILLUMINA,2021-12-31T00:00:00Z,2021-02-22T04:01:00Z,1,CS099V5,SRP307400
SRR13759236,WGS,300,5398150800,PRJNA703757,SAMN18023199,Metagenome or environmental,1712066358,HANS KNOLL INSTITUTE,2017,public,"sra,fastq,run.zq","s3,ncbi,gs","s3.us-east-1,ncbi.public,gs.us-east1",SRX10146060,CS099V1,China,Asia,China: Shanghai,Homo sapiens,Illumina NovaSeq 6000,feces,31.1883 N 121.4368 E,CS099V1,PAIRED,cDNA,METAGENOMIC,gut metagenome,ILLUMINA,2021-12-31T00:00:00Z,2021-02-22T04:01:00Z,1,CS099V1,SRP307400
SRR13759237,WGS,300,5744772900,PRJNA703757,SAMN18023198,Metagenome or environmental,1868879956,HANS KNOLL INSTITUTE,2017,public,"fastq,sra,run.zq","s3,ncbi,gs","s3.us-east-1,ncbi.public,gs.us-east1",SRX10146059,CS097V5,China,Asia,China: Shanghai,Homo sapiens,Illumina NovaSeq 6000,feces,31.1883 N 121.4368 E,CS097V5,PAIRED,cDNA,METAGENOMIC,gut metagenome,ILLUMINA,2021-12-31T00:00:00Z,2021-02-22T04:03:00Z,1,CS097V5,SRP307400
SRR13759238,WGS,300,5921618100,PRJNA703757,SAMN18023197,Metagenome or environmental,1930371467,HANS KNOLL INSTITUTE,2017,public,"run.zq,sra,fastq","ncbi,s3,gs","gs.us-east1,s3.us-east-1,ncbi.public",SRX10146058,CS097V1,China,Asia,China: Shanghai,Homo sapiens,Illumina NovaSeq 6000,feces,31.1883 N 121.4368 E,CS097V1,PAIRED,cDNA,METAGENOMIC,gut metagenome,ILLUMINA,2021-12-31T00:00:00Z,2021-02-22T03:59:00Z,1,CS097V1,SRP307400
SRR13759239,WGS,300,6788516100,PRJNA703757,SAMN18023152,Metagenome or environmental,2363954455,HANS KNOLL INSTITUTE,2017,public,"fastq,sra,run.zq","gs,s3,ncbi","s3.us-east-1,gs.us-east1,ncbi.public",SRX10146057,CS015V5,China,Asia,China: Shanghai,Homo sapiens,Illumina NovaSeq 6000,feces,31.1883 N 121.4368 E,CS015V5,PAIRED,cDNA,METAGENOMIC,gut metagenome,ILLUMINA,2021-12-31T00:00:00Z,2021-02-22T04:08:00Z,1,CS015V5,SRP307400
SRR13759240,WGS,300,6103837800,PRJNA703757,SAMN18023196,Metagenome or environmental,2008567642,HANS KNOLL INSTITUTE,2017,public,"fastq,run.zq,sra","ncbi,s3,gs","ncbi.public,gs.us-east1,s3.us-east-1",SRX10146056,CS094V5,China,Asia,China: Shanghai,Homo sapiens,Illumina NovaSeq 6000,feces,31.1883 N 121.4368 E,CS094V5,PAIRED,cDNA,METAGENOMIC,gut metagenome,ILLUMINA,2021-12-31T00:00:00Z,2021-02-22T04:01:00Z,1,CS094V5,SRP307400
SRR13759241,WGS,300,6502355400,PRJNA703757,SAMN18023195,Metagenome or environmental,2124180220,HANS KNOLL INSTITUTE,2017,public,"fastq,run.zq,sra","gs,ncbi,s3","gs.us-east1,ncbi.public,s3.us-east-1",SRX10146055,CS094V1,China,Asia,China: Shanghai,Homo sapiens,Illumina NovaSeq 6000,feces,31.1883 N 121.4368 E,CS094V1,PAIRED,cDNA,METAGENOMIC,gut metagenome,ILLUMINA,2021-12-31T00:00:00Z,2021-02-22T04:07:00Z,1,CS094V1,SRP307400
SRR13759242,WGS,300,6575519100,PRJNA703757,SAMN18023194,Metagenome or environmental,2156002893,HANS KNOLL INSTITUTE,2017,public,"sra,fastq,run.zq","gs,ncbi,s3","ncbi.public,s3.us-east-1,gs.us-east1",SRX10146054,CS092V5,China,Asia,China: Shanghai,Homo sapiens,Illumina NovaSeq 6000,feces,31.1883 N 121.4368 E,CS092V5,PAIRED,cDNA,METAGENOMIC,gut metagenome,ILLUMINA,2021-12-31T00:00:00Z,2021-02-22T04:13:00Z,1,CS092V5,SRP307400
SRR13759243,WGS,300,5631585900,PRJNA703757,SAMN18023193,Metagenome or environmental,1834871838,HANS KNOLL INSTITUTE,2017,public,"run.zq,sra,fastq","gs,ncbi,s3","gs.us-east1,ncbi.public,s3.us-east-1",SRX10146053,CS092V1,China,Asia,China: Shanghai,Homo sapiens,Illumina NovaSeq 6000,feces,31.1883 N 121.4368 E,CS092V1,PAIRED,cDNA,METAGENOMIC,gut metagenome,ILLUMINA,2021-12-31T00:00:00Z,2021-02-22T04:15:00Z,1,CS092V1,SRP307400
SRR13759244,WGS,300,6320022600,PRJNA703757,SAMN18023192,Metagenome or environmental,2085337823,HANS KNOLL INSTITUTE,2017,public,"run.zq,fastq,sra","ncbi,gs,s3","ncbi.public,s3.us-east-1,gs.us-east1",SRX10146052,CS091V5,China,Asia,China: Shanghai,Homo sapiens,Illumina NovaSeq 6000,feces,31.1883 N 121.4368 E,CS091V5,PAIRED,cDNA,METAGENOMIC,gut metagenome,ILLUMINA,2021-12-31T00:00:00Z,2021-02-22T04:08:00Z,1,CS091V5,SRP307400
SRR13759245,WGS,300,7486479600,PRJNA703757,SAMN18023191,Metagenome or environmental,2459469928,HANS KNOLL INSTITUTE,2017,public,"run.zq,sra,fastq","gs,ncbi,s3","ncbi.public,gs.us-east1,s3.us-east-1",SRX10146051,CS091V1,China,Asia,China: Shanghai,Homo sapiens,Illumina NovaSeq 6000,feces,31.1883 N 121.4368 E,CS091V1,PAIRED,cDNA,METAGENOMIC,gut metagenome,ILLUMINA,2021-12-31T00:00:00Z,2021-02-22T04:06:00Z,1,CS091V1,SRP307400
SRR13759246,WGS,300,5719439700,PRJNA703757,SAMN18023190,Metagenome or environmental,1863103910,HANS KNOLL INSTITUTE,2017,public,"sra,run.zq,fastq","s3,gs,ncbi","ncbi.public,gs.us-east1,s3.us-east-1",SRX10146050,CS090V5,China,Asia,China: Shanghai,Homo sapiens,Illumina NovaSeq 6000,feces,31.1883 N 121.4368 E,CS090V5,PAIRED,cDNA,METAGENOMIC,gut metagenome,ILLUMINA,2021-12-31T00:00:00Z,2021-02-22T04:06:00Z,1,CS090V5,SRP307400
SRR13759247,WGS,300,5805581400,PRJNA703757,SAMN18023189,Metagenome or environmental,1888547372,HANS KNOLL INSTITUTE,2017,public,"run.zq,fastq,sra","ncbi,gs,s3","ncbi.public,gs.us-east1,s3.us-east-1",SRX10146049,CS090V1,China,Asia,China: Shanghai,Homo sapiens,Illumina NovaSeq 6000,feces,31.1883 N 121.4368 E,CS090V1,PAIRED,cDNA,METAGENOMIC,gut metagenome,ILLUMINA,2021-12-31T00:00:00Z,2021-02-22T04:11:00Z,1,CS090V1,SRP307400
SRR13759248,WGS,300,5863923600,PRJNA703757,SAMN18023188,Metagenome or environmental,1919197241,HANS KNOLL INSTITUTE,2017,public,"sra,run.zq,fastq","s3,ncbi,gs","gs.us-east1,s3.us-east-1,ncbi.public",SRX10146048,CS086V5,China,Asia,China: Shanghai,Homo sapiens,Illumina NovaSeq 6000,feces,31.1883 N 121.4368 E,CS086V5,PAIRED,cDNA,METAGENOMIC,gut metagenome,ILLUMINA,2021-12-31T00:00:00Z,2021-02-22T04:13:00Z,1,CS086V5,SRP307400
SRR13759249,WGS,300,5580697500,PRJNA703757,SAMN18023187,Metagenome or environmental,1888269297,HANS KNOLL INSTITUTE,2017,public,"run.zq,fastq,sra","gs,s3,ncbi","s3.us-east-1,gs.us-east1,ncbi.public",SRX10146047,CS086V1,China,Asia,China: Shanghai,Homo sapiens,Illumina NovaSeq 6000,feces,31.1883 N 121.4368 E,CS086V1,PAIRED,cDNA,METAGENOMIC,gut metagenome,ILLUMINA,2021-12-31T00:00:00Z,2021-02-22T04:06:00Z,1,CS086V1,SRP307400
SRR13759250,WGS,300,6867408300,PRJNA703757,SAMN18023151,Metagenome or environmental,2268436260,HANS KNOLL INSTITUTE,2017,public,"run.zq,fastq,sra","ncbi,s3,gs","gs.us-east1,ncbi.public,s3.us-east-1",SRX10146046,CS015V1,China,Asia,China: Shanghai,Homo sapiens,Illumina NovaSeq 6000,feces,31.1883 N 121.4368 E,CS015V1,PAIRED,cDNA,METAGENOMIC,gut metagenome,ILLUMINA,2021-12-31T00:00:00Z,2021-02-22T04:09:00Z,1,CS015V1,SRP307400
SRR13759251,WGS,300,5881578000,PRJNA703757,SAMN18023186,Metagenome or environmental,1934581429,HANS KNOLL INSTITUTE,2017,public,"sra,fastq,run.zq","ncbi,s3,gs","s3.us-east-1,gs.us-east1,ncbi.public",SRX10146045,CS084V5,China,Asia,China: Shanghai,Homo sapiens,Illumina NovaSeq 6000,feces,31.1883 N 121.4368 E,CS084V5,PAIRED,cDNA,METAGENOMIC,gut metagenome,ILLUMINA,2021-12-31T00:00:00Z,2021-02-22T03:59:00Z,1,CS084V5,SRP307400
SRR13759252,WGS,300,5818697100,PRJNA703757,SAMN18023185,Metagenome or environmental,1891866660,HANS KNOLL INSTITUTE,2017,public,"run.zq,sra,fastq","gs,ncbi,s3","s3.us-east-1,ncbi.public,gs.us-east1",SRX10146044,CS084V1,China,Asia,China: Shanghai,Homo sapiens,Illumina NovaSeq 6000,feces,31.1883 N 121.4368 E,CS084V1,PAIRED,cDNA,METAGENOMIC,gut metagenome,ILLUMINA,2021-12-31T00:00:00Z,2021-02-22T04:21:00Z,1,CS084V1,SRP307400
SRR13759253,WGS,300,5259329100,PRJNA703757,SAMN18023184,Metagenome or environmental,1672120787,HANS KNOLL INSTITUTE,2017,public,"run.zq,sra,fastq","s3,gs,ncbi","ncbi.public,gs.us-east1,s3.us-east-1",SRX10146043,CS083V5,China,Asia,China: Shanghai,Homo sapiens,Illumina NovaSeq 6000,feces,31.1883 N 121.4368 E,CS083V5,PAIRED,cDNA,METAGENOMIC,gut metagenome,ILLUMINA,2021-12-31T00:00:00Z,2021-02-22T03:58:00Z,1,CS083V5,SRP307400
SRR13759254,WGS,300,6208665900,PRJNA703757,SAMN18023183,Metagenome or environmental,2055237837,HANS KNOLL INSTITUTE,2017,public,"sra,fastq,run.zq","ncbi,s3,gs","s3.us-east-1,gs.us-east1,ncbi.public",SRX10146042,CS083V1,China,Asia,China: Shanghai,Homo sapiens,Illumina NovaSeq 6000,feces,31.1883 N 121.4368 E,CS083V1,PAIRED,cDNA,METAGENOMIC,gut metagenome,ILLUMINA,2021-12-31T00:00:00Z,2021-02-22T04:03:00Z,1,CS083V1,SRP307400
SRR13759255,WGS,300,4970543100,PRJNA703757,SAMN18023182,Metagenome or environmental,1601244295,HANS KNOLL INSTITUTE,2017,public,"sra,run.zq,fastq","s3,gs,ncbi","gs.us-east1,ncbi.public,s3.us-east-1",SRX10146041,CS078V5,China,Asia,China: Shanghai,Homo sapiens,Illumina NovaSeq 6000,feces,31.1883 N 121.4368 E,CS078V5,PAIRED,cDNA,METAGENOMIC,gut metagenome,ILLUMINA,2021-12-31T00:00:00Z,2021-02-22T04:04:00Z,1,CS078V5,SRP307400
SRR13759256,WGS,300,6431679300,PRJNA703757,SAMN18023181,Metagenome or environmental,2010509649,HANS KNOLL INSTITUTE,2017,public,"sra,run.zq,fastq","ncbi,s3,gs","gs.us-east1,ncbi.public,s3.us-east-1",SRX10146040,CS078V1,China,Asia,China: Shanghai,Homo sapiens,Illumina NovaSeq 6000,feces,31.1883 N 121.4368 E,CS078V1,PAIRED,cDNA,METAGENOMIC,gut metagenome,ILLUMINA,2021-12-31T00:00:00Z,2021-02-22T04:14:00Z,1,CS078V1,SRP307400
SRR13759257,WGS,300,5314786200,PRJNA703757,SAMN18023180,Metagenome or environmental,1819381998,HANS KNOLL INSTITUTE,2017,public,"run.zq,sra,fastq","gs,s3,ncbi","gs.us-east1,ncbi.public,s3.us-east-1",SRX10146039,CS074V5,China,Asia,China: Shanghai,Homo sapiens,Illumina NovaSeq 6000,feces,31.1883 N 121.4368 E,CS074V5,PAIRED,cDNA,METAGENOMIC,gut metagenome,ILLUMINA,2021-12-31T00:00:00Z,2021-02-22T04:05:00Z,1,CS074V5,SRP307400
SRR13759258,WGS,300,6626163600,PRJNA703757,SAMN18023179,Metagenome or environmental,2313404404,HANS KNOLL INSTITUTE,2017,public,"sra,run.zq,fastq","ncbi,s3,gs","s3.us-east-1,ncbi.public,gs.us-east1",SRX10146038,CS074V1,China,Asia,China: Shanghai,Homo sapiens,Illumina NovaSeq 6000,feces,31.1883 N 121.4368 E,CS074V1,PAIRED,cDNA,METAGENOMIC,gut metagenome,ILLUMINA,2021-12-31T00:00:00Z,2021-02-22T04:19:00Z,1,CS074V1,SRP307400
SRR13759259,WGS,300,5779235100,PRJNA703757,SAMN18023178,Metagenome or environmental,1846670481,HANS KNOLL INSTITUTE,2017,public,"run.zq,sra,fastq","ncbi,s3,gs","s3.us-east-1,ncbi.public,gs.us-east1",SRX10146037,CS070V5,China,Asia,China: Shanghai,Homo sapiens,Illumina NovaSeq 6000,feces,31.1883 N 121.4368 E,CS070V5,PAIRED,cDNA,METAGENOMIC,gut metagenome,ILLUMINA,2021-12-31T00:00:00Z,2021-02-22T04:02:00Z,1,CS070V5,SRP307400
SRR13759260,WGS,300,5651360400,PRJNA703757,SAMN18023177,Metagenome or environmental,1889376141,HANS KNOLL INSTITUTE,2017,public,"sra,run.zq,fastq","ncbi,gs,s3","s3.us-east-1,gs.us-east1,ncbi.public",SRX10146036,CS070V1,China,Asia,China: Shanghai,Homo sapiens,Illumina NovaSeq 6000,feces,31.1883 N 121.4368 E,CS070V1,PAIRED,cDNA,METAGENOMIC,gut metagenome,ILLUMINA,2021-12-31T00:00:00Z,2021-02-22T04:19:00Z,1,CS070V1,SRP307400
SRR13759261,WGS,300,8342883300,PRJNA703757,SAMN18023150,Metagenome or environmental,2776590658,HANS KNOLL INSTITUTE,2017,public,"fastq,run.zq,sra","s3,ncbi,gs","gs.us-east1,ncbi.public,s3.us-east-1",SRX10146035,CS013V5,China,Asia,China: Shanghai,Homo sapiens,Illumina NovaSeq 6000,feces,31.1883 N 121.4368 E,CS013V5,PAIRED,cDNA,METAGENOMIC,gut metagenome,ILLUMINA,2021-12-31T00:00:00Z,2021-02-22T04:05:00Z,1,CS013V5,SRP307400
SRR13759262,WGS,300,5298206100,PRJNA703757,SAMN18023176,Metagenome or environmental,1758395686,HANS KNOLL INSTITUTE,2017,public,"fastq,run.zq,sra","ncbi,s3,gs","gs.us-east1,s3.us-east-1,ncbi.public",SRX10146034,CS068V5,China,Asia,China: Shanghai,Homo sapiens,Illumina NovaSeq 6000,feces,31.1883 N 121.4368 E,CS068V5,PAIRED,cDNA,METAGENOMIC,gut metagenome,ILLUMINA,2021-12-31T00:00:00Z,2021-02-22T03:59:00Z,1,CS068V5,SRP307400
SRR13759263,WGS,300,5827491000,PRJNA703757,SAMN18023175,Metagenome or environmental,1873582093,HANS KNOLL INSTITUTE,2017,public,"sra,fastq,run.zq","ncbi,s3,gs","ncbi.public,s3.us-east-1,gs.us-east1",SRX10146033,CS068V1,China,Asia,China: Shanghai,Homo sapiens,Illumina NovaSeq 6000,feces,31.1883 N 121.4368 E,CS068V1,PAIRED,cDNA,METAGENOMIC,gut metagenome,ILLUMINA,2021-12-31T00:00:00Z,2021-02-22T04:07:00Z,1,CS068V1,SRP307400
SRR13759264,WGS,300,5938917000,PRJNA703757,SAMN18023174,Metagenome or environmental,1902524167,HANS KNOLL INSTITUTE,2017,public,"sra,fastq,run.zq","gs,s3,ncbi","ncbi.public,s3.us-east-1,gs.us-east1",SRX10146032,CS067V5,China,Asia,China: Shanghai,Homo sapiens,Illumina NovaSeq 6000,feces,31.1883 N 121.4368 E,CS067V5,PAIRED,cDNA,METAGENOMIC,gut metagenome,ILLUMINA,2021-12-31T00:00:00Z,2021-02-22T04:07:00Z,1,CS067V5,SRP307400
SRR13759265,WGS,300,6399704700,PRJNA703757,SAMN18023173,Metagenome or environmental,2075702621,HANS KNOLL INSTITUTE,2017,public,"sra,run.zq,fastq","gs,ncbi,s3","s3.us-east-1,ncbi.public,gs.us-east1",SRX10146031,CS067V1,China,Asia,China: Shanghai,Homo sapiens,Illumina NovaSeq 6000,feces,31.1883 N 121.4368 E,CS067V1,PAIRED,cDNA,METAGENOMIC,gut metagenome,ILLUMINA,2021-12-31T00:00:00Z,2021-02-22T04:10:00Z,1,CS067V1,SRP307400
SRR13759266,WGS,300,5701476000,PRJNA703757,SAMN18023172,Metagenome or environmental,1836020700,HANS KNOLL INSTITUTE,2017,public,"fastq,sra,run.zq","ncbi,gs,s3","s3.us-east-1,ncbi.public,gs.us-east1",SRX10146030,CS065V5,China,Asia,China: Shanghai,Homo sapiens,Illumina NovaSeq 6000,feces,31.1883 N 121.4368 E,CS065V5,PAIRED,cDNA,METAGENOMIC,gut metagenome,ILLUMINA,2021-12-31T00:00:00Z,2021-02-22T04:02:00Z,1,CS065V5,SRP307400
SRR13759267,WGS,300,5694936600,PRJNA703757,SAMN18023171,Metagenome or environmental,1850388685,HANS KNOLL INSTITUTE,2017,public,"sra,run.zq,fastq","ncbi,gs,s3","s3.us-east-1,ncbi.public,gs.us-east1",SRX10146029,CS065V1,China,Asia,China: Shanghai,Homo sapiens,Illumina NovaSeq 6000,feces,31.1883 N 121.4368 E,CS065V1,PAIRED,cDNA,METAGENOMIC,gut metagenome,ILLUMINA,2021-12-31T00:00:00Z,2021-02-22T03:59:00Z,1,CS065V1,SRP307400
SRR13759268,WGS,300,5469887100,PRJNA703757,SAMN18023170,Metagenome or environmental,1781032358,HANS KNOLL INSTITUTE,2017,public,"sra,fastq,run.zq","s3,ncbi,gs","ncbi.public,s3.us-east-1,gs.us-east1",SRX10146028,CS052V5,China,Asia,China: Shanghai,Homo sapiens,Illumina NovaSeq 6000,feces,31.1883 N 121.4368 E,CS052V5,PAIRED,cDNA,METAGENOMIC,gut metagenome,ILLUMINA,2021-12-31T00:00:00Z,2021-02-22T04:18:00Z,1,CS052V5,SRP307400
SRR13759269,WGS,300,5763477600,PRJNA703757,SAMN18023169,Metagenome or environmental,1823016887,HANS KNOLL INSTITUTE,2017,public,"fastq,sra,run.zq","gs,ncbi,s3","s3.us-east-1,ncbi.public,gs.us-east1",SRX10146027,CS052V1,China,Asia,China: Shanghai,Homo sapiens,Illumina NovaSeq 6000,feces,31.1883 N 121.4368 E,CS052V1,PAIRED,cDNA,METAGENOMIC,gut metagenome,ILLUMINA,2021-12-31T00:00:00Z,2021-02-22T04:03:00Z,1,CS052V1,SRP307400
SRR13759270,WGS,300,5893245000,PRJNA703757,SAMN18023168,Metagenome or environmental,1948115929,HANS KNOLL INSTITUTE,2017,public,"fastq,run.zq,sra","ncbi,s3,gs","s3.us-east-1,gs.us-east1,ncbi.public",SRX10146026,CS049V5,China,Asia,China: Shanghai,Homo sapiens,Illumina NovaSeq 6000,feces,31.1883 N 121.4368 E,CS049V5,PAIRED,cDNA,METAGENOMIC,gut metagenome,ILLUMINA,2021-12-31T00:00:00Z,2021-02-22T04:24:00Z,1,CS049V5,SRP307400
SRR13759271,WGS,300,5544124500,PRJNA703757,SAMN18023167,Metagenome or environmental,1846812881,HANS KNOLL INSTITUTE,2017,public,"fastq,run.zq,sra","ncbi,gs,s3","gs.us-east1,ncbi.public,s3.us-east-1",SRX10146025,CS049V1,China,Asia,China: Shanghai,Homo sapiens,Illumina NovaSeq 6000,feces,31.1883 N 121.4368 E,CS049V1,PAIRED,cDNA,METAGENOMIC,gut metagenome,ILLUMINA,2021-12-31T00:00:00Z,2021-02-22T04:14:00Z,1,CS049V1,SRP307400
SRR13759272,WGS,300,6491007900,PRJNA703757,SAMN18023149,Metagenome or environmental,2108035321,HANS KNOLL INSTITUTE,2017,public,"run.zq,sra,fastq","gs,ncbi,s3","gs.us-east1,ncbi.public,s3.us-east-1",SRX10146024,CS013V1,China,Asia,China: Shanghai,Homo sapiens,Illumina NovaSeq 6000,feces,31.1883 N 121.4368 E,CS013V1,PAIRED,cDNA,METAGENOMIC,gut metagenome,ILLUMINA,2021-12-31T00:00:00Z,2021-02-22T04:05:00Z,1,CS013V1,SRP307400
SRR13759273,WGS,300,7369140600,PRJNA703757,SAMN18023346,Metagenome or environmental,2431657205,HANS KNOLL INSTITUTE,2017,public,"run.zq,sra,fastq","s3,gs,ncbi","ncbi.public,s3.us-east-1,gs.us-east1",SRX10146023,RS198V5,China,Asia,China: Shanghai,Homo sapiens,Illumina NovaSeq 6000,feces,31.1883 N 121.4368 E,RS198V5,PAIRED,cDNA,METAGENOMIC,gut metagenome,ILLUMINA,2021-12-31T00:00:00Z,2021-02-22T04:03:00Z,1,RS198V5,SRP307400
SRR13759274,WGS,300,6282701400,PRJNA703757,SAMN18023345,Metagenome or environmental,2075473996,HANS KNOLL INSTITUTE,2017,public,"fastq,run.zq,sra","s3,ncbi,gs","ncbi.public,gs.us-east1,s3.us-east-1",SRX10146022,RS198V1,China,Asia,China: Shanghai,Homo sapiens,Illumina NovaSeq 6000,feces,31.1883 N 121.4368 E,RS198V1,PAIRED,cDNA,METAGENOMIC,gut metagenome,ILLUMINA,2021-12-31T00:00:00Z,2021-02-22T04:11:00Z,1,RS198V1,SRP307400
SRR13759275,WGS,300,5137122600,PRJNA703757,SAMN18023344,Metagenome or environmental,1689867903,HANS KNOLL INSTITUTE,2017,public,"fastq,run.zq,sra","s3,ncbi,gs","ncbi.public,s3.us-east-1,gs.us-east1",SRX10146021,RS195V5,China,Asia,China: Shanghai,Homo sapiens,Illumina NovaSeq 6000,feces,31.1883 N 121.4368 E,RS195V5,PAIRED,cDNA,METAGENOMIC,gut metagenome,ILLUMINA,2021-12-31T00:00:00Z,2021-02-22T04:01:00Z,1,RS195V5,SRP307400
SRR13759276,WGS,300,5486707500,PRJNA703757,SAMN18023343,Metagenome or environmental,1801523862,HANS KNOLL INSTITUTE,2017,public,"sra,run.zq,fastq","s3,ncbi,gs","s3.us-east-1,ncbi.public,gs.us-east1",SRX10146020,RS195V1,China,Asia,China: Shanghai,Homo sapiens,Illumina NovaSeq 6000,feces,31.1883 N 121.4368 E,RS195V1,PAIRED,cDNA,METAGENOMIC,gut metagenome,ILLUMINA,2021-12-31T00:00:00Z,2021-02-22T04:15:00Z,1,RS195V1,SRP307400
SRR13759277,WGS,300,7516084800,PRJNA703757,SAMN18023342,Metagenome or environmental,2475613380,HANS KNOLL INSTITUTE,2017,public,"fastq,sra,run.zq","s3,ncbi,gs","gs.us-east1,s3.us-east-1,ncbi.public",SRX10146019,RS190V5,China,Asia,China: Shanghai,Homo sapiens,Illumina NovaSeq 6000,feces,31.1883 N 121.4368 E,RS190V5,PAIRED,cDNA,METAGENOMIC,gut metagenome,ILLUMINA,2021-12-31T00:00:00Z,2021-02-22T04:13:00Z,1,RS190V5,SRP307400
SRR13759278,WGS,300,4598867400,PRJNA703757,SAMN18023341,Metagenome or environmental,1465881634,HANS KNOLL INSTITUTE,2017,public,"sra,run.zq,fastq","gs,ncbi,s3","gs.us-east1,s3.us-east-1,ncbi.public",SRX10146018,RS190V1,China,Asia,China: Shanghai,Homo sapiens,Illumina NovaSeq 6000,feces,31.1883 N 121.4368 E,RS190V1,PAIRED,cDNA,METAGENOMIC,gut metagenome,ILLUMINA,2021-12-31T00:00:00Z,2021-02-22T04:04:00Z,1,RS190V1,SRP307400
SRR13759279,WGS,300,5124945000,PRJNA703757,SAMN18023340,Metagenome or environmental,1706108973,HANS KNOLL INSTITUTE,2017,public,"run.zq,sra,fastq","s3,gs,ncbi","ncbi.public,gs.us-east1,s3.us-east-1",SRX10146017,RS180V5,China,Asia,China: Shanghai,Homo sapiens,Illumina NovaSeq 6000,feces,31.1883 N 121.4368 E,RS180V5,PAIRED,cDNA,METAGENOMIC,gut metagenome,ILLUMINA,2021-12-31T00:00:00Z,2021-02-22T03:59:00Z,1,RS180V5,SRP307400
SRR13759280,WGS,300,6245672400,PRJNA703757,SAMN18023339,Metagenome or environmental,2068919959,HANS KNOLL INSTITUTE,2017,public,"sra,fastq,run.zq","ncbi,s3,gs","ncbi.public,s3.us-east-1,gs.us-east1",SRX10146016,RS180V1,China,Asia,China: Shanghai,Homo sapiens,Illumina NovaSeq 6000,feces,31.1883 N 121.4368 E,RS180V1,PAIRED,cDNA,METAGENOMIC,gut metagenome,ILLUMINA,2021-12-31T00:00:00Z,2021-02-22T04:15:00Z,1,RS180V1,SRP307400
SRR13759281,WGS,300,7658458500,PRJNA703757,SAMN18023338,Metagenome or environmental,2530216105,HANS KNOLL INSTITUTE,2017,public,"fastq,sra,run.zq","gs,ncbi,s3","gs.us-east1,s3.us-east-1,ncbi.public",SRX10146015,RS178V5,China,Asia,China: Shanghai,Homo sapiens,Illumina NovaSeq 6000,feces,31.1883 N 121.4368 E,RS178V5,PAIRED,cDNA,METAGENOMIC,gut metagenome,ILLUMINA,2021-12-31T00:00:00Z,2021-02-22T04:10:00Z,1,RS178V5,SRP307400
SRR13759282,WGS,300,5345441700,PRJNA703757,SAMN18023337,Metagenome or environmental,1766099258,HANS KNOLL INSTITUTE,2017,public,"fastq,sra,run.zq","s3,ncbi,gs","ncbi.public,s3.us-east-1,gs.us-east1",SRX10146014,RS178V1,China,Asia,China: Shanghai,Homo sapiens,Illumina NovaSeq 6000,feces,31.1883 N 121.4368 E,RS178V1,PAIRED,cDNA,METAGENOMIC,gut metagenome,ILLUMINA,2021-12-31T00:00:00Z,2021-02-22T04:01:00Z,1,RS178V1,SRP307400
SRR13759283,WGS,300,6091377600,PRJNA703757,SAMN18023166,Metagenome or environmental,2016896265,HANS KNOLL INSTITUTE,2017,public,"fastq,run.zq,sra","s3,ncbi,gs","s3.us-east-1,gs.us-east1,ncbi.public",SRX10146013,CS047V5,China,Asia,China: Shanghai,Homo sapiens,Illumina NovaSeq 6000,feces,31.1883 N 121.4368 E,CS047V5,PAIRED,cDNA,METAGENOMIC,gut metagenome,ILLUMINA,2021-12-31T00:00:00Z,2021-02-22T04:10:00Z,1,CS047V5,SRP307400
SRR13759284,WGS,300,8184195000,PRJNA703757,SAMN18023336,Metagenome or environmental,2691976208,HANS KNOLL INSTITUTE,2017,public,"run.zq,fastq,sra","gs,ncbi,s3","ncbi.public,s3.us-east-1,gs.us-east1",SRX10146012,RS174V5,China,Asia,China: Shanghai,Homo sapiens,Illumina NovaSeq 6000,feces,31.1883 N 121.4368 E,RS174V5,PAIRED,cDNA,METAGENOMIC,gut metagenome,ILLUMINA,2021-12-31T00:00:00Z,2021-02-22T04:17:00Z,1,RS174V5,SRP307400
SRR13759285,WGS,300,5492456100,PRJNA703757,SAMN18023335,Metagenome or environmental,1740071230,HANS KNOLL INSTITUTE,2017,public,"fastq,run.zq,sra","s3,ncbi,gs","ncbi.public,s3.us-east-1,gs.us-east1",SRX10146011,RS174V1,China,Asia,China: Shanghai,Homo sapiens,Illumina NovaSeq 6000,feces,31.1883 N 121.4368 E,RS174V1,PAIRED,cDNA,METAGENOMIC,gut metagenome,ILLUMINA,2021-12-31T00:00:00Z,2021-02-22T03:59:00Z,1,RS174V1,SRP307400
SRR13759286,WGS,300,6614125500,PRJNA703757,SAMN18023334,Metagenome or environmental,2192113502,HANS KNOLL INSTITUTE,2017,public,"run.zq,sra,fastq","gs,ncbi,s3","s3.us-east-1,gs.us-east1,ncbi.public",SRX10146010,RS173V5,China,Asia,China: Shanghai,Homo sapiens,Illumina NovaSeq 6000,feces,31.1883 N 121.4368 E,RS173V5,PAIRED,cDNA,METAGENOMIC,gut metagenome,ILLUMINA,2021-12-31T00:00:00Z,2021-02-22T04:10:00Z,1,RS173V5,SRP307400
SRR13759287,WGS,300,5367922500,PRJNA703757,SAMN18023333,Metagenome or environmental,1787466575,HANS KNOLL INSTITUTE,2017,public,"sra,fastq,run.zq","s3,ncbi,gs","ncbi.public,gs.us-east1,s3.us-east-1",SRX10146009,RS173V1,China,Asia,China: Shanghai,Homo sapiens,Illumina NovaSeq 6000,feces,31.1883 N 121.4368 E,RS173V1,PAIRED,cDNA,METAGENOMIC,gut metagenome,ILLUMINA,2021-12-31T00:00:00Z,2021-02-22T04:01:00Z,1,RS173V1,SRP307400
SRR13759288,WGS,300,6279192300,PRJNA703757,SAMN18023332,Metagenome or environmental,2074164997,HANS KNOLL INSTITUTE,2017,public,"run.zq,fastq,sra","s3,ncbi,gs","ncbi.public,gs.us-east1,s3.us-east-1",SRX10146008,RS167V5,China,Asia,China: Shanghai,Homo sapiens,Illumina NovaSeq 6000,feces,31.1883 N 121.4368 E,RS167V5,PAIRED,cDNA,METAGENOMIC,gut metagenome,ILLUMINA,2021-12-31T00:00:00Z,2021-02-22T04:15:00Z,1,RS167V5,SRP307400
SRR13759289,WGS,300,6872196300,PRJNA703757,SAMN18023331,Metagenome or environmental,2259653998,HANS KNOLL INSTITUTE,2017,public,"sra,run.zq,fastq","gs,s3,ncbi","gs.us-east1,ncbi.public,s3.us-east-1",SRX10146007,RS167V1,China,Asia,China: Shanghai,Homo sapiens,Illumina NovaSeq 6000,feces,31.1883 N 121.4368 E,RS167V1,PAIRED,cDNA,METAGENOMIC,gut metagenome,ILLUMINA,2021-12-31T00:00:00Z,2021-02-22T04:17:00Z,1,RS167V1,SRP307400
SRR13759290,WGS,300,6266451900,PRJNA703757,SAMN18023330,Metagenome or environmental,2047515663,HANS KNOLL INSTITUTE,2017,public,"fastq,run.zq,sra","ncbi,s3,gs","s3.us-east-1,ncbi.public,gs.us-east1",SRX10146006,RS162V5,China,Asia,China: Shanghai,Homo sapiens,Illumina NovaSeq 6000,feces,31.1883 N 121.4368 E,RS162V5,PAIRED,cDNA,METAGENOMIC,gut metagenome,ILLUMINA,2021-12-31T00:00:00Z,2021-02-22T04:07:00Z,1,RS162V5,SRP307400
SRR13759291,WGS,300,6075225000,PRJNA703757,SAMN18023329,Metagenome or environmental,1927290849,HANS KNOLL INSTITUTE,2017,public,"run.zq,sra,fastq","s3,ncbi,gs","gs.us-east1,s3.us-east-1,ncbi.public",SRX10146005,RS162V1,China,Asia,China: Shanghai,Homo sapiens,Illumina NovaSeq 6000,feces,31.1883 N 121.4368 E,RS162V1,PAIRED,cDNA,METAGENOMIC,gut metagenome,ILLUMINA,2021-12-31T00:00:00Z,2021-02-22T04:17:00Z,1,RS162V1,SRP307400
SRR13759292,WGS,300,7018056600,PRJNA703757,SAMN18023328,Metagenome or environmental,2301777669,HANS KNOLL INSTITUTE,2017,public,"run.zq,fastq,sra","gs,ncbi,s3","ncbi.public,gs.us-east1,s3.us-east-1",SRX10146004,RS158V5,China,Asia,China: Shanghai,Homo sapiens,Illumina NovaSeq 6000,feces,31.1883 N 121.4368 E,RS158V5,PAIRED,cDNA,METAGENOMIC,gut metagenome,ILLUMINA,2021-12-31T00:00:00Z,2021-02-22T04:15:00Z,1,RS158V5,SRP307400
SRR13759293,WGS,300,5046840300,PRJNA703757,SAMN18023327,Metagenome or environmental,1663378449,HANS KNOLL INSTITUTE,2017,public,"sra,fastq,run.zq","ncbi,s3,gs","gs.us-east1,s3.us-east-1,ncbi.public",SRX10146003,RS158V1,China,Asia,China: Shanghai,Homo sapiens,Illumina NovaSeq 6000,feces,31.1883 N 121.4368 E,RS158V1,PAIRED,cDNA,METAGENOMIC,gut metagenome,ILLUMINA,2021-12-31T00:00:00Z,2021-02-22T04:08:00Z,1,RS158V1,SRP307400
SRR13759294,WGS,300,5985531000,PRJNA703757,SAMN18023165,Metagenome or environmental,1982743194,HANS KNOLL INSTITUTE,2017,public,"run.zq,sra,fastq","ncbi,s3,gs","s3.us-east-1,ncbi.public,gs.us-east1",SRX10146002,CS047V1,China,Asia,China: Shanghai,Homo sapiens,Illumina NovaSeq 6000,feces,31.1883 N 121.4368 E,CS047V1,PAIRED,cDNA,METAGENOMIC,gut metagenome,ILLUMINA,2021-12-31T00:00:00Z,2021-02-22T04:01:00Z,1,CS047V1,SRP307400
SRR13759295,WGS,300,7624894500,PRJNA703757,SAMN18023326,Metagenome or environmental,2516124282,HANS KNOLL INSTITUTE,2017,public,"sra,fastq,run.zq","gs,ncbi,s3","ncbi.public,s3.us-east-1,gs.us-east1",SRX10146001,RS151V5,China,Asia,China: Shanghai,Homo sapiens,Illumina NovaSeq 6000,feces,31.1883 N 121.4368 E,RS151V5,PAIRED,cDNA,METAGENOMIC,gut metagenome,ILLUMINA,2021-12-31T00:00:00Z,2021-02-22T04:16:00Z,1,RS151V5,SRP307400
SRR13759296,WGS,300,4630750800,PRJNA703757,SAMN18023325,Metagenome or environmental,1546485129,HANS KNOLL INSTITUTE,2017,public,"sra,fastq,run.zq","s3,ncbi,gs","s3.us-east-1,ncbi.public,gs.us-east1",SRX10146000,RS151V1,China,Asia,China: Shanghai,Homo sapiens,Illumina NovaSeq 6000,feces,31.1883 N 121.4368 E,RS151V1,PAIRED,cDNA,METAGENOMIC,gut metagenome,ILLUMINA,2021-12-31T00:00:00Z,2021-02-22T04:04:00Z,1,RS151V1,SRP307400
SRR13759297,WGS,300,6105333600,PRJNA703757,SAMN18023324,Metagenome or environmental,2021078311,HANS KNOLL INSTITUTE,2017,public,"run.zq,fastq,sra","ncbi,gs,s3","ncbi.public,gs.us-east1,s3.us-east-1",SRX10145999,RS150V5,China,Asia,China: Shanghai,Homo sapiens,Illumina NovaSeq 6000,feces,31.1883 N 121.4368 E,RS150V5,PAIRED,cDNA,METAGENOMIC,gut metagenome,ILLUMINA,2021-12-31T00:00:00Z,2021-02-22T04:15:00Z,1,RS150V5,SRP307400
SRR13759298,WGS,300,10089696600,PRJNA703757,SAMN18023323,Metagenome or environmental,3327796360,HANS KNOLL INSTITUTE,2017,public,"sra,fastq,run.zq","gs,s3,ncbi","gs.us-east1,s3.us-east-1,ncbi.public",SRX10145998,RS150V1,China,Asia,China: Shanghai,Homo sapiens,Illumina NovaSeq 6000,feces,31.1883 N 121.4368 E,RS150V1,PAIRED,cDNA,METAGENOMIC,gut metagenome,ILLUMINA,2021-12-31T00:00:00Z,2021-02-22T04:10:00Z,1,RS150V1,SRP307400
SRR13759299,WGS,300,5635400400,PRJNA703757,SAMN18023322,Metagenome or environmental,1870178727,HANS KNOLL INSTITUTE,2017,public,"sra,run.zq,fastq","ncbi,gs,s3","gs.us-east1,s3.us-east-1,ncbi.public",SRX10145997,RS149V5,China,Asia,China: Shanghai,Homo sapiens,Illumina NovaSeq 6000,feces,31.1883 N 121.4368 E,RS149V5,PAIRED,cDNA,METAGENOMIC,gut metagenome,ILLUMINA,2021-12-31T00:00:00Z,2021-02-22T04:16:00Z,1,RS149V5,SRP307400
SRR13759300,WGS,300,5702144700,PRJNA703757,SAMN18023321,Metagenome or environmental,1942586643,HANS KNOLL INSTITUTE,2017,public,"fastq,sra,run.zq","gs,ncbi,s3","ncbi.public,s3.us-east-1,gs.us-east1",SRX10145996,RS149V1,China,Asia,China: Shanghai,Homo sapiens,Illumina NovaSeq 6000,feces,31.1883 N 121.4368 E,RS149V1,PAIRED,cDNA,METAGENOMIC,gut metagenome,ILLUMINA,2021-12-31T00:00:00Z,2021-02-22T04:00:00Z,1,RS149V1,SRP307400
SRR13759301,WGS,300,5161800300,PRJNA703757,SAMN18023320,Metagenome or environmental,1629134701,HANS KNOLL INSTITUTE,2017,public,"fastq,sra,run.zq","gs,ncbi,s3","gs.us-east1,ncbi.public,s3.us-east-1",SRX10145995,RS143V5,China,Asia,China: Shanghai,Homo sapiens,Illumina NovaSeq 6000,feces,31.1883 N 121.4368 E,RS143V5,PAIRED,cDNA,METAGENOMIC,gut metagenome,ILLUMINA,2021-12-31T00:00:00Z,2021-02-22T03:59:00Z,1,RS143V5,SRP307400
SRR13759302,WGS,300,5871714300,PRJNA703757,SAMN18023319,Metagenome or environmental,1868057711,HANS KNOLL INSTITUTE,2017,public,"run.zq,fastq,sra","s3,gs,ncbi","s3.us-east-1,ncbi.public,gs.us-east1",SRX10145994,RS143V1,China,Asia,China: Shanghai,Homo sapiens,Illumina NovaSeq 6000,feces,31.1883 N 121.4368 E,RS143V1,PAIRED,cDNA,METAGENOMIC,gut metagenome,ILLUMINA,2021-12-31T00:00:00Z,2021-02-22T04:15:00Z,1,RS143V1,SRP307400
SRR13759303,WGS,300,6487076400,PRJNA703757,SAMN18023318,Metagenome or environmental,2142155493,HANS KNOLL INSTITUTE,2017,public,"fastq,run.zq,sra","ncbi,gs,s3","gs.us-east1,s3.us-east-1,ncbi.public",SRX10145993,RS138V5,China,Asia,China: Shanghai,Homo sapiens,Illumina NovaSeq 6000,feces,31.1883 N 121.4368 E,RS138V5,PAIRED,cDNA,METAGENOMIC,gut metagenome,ILLUMINA,2021-12-31T00:00:00Z,2021-02-22T04:06:00Z,1,RS138V5,SRP307400
SRR13759304,WGS,300,8222916300,PRJNA703757,SAMN18023317,Metagenome or environmental,2756494706,HANS KNOLL INSTITUTE,2017,public,"run.zq,fastq,sra","ncbi,gs,s3","gs.us-east1,s3.us-east-1,ncbi.public",SRX10145992,RS138V1,China,Asia,China: Shanghai,Homo sapiens,Illumina NovaSeq 6000,feces,31.1883 N 121.4368 E,RS138V1,PAIRED,cDNA,METAGENOMIC,gut metagenome,ILLUMINA,2021-12-31T00:00:00Z,2021-02-22T04:14:00Z,1,RS138V1,SRP307400
SRR13759305,WGS,300,5994527100,PRJNA703757,SAMN18023164,Metagenome or environmental,1958947484,HANS KNOLL INSTITUTE,2017,public,"run.zq,sra,fastq","ncbi,gs,s3","s3.us-east-1,ncbi.public,gs.us-east1",SRX10145991,CS045V5,China,Asia,China: Shanghai,Homo sapiens,Illumina NovaSeq 6000,feces,31.1883 N 121.4368 E,CS045V5,PAIRED,cDNA,METAGENOMIC,gut metagenome,ILLUMINA,2021-12-31T00:00:00Z,2021-02-22T04:02:00Z,1,CS045V5,SRP307400
SRR13759306,WGS,300,5608657200,PRJNA703757,SAMN18023316,Metagenome or environmental,1789441137,HANS KNOLL INSTITUTE,2017,public,"run.zq,fastq,sra","gs,s3,ncbi","ncbi.public,s3.us-east-1,gs.us-east1",SRX10145990,RS129V5,China,Asia,China: Shanghai,Homo sapiens,Illumina NovaSeq 6000,feces,31.1883 N 121.4368 E,RS129V5,PAIRED,cDNA,METAGENOMIC,gut metagenome,ILLUMINA,2021-12-31T00:00:00Z,2021-02-22T03:59:00Z,1,RS129V5,SRP307400
SRR13759307,WGS,300,5628300900,PRJNA703757,SAMN18023315,Metagenome or environmental,1822008961,HANS KNOLL INSTITUTE,2017,public,"fastq,sra,run.zq","gs,ncbi,s3","gs.us-east1,s3.us-east-1,ncbi.public",SRX10145989,RS129V1,China,Asia,China: Shanghai,Homo sapiens,Illumina NovaSeq 6000,feces,31.1883 N 121.4368 E,RS129V1,PAIRED,cDNA,METAGENOMIC,gut metagenome,ILLUMINA,2021-12-31T00:00:00Z,2021-02-22T04:20:00Z,1,RS129V1,SRP307400
SRR13759308,WGS,300,5886747900,PRJNA703757,SAMN18023314,Metagenome or environmental,1945012831,HANS KNOLL INSTITUTE,2017,public,"run.zq,fastq,sra","s3,ncbi,gs","ncbi.public,s3.us-east-1,gs.us-east1",SRX10145988,RS125V5,China,Asia,China: Shanghai,Homo sapiens,Illumina NovaSeq 6000,feces,31.1883 N 121.4368 E,RS125V5,PAIRED,cDNA,METAGENOMIC,gut metagenome,ILLUMINA,2021-12-31T00:00:00Z,2021-02-22T04:02:00Z,1,RS125V5,SRP307400
SRR13759309,WGS,300,6869373600,PRJNA703757,SAMN18023313,Metagenome or environmental,2273499011,HANS KNOLL INSTITUTE,2017,public,"sra,fastq,run.zq","ncbi,gs,s3","s3.us-east-1,ncbi.public,gs.us-east1",SRX10145987,RS125V1,China,Asia,China: Shanghai,Homo sapiens,Illumina NovaSeq 6000,feces,31.1883 N 121.4368 E,RS125V1,PAIRED,cDNA,METAGENOMIC,gut metagenome,ILLUMINA,2021-12-31T00:00:00Z,2021-02-22T04:09:00Z,1,RS125V1,SRP307400
SRR13759310,WGS,300,5954934300,PRJNA703757,SAMN18023312,Metagenome or environmental,2030704257,HANS KNOLL INSTITUTE,2017,public,"sra,fastq,run.zq","ncbi,s3,gs","ncbi.public,s3.us-east-1,gs.us-east1",SRX10145986,RS124V5,China,Asia,China: Shanghai,Homo sapiens,Illumina NovaSeq 6000,feces,31.1883 N 121.4368 E,RS124V5,PAIRED,cDNA,METAGENOMIC,gut metagenome,ILLUMINA,2021-12-31T00:00:00Z,2021-02-22T04:02:00Z,1,RS124V5,SRP307400
SRR13759311,WGS,300,5033002200,PRJNA703757,SAMN18023311,Metagenome or environmental,1601103722,HANS KNOLL INSTITUTE,2017,public,"fastq,sra,run.zq","gs,ncbi,s3","gs.us-east1,s3.us-east-1,ncbi.public",SRX10145985,RS124V1,China,Asia,China: Shanghai,Homo sapiens,Illumina NovaSeq 6000,feces,31.1883 N 121.4368 E,RS124V1,PAIRED,cDNA,METAGENOMIC,gut metagenome,ILLUMINA,2021-12-31T00:00:00Z,2021-02-22T04:04:00Z,1,RS124V1,SRP307400
SRR13759312,WGS,300,8716533600,PRJNA703757,SAMN18023310,Metagenome or environmental,2904932017,HANS KNOLL INSTITUTE,2017,public,"sra,fastq,run.zq","ncbi,s3,gs","ncbi.public,gs.us-east1,s3.us-east-1",SRX10145984,RS122V5,China,Asia,China: Shanghai,Homo sapiens,Illumina NovaSeq 6000,feces,31.1883 N 121.4368 E,RS122V5,PAIRED,cDNA,METAGENOMIC,gut metagenome,ILLUMINA,2021-12-31T00:00:00Z,2021-02-22T04:16:00Z,1,RS122V5,SRP307400
SRR13759313,WGS,300,4935917700,PRJNA703757,SAMN18023309,Metagenome or environmental,1650674913,HANS KNOLL INSTITUTE,2017,public,"run.zq,sra,fastq","gs,s3,ncbi","gs.us-east1,s3.us-east-1,ncbi.public",SRX10145983,RS122V1,China,Asia,China: Shanghai,Homo sapiens,Illumina NovaSeq 6000,feces,31.1883 N 121.4368 E,RS122V1,PAIRED,cDNA,METAGENOMIC,gut metagenome,ILLUMINA,2021-12-31T00:00:00Z,2021-02-22T04:11:00Z,1,RS122V1,SRP307400
SRR13759314,WGS,300,5076679800,PRJNA703757,SAMN18023308,Metagenome or environmental,1683553443,HANS KNOLL INSTITUTE,2017,public,"fastq,sra,run.zq","s3,gs,ncbi","gs.us-east1,ncbi.public,s3.us-east-1",SRX10145982,RS119V5,China,Asia,China: Shanghai,Homo sapiens,Illumina NovaSeq 6000,feces,31.1883 N 121.4368 E,RS119V5,PAIRED,cDNA,METAGENOMIC,gut metagenome,ILLUMINA,2021-12-31T00:00:00Z,2021-02-22T04:05:00Z,1,RS119V5,SRP307400
SRR13759315,WGS,300,7604299800,PRJNA703757,SAMN18023307,Metagenome or environmental,2553370008,HANS KNOLL INSTITUTE,2017,public,"run.zq,sra,fastq","s3,ncbi,gs","ncbi.public,gs.us-east1,s3.us-east-1",SRX10145981,RS119V1,China,Asia,China: Shanghai,Homo sapiens,Illumina NovaSeq 6000,feces,31.1883 N 121.4368 E,RS119V1,PAIRED,cDNA,METAGENOMIC,gut metagenome,ILLUMINA,2021-12-31T00:00:00Z,2021-02-22T04:15:00Z,1,RS119V1,SRP307400
SRR13759316,WGS,300,6447329700,PRJNA703757,SAMN18023163,Metagenome or environmental,2088758515,HANS KNOLL INSTITUTE,2017,public,"fastq,sra,run.zq","s3,gs,ncbi","ncbi.public,s3.us-east-1,gs.us-east1",SRX10145980,CS045V1,China,Asia,China: Shanghai,Homo sapiens,Illumina NovaSeq 6000,feces,31.1883 N 121.4368 E,CS045V1,PAIRED,cDNA,METAGENOMIC,gut metagenome,ILLUMINA,2021-12-31T00:00:00Z,2021-02-22T04:06:00Z,1,CS045V1,SRP307400
SRR13759317,WGS,300,6037988400,PRJNA703757,SAMN18023306,Metagenome or environmental,2004883122,HANS KNOLL INSTITUTE,2017,public,"fastq,run.zq,sra","s3,gs,ncbi","gs.us-east1,s3.us-east-1,ncbi.public",SRX10145979,RS116V5,China,Asia,China: Shanghai,Homo sapiens,Illumina NovaSeq 6000,feces,31.1883 N 121.4368 E,RS116V5,PAIRED,cDNA,METAGENOMIC,gut metagenome,ILLUMINA,2021-12-31T00:00:00Z,2021-02-22T04:04:00Z,1,RS116V5,SRP307400
SRR13759318,WGS,300,7540059000,PRJNA703757,SAMN18023305,Metagenome or environmental,2498586849,HANS KNOLL INSTITUTE,2017,public,"sra,fastq,run.zq","gs,s3,ncbi","s3.us-east-1,ncbi.public,gs.us-east1",SRX10145978,RS116V1,China,Asia,China: Shanghai,Homo sapiens,Illumina NovaSeq 6000,feces,31.1883 N 121.4368 E,RS116V1,PAIRED,cDNA,METAGENOMIC,gut metagenome,ILLUMINA,2021-12-31T00:00:00Z,2021-02-22T04:11:00Z,1,RS116V1,SRP307400
SRR13759319,WGS,300,6214921500,PRJNA703757,SAMN18023304,Metagenome or environmental,2065352238,HANS KNOLL INSTITUTE,2017,public,"sra,run.zq,fastq","s3,ncbi,gs","gs.us-east1,ncbi.public,s3.us-east-1",SRX10145977,RS114V5,China,Asia,China: Shanghai,Homo sapiens,Illumina NovaSeq 6000,feces,31.1883 N 121.4368 E,RS114V5,PAIRED,cDNA,METAGENOMIC,gut metagenome,ILLUMINA,2021-12-31T00:00:00Z,2021-02-22T04:17:00Z,1,RS114V5,SRP307400
SRR13759320,WGS,300,7315629000,PRJNA703757,SAMN18023303,Metagenome or environmental,2459439607,HANS KNOLL INSTITUTE,2017,public,"sra,run.zq,fastq","gs,s3,ncbi","ncbi.public,gs.us-east1,s3.us-east-1",SRX10145976,RS114V1,China,Asia,China: Shanghai,Homo sapiens,Illumina NovaSeq 6000,feces,31.1883 N 121.4368 E,RS114V1,PAIRED,cDNA,METAGENOMIC,gut metagenome,ILLUMINA,2021-12-31T00:00:00Z,2021-02-22T04:01:00Z,1,RS114V1,SRP307400
SRR13759321,WGS,300,6684330900,PRJNA703757,SAMN18023302,Metagenome or environmental,2210035408,HANS KNOLL INSTITUTE,2017,public,"sra,fastq,run.zq","s3,ncbi,gs","s3.us-east-1,ncbi.public,gs.us-east1",SRX10145975,RS109V5,China,Asia,China: Shanghai,Homo sapiens,Illumina NovaSeq 6000,feces,31.1883 N 121.4368 E,RS109V5,PAIRED,cDNA,METAGENOMIC,gut metagenome,ILLUMINA,2021-12-31T00:00:00Z,2021-02-22T04:03:00Z,1,RS109V5,SRP307400
SRR13759322,WGS,300,5718061200,PRJNA703757,SAMN18023301,Metagenome or environmental,1879895486,HANS KNOLL INSTITUTE,2017,public,"sra,fastq,run.zq","ncbi,s3,gs","ncbi.public,gs.us-east1,s3.us-east-1",SRX10145974,RS109V1,China,Asia,China: Shanghai,Homo sapiens,Illumina NovaSeq 6000,feces,31.1883 N 121.4368 E,RS109V1,PAIRED,cDNA,METAGENOMIC,gut metagenome,ILLUMINA,2021-12-31T00:00:00Z,2021-02-22T04:11:00Z,1,RS109V1,SRP307400
SRR13759323,WGS,300,7632000900,PRJNA703757,SAMN18023300,Metagenome or environmental,2538406822,HANS KNOLL INSTITUTE,2017,public,"sra,run.zq,fastq","s3,gs,ncbi","ncbi.public,gs.us-east1,s3.us-east-1",SRX10145973,RS101V5,China,Asia,China: Shanghai,Homo sapiens,Illumina NovaSeq 6000,feces,31.1883 N 121.4368 E,RS101V5,PAIRED,cDNA,METAGENOMIC,gut metagenome,ILLUMINA,2021-12-31T00:00:00Z,2021-02-22T04:17:00Z,1,RS101V5,SRP307400
SRR13759324,WGS,300,8253128100,PRJNA703757,SAMN18023299,Metagenome or environmental,2735492306,HANS KNOLL INSTITUTE,2017,public,"fastq,run.zq,sra","s3,ncbi,gs","s3.us-east-1,ncbi.public,gs.us-east1",SRX10145972,RS101V1,China,Asia,China: Shanghai,Homo sapiens,Illumina NovaSeq 6000,feces,31.1883 N 121.4368 E,RS101V1,PAIRED,cDNA,METAGENOMIC,gut metagenome,ILLUMINA,2021-12-31T00:00:00Z,2021-02-22T04:12:00Z,1,RS101V1,SRP307400
SRR13759325,WGS,300,6200261700,PRJNA703757,SAMN18023298,Metagenome or environmental,2063180004,HANS KNOLL INSTITUTE,2017,public,"fastq,run.zq,sra","gs,ncbi,s3","gs.us-east1,ncbi.public,s3.us-east-1",SRX10145971,RS100V5,China,Asia,China: Shanghai,Homo sapiens,Illumina NovaSeq 6000,feces,31.1883 N 121.4368 E,RS100V5,PAIRED,cDNA,METAGENOMIC,gut metagenome,ILLUMINA,2021-12-31T00:00:00Z,2021-02-22T04:02:00Z,1,RS100V5,SRP307400
SRR13759326,WGS,300,5489213400,PRJNA703757,SAMN18023297,Metagenome or environmental,1809387431,HANS KNOLL INSTITUTE,2017,public,"fastq,sra,run.zq","ncbi,gs,s3","ncbi.public,s3.us-east-1,gs.us-east1",SRX10145970,RS100V1,China,Asia,China: Shanghai,Homo sapiens,Illumina NovaSeq 6000,feces,31.1883 N 121.4368 E,RS100V1,PAIRED,cDNA,METAGENOMIC,gut metagenome,ILLUMINA,2021-12-31T00:00:00Z,2021-02-22T04:01:00Z,1,RS100V1,SRP307400
SRR13759327,WGS,300,6186174900,PRJNA703757,SAMN18023162,Metagenome or environmental,2006795727,HANS KNOLL INSTITUTE,2017,public,"fastq,run.zq,sra","gs,ncbi,s3","ncbi.public,s3.us-east-1,gs.us-east1",SRX10145969,CS039V5,China,Asia,China: Shanghai,Homo sapiens,Illumina NovaSeq 6000,feces,31.1883 N 121.4368 E,CS039V5,PAIRED,cDNA,METAGENOMIC,gut metagenome,ILLUMINA,2021-12-31T00:00:00Z,2021-02-22T04:06:00Z,1,CS039V5,SRP307400
SRR13759328,WGS,300,6874389600,PRJNA703757,SAMN18023296,Metagenome or environmental,2273093437,HANS KNOLL INSTITUTE,2017,public,"sra,run.zq,fastq","s3,ncbi,gs","s3.us-east-1,gs.us-east1,ncbi.public",SRX10145968,RS089V5,China,Asia,China: Shanghai,Homo sapiens,Illumina NovaSeq 6000,feces,31.1883 N 121.4368 E,RS089V5,PAIRED,cDNA,METAGENOMIC,gut metagenome,ILLUMINA,2021-12-31T00:00:00Z,2021-02-22T04:06:00Z,1,RS089V5,SRP307400
SRR13759329,WGS,300,5348760900,PRJNA703757,SAMN18023295,Metagenome or environmental,1779223101,HANS KNOLL INSTITUTE,2017,public,"run.zq,sra,fastq","ncbi,s3,gs","gs.us-east1,s3.us-east-1,ncbi.public",SRX10145967,RS089V1,China,Asia,China: Shanghai,Homo sapiens,Illumina NovaSeq 6000,feces,31.1883 N 121.4368 E,RS089V1,PAIRED,cDNA,METAGENOMIC,gut metagenome,ILLUMINA,2021-12-31T00:00:00Z,2021-02-22T04:05:00Z,1,RS089V1,SRP307400
SRR13759330,WGS,300,5807658300,PRJNA703757,SAMN18023294,Metagenome or environmental,1923356485,HANS KNOLL INSTITUTE,2017,public,"run.zq,sra,fastq","ncbi,gs,s3","s3.us-east-1,ncbi.public,gs.us-east1",SRX10145966,RS081V5,China,Asia,China: Shanghai,Homo sapiens,Illumina NovaSeq 6000,feces,31.1883 N 121.4368 E,RS081V5,PAIRED,cDNA,METAGENOMIC,gut metagenome,ILLUMINA,2021-12-31T00:00:00Z,2021-02-22T04:03:00Z,1,RS081V5,SRP307400
SRR13759331,WGS,300,5532132000,PRJNA703757,SAMN18023293,Metagenome or environmental,1888752400,HANS KNOLL INSTITUTE,2017,public,"sra,run.zq,fastq","gs,s3,ncbi","ncbi.public,gs.us-east1,s3.us-east-1",SRX10145965,RS081V1,China,Asia,China: Shanghai,Homo sapiens,Illumina NovaSeq 6000,feces,31.1883 N 121.4368 E,RS081V1,PAIRED,cDNA,METAGENOMIC,gut metagenome,ILLUMINA,2021-12-31T00:00:00Z,2021-02-22T04:13:00Z,1,RS081V1,SRP307400
SRR13759332,WGS,300,6680447100,PRJNA703757,SAMN18023292,Metagenome or environmental,2213859151,HANS KNOLL INSTITUTE,2017,public,"sra,run.zq,fastq","ncbi,s3,gs","ncbi.public,s3.us-east-1,gs.us-east1",SRX10145964,RS080V5,China,Asia,China: Shanghai,Homo sapiens,Illumina NovaSeq 6000,feces,31.1883 N 121.4368 E,RS080V5,PAIRED,cDNA,METAGENOMIC,gut metagenome,ILLUMINA,2021-12-31T00:00:00Z,2021-02-22T04:18:00Z,1,RS080V5,SRP307400
SRR13759333,WGS,300,6695532900,PRJNA703757,SAMN18023291,Metagenome or environmental,2234437247,HANS KNOLL INSTITUTE,2017,public,"run.zq,fastq,sra","ncbi,gs,s3","ncbi.public,s3.us-east-1,gs.us-east1",SRX10145963,RS080V1,China,Asia,China: Shanghai,Homo sapiens,Illumina NovaSeq 6000,feces,31.1883 N 121.4368 E,RS080V1,PAIRED,cDNA,METAGENOMIC,gut metagenome,ILLUMINA,2021-12-31T00:00:00Z,2021-02-22T04:09:00Z,1,RS080V1,SRP307400
SRR13759334,WGS,300,7158476400,PRJNA703757,SAMN18023290,Metagenome or environmental,2415419753,HANS KNOLL INSTITUTE,2017,public,"fastq,sra,run.zq","ncbi,gs,s3","s3.us-east-1,gs.us-east1,ncbi.public",SRX10145962,RS076V5,China,Asia,China: Shanghai,Homo sapiens,Illumina NovaSeq 6000,feces,31.1883 N 121.4368 E,RS076V5,PAIRED,cDNA,METAGENOMIC,gut metagenome,ILLUMINA,2021-12-31T00:00:00Z,2021-02-22T04:13:00Z,1,RS076V5,SRP307400
SRR13759335,WGS,300,7116151800,PRJNA703757,SAMN18023289,Metagenome or environmental,2357447121,HANS KNOLL INSTITUTE,2017,public,"run.zq,fastq,sra","s3,gs,ncbi","ncbi.public,s3.us-east-1,gs.us-east1",SRX10145961,RS076V1,China,Asia,China: Shanghai,Homo sapiens,Illumina NovaSeq 6000,feces,31.1883 N 121.4368 E,RS076V1,PAIRED,cDNA,METAGENOMIC,gut metagenome,ILLUMINA,2021-12-31T00:00:00Z,2021-02-22T04:17:00Z,1,RS076V1,SRP307400
SRR13759336,WGS,300,5417928000,PRJNA703757,SAMN18023288,Metagenome or environmental,1800245475,HANS KNOLL INSTITUTE,2017,public,"sra,fastq,run.zq","ncbi,s3,gs","ncbi.public,gs.us-east1,s3.us-east-1",SRX10145960,RS075V5,China,Asia,China: Shanghai,Homo sapiens,Illumina NovaSeq 6000,feces,31.1883 N 121.4368 E,RS075V5,PAIRED,cDNA,METAGENOMIC,gut metagenome,ILLUMINA,2021-12-31T00:00:00Z,2021-02-22T04:17:00Z,1,RS075V5,SRP307400
SRR13759337,WGS,300,6346721700,PRJNA703757,SAMN18023287,Metagenome or environmental,2114631262,HANS KNOLL INSTITUTE,2017,public,"run.zq,fastq,sra","ncbi,s3,gs","s3.us-east-1,ncbi.public,gs.us-east1",SRX10145959,RS075V1,China,Asia,China: Shanghai,Homo sapiens,Illumina NovaSeq 6000,feces,31.1883 N 121.4368 E,RS075V1,PAIRED,cDNA,METAGENOMIC,gut metagenome,ILLUMINA,2021-12-31T00:00:00Z,2021-02-22T04:04:00Z,1,RS075V1,SRP307400
SRR13759338,WGS,300,6178438200,PRJNA703757,SAMN18023161,Metagenome or environmental,2021825364,HANS KNOLL INSTITUTE,2017,public,"run.zq,sra,fastq","s3,ncbi,gs","ncbi.public,s3.us-east-1,gs.us-east1",SRX10145958,CS039V1,China,Asia,China: Shanghai,Homo sapiens,Illumina NovaSeq 6000,feces,31.1883 N 121.4368 E,CS039V1,PAIRED,cDNA,METAGENOMIC,gut metagenome,ILLUMINA,2021-12-31T00:00:00Z,2021-02-22T04:07:00Z,1,CS039V1,SRP307400
SRR13759339,WGS,300,6672337800,PRJNA703757,SAMN18023286,Metagenome or environmental,2336718450,HANS KNOLL INSTITUTE,2017,public,"sra,run.zq,fastq","ncbi,s3,gs","gs.us-east1,ncbi.public,s3.us-east-1",SRX10145957,RS073V5,China,Asia,China: Shanghai,Homo sapiens,Illumina NovaSeq 6000,feces,31.1883 N 121.4368 E,RS073V5,PAIRED,cDNA,METAGENOMIC,gut metagenome,ILLUMINA,2021-12-31T00:00:00Z,2021-02-22T04:09:00Z,1,RS073V5,SRP307400
SRR13759340,WGS,300,5699859900,PRJNA703757,SAMN18023285,Metagenome or environmental,1875807522,HANS KNOLL INSTITUTE,2017,public,"run.zq,sra,fastq","gs,ncbi,s3","s3.us-east-1,gs.us-east1,ncbi.public",SRX10145956,RS073V1,China,Asia,China: Shanghai,Homo sapiens,Illumina NovaSeq 6000,feces,31.1883 N 121.4368 E,RS073V1,PAIRED,cDNA,METAGENOMIC,gut metagenome,ILLUMINA,2021-12-31T00:00:00Z,2021-02-22T04:09:00Z,1,RS073V1,SRP307400
SRR13759341,WGS,300,5629499400,PRJNA703757,SAMN18023284,Metagenome or environmental,1881607036,HANS KNOLL INSTITUTE,2017,public,"fastq,run.zq,sra","gs,ncbi,s3","ncbi.public,gs.us-east1,s3.us-east-1",SRX10145955,RS069V5,China,Asia,China: Shanghai,Homo sapiens,Illumina NovaSeq 6000,feces,31.1883 N 121.4368 E,RS069V5,PAIRED,cDNA,METAGENOMIC,gut metagenome,ILLUMINA,2021-12-31T00:00:00Z,2021-02-22T04:06:00Z,1,RS069V5,SRP307400
SRR13759342,WGS,300,6617427000,PRJNA703757,SAMN18023283,Metagenome or environmental,2228493199,HANS KNOLL INSTITUTE,2017,public,"run.zq,fastq,sra","gs,ncbi,s3","gs.us-east1,ncbi.public,s3.us-east-1",SRX10145954,RS069V1,China,Asia,China: Shanghai,Homo sapiens,Illumina NovaSeq 6000,feces,31.1883 N 121.4368 E,RS069V1,PAIRED,cDNA,METAGENOMIC,gut metagenome,ILLUMINA,2021-12-31T00:00:00Z,2021-02-22T04:04:00Z,1,RS069V1,SRP307400
SRR13759343,WGS,300,5778090600,PRJNA703757,SAMN18023282,Metagenome or environmental,1906002477,HANS KNOLL INSTITUTE,2017,public,"run.zq,sra,fastq","ncbi,s3,gs","gs.us-east1,s3.us-east-1,ncbi.public",SRX10145953,RS064V5,China,Asia,China: Shanghai,Homo sapiens,Illumina NovaSeq 6000,feces,31.1883 N 121.4368 E,RS064V5,PAIRED,cDNA,METAGENOMIC,gut metagenome,ILLUMINA,2021-12-31T00:00:00Z,2021-02-22T04:21:00Z,1,RS064V5,SRP307400
SRR13759344,WGS,300,6012251100,PRJNA703757,SAMN18023281,Metagenome or environmental,1991583643,HANS KNOLL INSTITUTE,2017,public,"fastq,sra,run.zq","gs,s3,ncbi","ncbi.public,s3.us-east-1,gs.us-east1",SRX10145952,RS064V1,China,Asia,China: Shanghai,Homo sapiens,Illumina NovaSeq 6000,feces,31.1883 N 121.4368 E,RS064V1,PAIRED,cDNA,METAGENOMIC,gut metagenome,ILLUMINA,2021-12-31T00:00:00Z,2021-02-22T04:18:00Z,1,RS064V1,SRP307400
SRR13759345,WGS,300,4990180800,PRJNA703757,SAMN18023280,Metagenome or environmental,1658689724,HANS KNOLL INSTITUTE,2017,public,"sra,run.zq,fastq","ncbi,s3,gs","ncbi.public,gs.us-east1,s3.us-east-1",SRX10145951,RS063V5,China,Asia,China: Shanghai,Homo sapiens,Illumina NovaSeq 6000,feces,31.1883 N 121.4368 E,RS063V5,PAIRED,cDNA,METAGENOMIC,gut metagenome,ILLUMINA,2021-12-31T00:00:00Z,2021-02-22T04:20:00Z,1,RS063V5,SRP307400
SRR13759346,WGS,300,6394042200,PRJNA703757,SAMN18023279,Metagenome or environmental,2120492797,HANS KNOLL INSTITUTE,2017,public,"run.zq,sra,fastq","ncbi,gs,s3","gs.us-east1,s3.us-east-1,ncbi.public",SRX10145950,RS063V1,China,Asia,China: Shanghai,Homo sapiens,Illumina NovaSeq 6000,feces,31.1883 N 121.4368 E,RS063V1,PAIRED,cDNA,METAGENOMIC,gut metagenome,ILLUMINA,2021-12-31T00:00:00Z,2021-02-22T04:09:00Z,1,RS063V1,SRP307400
SRR13759347,WGS,300,6629784600,PRJNA703757,SAMN18023278,Metagenome or environmental,2198130740,HANS KNOLL INSTITUTE,2017,public,"fastq,sra,run.zq","ncbi,s3,gs","gs.us-east1,ncbi.public,s3.us-east-1",SRX10145949,RS061V5,China,Asia,China: Shanghai,Homo sapiens,Illumina NovaSeq 6000,feces,31.1883 N 121.4368 E,RS061V5,PAIRED,cDNA,METAGENOMIC,gut metagenome,ILLUMINA,2021-12-31T00:00:00Z,2021-02-22T04:04:00Z,1,RS061V5,SRP307400
SRR13759348,WGS,300,8648203200,PRJNA703757,SAMN18023277,Metagenome or environmental,2907905185,HANS KNOLL INSTITUTE,2017,public,"run.zq,fastq,sra","s3,ncbi,gs","s3.us-east-1,ncbi.public,gs.us-east1",SRX10145948,RS061V1,China,Asia,China: Shanghai,Homo sapiens,Illumina NovaSeq 6000,feces,31.1883 N 121.4368 E,RS061V1,PAIRED,cDNA,METAGENOMIC,gut metagenome,ILLUMINA,2021-12-31T00:00:00Z,2021-02-22T04:11:00Z,1,RS061V1,SRP307400
SRR13759349,WGS,300,5577784200,PRJNA703757,SAMN18023160,Metagenome or environmental,1809162525,HANS KNOLL INSTITUTE,2017,public,"sra,run.zq,fastq","ncbi,gs,s3","ncbi.public,gs.us-east1,s3.us-east-1",SRX10145947,CS038V5,China,Asia,China: Shanghai,Homo sapiens,Illumina NovaSeq 6000,feces,31.1883 N 121.4368 E,CS038V5,PAIRED,cDNA,METAGENOMIC,gut metagenome,ILLUMINA,2021-12-31T00:00:00Z,2021-02-22T04:11:00Z,1,CS038V5,SRP307400
SRR13759350,WGS,300,7083774300,PRJNA703757,SAMN18023276,Metagenome or environmental,2320562522,HANS KNOLL INSTITUTE,2017,public,"fastq,run.zq,sra","ncbi,s3,gs","s3.us-east-1,ncbi.public,gs.us-east1",SRX10145946,RS058V5,China,Asia,China: Shanghai,Homo sapiens,Illumina NovaSeq 6000,feces,31.1883 N 121.4368 E,RS058V5,PAIRED,cDNA,METAGENOMIC,gut metagenome,ILLUMINA,2021-12-31T00:00:00Z,2021-02-22T04:14:00Z,1,RS058V5,SRP307400
SRR13759351,WGS,300,6496400700,PRJNA703757,SAMN18023275,Metagenome or environmental,2175507504,HANS KNOLL INSTITUTE,2017,public,"fastq,run.zq,sra","s3,ncbi,gs","ncbi.public,s3.us-east-1,gs.us-east1",SRX10145945,RS058V1,China,Asia,China: Shanghai,Homo sapiens,Illumina NovaSeq 6000,feces,31.1883 N 121.4368 E,RS058V1,PAIRED,cDNA,METAGENOMIC,gut metagenome,ILLUMINA,2021-12-31T00:00:00Z,2021-02-22T04:06:00Z,1,RS058V1,SRP307400
SRR13759352,WGS,300,5495078400,PRJNA703757,SAMN18023274,Metagenome or environmental,1843451713,HANS KNOLL INSTITUTE,2017,public,"fastq,sra,run.zq","gs,s3,ncbi","gs.us-east1,ncbi.public,s3.us-east-1",SRX10145944,RS054V5,China,Asia,China: Shanghai,Homo sapiens,Illumina NovaSeq 6000,feces,31.1883 N 121.4368 E,RS054V5,PAIRED,cDNA,METAGENOMIC,gut metagenome,ILLUMINA,2021-12-31T00:00:00Z,2021-02-22T04:16:00Z,1,RS054V5,SRP307400
SRR13759353,WGS,300,5320837500,PRJNA703757,SAMN18023273,Metagenome or environmental,1763544113,HANS KNOLL INSTITUTE,2017,public,"fastq,sra,run.zq","ncbi,s3,gs","s3.us-east-1,gs.us-east1,ncbi.public",SRX10145943,RS054V1,China,Asia,China: Shanghai,Homo sapiens,Illumina NovaSeq 6000,feces,31.1883 N 121.4368 E,RS054V1,PAIRED,cDNA,METAGENOMIC,gut metagenome,ILLUMINA,2021-12-31T00:00:00Z,2021-02-22T04:00:00Z,1,RS054V1,SRP307400
SRR13759354,WGS,300,5017498200,PRJNA703757,SAMN18023272,Metagenome or environmental,1681047692,HANS KNOLL INSTITUTE,2017,public,"sra,fastq,run.zq","s3,ncbi,gs","gs.us-east1,ncbi.public,s3.us-east-1",SRX10145942,RS053V5,China,Asia,China: Shanghai,Homo sapiens,Illumina NovaSeq 6000,feces,31.1883 N 121.4368 E,RS053V5,PAIRED,cDNA,METAGENOMIC,gut metagenome,ILLUMINA,2021-12-31T00:00:00Z,2021-02-22T04:18:00Z,1,RS053V5,SRP307400
SRR13759355,WGS,300,5271990300,PRJNA703757,SAMN18023271,Metagenome or environmental,1764796149,HANS KNOLL INSTITUTE,2017,public,"run.zq,fastq,sra","ncbi,gs,s3","s3.us-east-1,gs.us-east1,ncbi.public",SRX10145941,RS053V1,China,Asia,China: Shanghai,Homo sapiens,Illumina NovaSeq 6000,feces,31.1883 N 121.4368 E,RS053V1,PAIRED,cDNA,METAGENOMIC,gut metagenome,ILLUMINA,2021-12-31T00:00:00Z,2021-02-22T04:12:00Z,1,RS053V1,SRP307400
SRR13759356,WGS,300,7446757500,PRJNA703757,SAMN18023270,Metagenome or environmental,2472958006,HANS KNOLL INSTITUTE,2017,public,"run.zq,sra,fastq","s3,ncbi,gs","gs.us-east1,s3.us-east-1,ncbi.public",SRX10145940,RS046V5,China,Asia,China: Shanghai,Homo sapiens,Illumina NovaSeq 6000,feces,31.1883 N 121.4368 E,RS046V5,PAIRED,cDNA,METAGENOMIC,gut metagenome,ILLUMINA,2021-12-31T00:00:00Z,2021-02-22T04:08:00Z,1,RS046V5,SRP307400
SRR13759357,WGS,300,4724430300,PRJNA703757,SAMN18023269,Metagenome or environmental,1564106468,HANS KNOLL INSTITUTE,2017,public,"sra,fastq,run.zq","s3,ncbi,gs","ncbi.public,gs.us-east1,s3.us-east-1",SRX10145939,RS046V1,China,Asia,China: Shanghai,Homo sapiens,Illumina NovaSeq 6000,feces,31.1883 N 121.4368 E,RS046V1,PAIRED,cDNA,METAGENOMIC,gut metagenome,ILLUMINA,2021-12-31T00:00:00Z,2021-02-22T04:00:00Z,1,RS046V1,SRP307400
SRR13759358,WGS,300,6839417100,PRJNA703757,SAMN18023268,Metagenome or environmental,2291135043,HANS KNOLL INSTITUTE,2017,public,"sra,fastq,run.zq","gs,ncbi,s3","s3.us-east-1,ncbi.public,gs.us-east1",SRX10145938,RS041V5,China,Asia,China: Shanghai,Homo sapiens,Illumina NovaSeq 6000,feces,31.1883 N 121.4368 E,RS041V5,PAIRED,cDNA,METAGENOMIC,gut metagenome,ILLUMINA,2021-12-31T00:00:00Z,2021-02-22T04:17:00Z,1,RS041V5,SRP307400
SRR13759359,WGS,300,5004629400,PRJNA703757,SAMN18023267,Metagenome or environmental,1676464758,HANS KNOLL INSTITUTE,2017,public,"sra,fastq,run.zq","s3,ncbi,gs","ncbi.public,gs.us-east1,s3.us-east-1",SRX10145937,RS041V1,China,Asia,China: Shanghai,Homo sapiens,Illumina NovaSeq 6000,feces,31.1883 N 121.4368 E,RS041V1,PAIRED,cDNA,METAGENOMIC,gut metagenome,ILLUMINA,2021-12-31T00:00:00Z,2021-02-22T04:04:00Z,1,RS041V1,SRP307400
SRR13759360,WGS,300,5507045700,PRJNA703757,SAMN18023159,Metagenome or environmental,1792439160,HANS KNOLL INSTITUTE,2017,public,"fastq,run.zq,sra","s3,ncbi,gs","gs.us-east1,ncbi.public,s3.us-east-1",SRX10145936,CS038V1,China,Asia,China: Shanghai,Homo sapiens,Illumina NovaSeq 6000,feces,31.1883 N 121.4368 E,CS038V1,PAIRED,cDNA,METAGENOMIC,gut metagenome,ILLUMINA,2021-12-31T00:00:00Z,2021-02-22T04:01:00Z,1,CS038V1,SRP307400
SRR13759361,WGS,300,5677036800,PRJNA703757,SAMN18023266,Metagenome or environmental,1885243822,HANS KNOLL INSTITUTE,2017,public,"sra,fastq,run.zq","ncbi,s3,gs","s3.us-east-1,ncbi.public,gs.us-east1",SRX10145935,RS034V5,China,Asia,China: Shanghai,Homo sapiens,Illumina NovaSeq 6000,feces,31.1883 N 121.4368 E,RS034V5,PAIRED,cDNA,METAGENOMIC,gut metagenome,ILLUMINA,2021-12-31T00:00:00Z,2021-02-22T04:13:00Z,1,RS034V5,SRP307400
SRR13759362,WGS,300,6999596100,PRJNA703757,SAMN18023265,Metagenome or environmental,2311410190,HANS KNOLL INSTITUTE,2017,public,"sra,fastq,run.zq","s3,gs,ncbi","gs.us-east1,ncbi.public,s3.us-east-1",SRX10145934,RS034V1,China,Asia,China: Shanghai,Homo sapiens,Illumina NovaSeq 6000,feces,31.1883 N 121.4368 E,RS034V1,PAIRED,cDNA,METAGENOMIC,gut metagenome,ILLUMINA,2021-12-31T00:00:00Z,2021-02-22T04:12:00Z,1,RS034V1,SRP307400
SRR13759363,WGS,300,6779004300,PRJNA703757,SAMN18023264,Metagenome or environmental,2267922978,HANS KNOLL INSTITUTE,2017,public,"fastq,run.zq,sra","ncbi,s3,gs","s3.us-east-1,gs.us-east1,ncbi.public",SRX10145933,RS027V5,China,Asia,China: Shanghai,Homo sapiens,Illumina NovaSeq 6000,feces,31.1883 N 121.4368 E,RS027V5,PAIRED,cDNA,METAGENOMIC,gut metagenome,ILLUMINA,2021-12-31T00:00:00Z,2021-02-22T04:04:00Z,1,RS027V5,SRP307400
SRR13759364,WGS,300,7154639400,PRJNA703757,SAMN18023263,Metagenome or environmental,2413177825,HANS KNOLL INSTITUTE,2017,public,"fastq,run.zq,sra","s3,ncbi,gs","ncbi.public,s3.us-east-1,gs.us-east1",SRX10145932,RS027V1,China,Asia,China: Shanghai,Homo sapiens,Illumina NovaSeq 6000,feces,31.1883 N 121.4368 E,RS027V1,PAIRED,cDNA,METAGENOMIC,gut metagenome,ILLUMINA,2021-12-31T00:00:00Z,2021-02-22T04:05:00Z,1,RS027V1,SRP307400
SRR13759365,WGS,300,6003104700,PRJNA703757,SAMN18023262,Metagenome or environmental,2002921225,HANS KNOLL INSTITUTE,2017,public,"sra,fastq,run.zq","ncbi,gs,s3","ncbi.public,gs.us-east1,s3.us-east-1",SRX10145931,RS026V5,China,Asia,China: Shanghai,Homo sapiens,Illumina NovaSeq 6000,feces,31.1883 N 121.4368 E,RS026V5,PAIRED,cDNA,METAGENOMIC,gut metagenome,ILLUMINA,2021-12-31T00:00:00Z,2021-02-22T04:06:00Z,1,RS026V5,SRP307400
SRR13759366,WGS,300,6830924400,PRJNA703757,SAMN18023261,Metagenome or environmental,2246025526,HANS KNOLL INSTITUTE,2017,public,"sra,run.zq,fastq","ncbi,gs,s3","s3.us-east-1,gs.us-east1,ncbi.public",SRX10145930,RS026V1,China,Asia,China: Shanghai,Homo sapiens,Illumina NovaSeq 6000,feces,31.1883 N 121.4368 E,RS026V1,PAIRED,cDNA,METAGENOMIC,gut metagenome,ILLUMINA,2021-12-31T00:00:00Z,2021-02-22T04:16:00Z,1,RS026V1,SRP307400
SRR13759367,WGS,300,4373257200,PRJNA703757,SAMN18023260,Metagenome or environmental,1409584169,HANS KNOLL INSTITUTE,2017,public,"run.zq,sra,fastq","ncbi,gs,s3","s3.us-east-1,gs.us-east1,ncbi.public",SRX10145929,RS025V5,China,Asia,China: Shanghai,Homo sapiens,Illumina NovaSeq 6000,feces,31.1883 N 121.4368 E,RS025V5,PAIRED,cDNA,METAGENOMIC,gut metagenome,ILLUMINA,2021-12-31T00:00:00Z,2021-02-22T04:01:00Z,1,RS025V5,SRP307400
SRR13759368,WGS,300,5998295700,PRJNA703757,SAMN18023259,Metagenome or environmental,1920311232,HANS KNOLL INSTITUTE,2017,public,"sra,fastq,run.zq","s3,ncbi,gs","gs.us-east1,s3.us-east-1,ncbi.public",SRX10145928,RS025V1,China,Asia,China: Shanghai,Homo sapiens,Illumina NovaSeq 6000,feces,31.1883 N 121.4368 E,RS025V1,PAIRED,cDNA,METAGENOMIC,gut metagenome,ILLUMINA,2021-12-31T00:00:00Z,2021-02-22T04:07:00Z,1,RS025V1,SRP307400
SRR13759369,WGS,300,6541138500,PRJNA703757,SAMN18023258,Metagenome or environmental,2253939368,HANS KNOLL INSTITUTE,2017,public,"run.zq,sra,fastq","s3,gs,ncbi","ncbi.public,s3.us-east-1,gs.us-east1",SRX10145927,RS023V5,China,Asia,China: Shanghai,Homo sapiens,Illumina NovaSeq 6000,feces,31.1883 N 121.4368 E,RS023V5,PAIRED,cDNA,METAGENOMIC,gut metagenome,ILLUMINA,2021-12-31T00:00:00Z,2021-02-22T04:05:00Z,1,RS023V5,SRP307400
SRR13759370,WGS,300,6333998700,PRJNA703757,SAMN18023257,Metagenome or environmental,2093342870,HANS KNOLL INSTITUTE,2017,public,"run.zq,fastq,sra","ncbi,gs,s3","gs.us-east1,s3.us-east-1,ncbi.public",SRX10145926,RS023V1,China,Asia,China: Shanghai,Homo sapiens,Illumina NovaSeq 6000,feces,31.1883 N 121.4368 E,RS023V1,PAIRED,cDNA,METAGENOMIC,gut metagenome,ILLUMINA,2021-12-31T00:00:00Z,2021-02-22T04:14:00Z,1,RS023V1,SRP307400
SRR13759371,WGS,300,5247056100,PRJNA703757,SAMN18023158,Metagenome or environmental,1670761111,HANS KNOLL INSTITUTE,2017,public,"sra,fastq,run.zq","gs,s3,ncbi","ncbi.public,s3.us-east-1,gs.us-east1",SRX10145925,CS035V5,China,Asia,China: Shanghai,Homo sapiens,Illumina NovaSeq 6000,feces,31.1883 N 121.4368 E,CS035V5,PAIRED,cDNA,METAGENOMIC,gut metagenome,ILLUMINA,2021-12-31T00:00:00Z,2021-02-22T04:14:00Z,1,CS035V5,SRP307400
SRR13759372,WGS,300,5080472100,PRJNA703757,SAMN18023256,Metagenome or environmental,1720269141,HANS KNOLL INSTITUTE,2017,public,"run.zq,sra,fastq","gs,ncbi,s3","s3.us-east-1,gs.us-east1,ncbi.public",SRX10145924,RS018V5,China,Asia,China: Shanghai,Homo sapiens,Illumina NovaSeq 6000,feces,31.1883 N 121.4368 E,RS018V5,PAIRED,cDNA,METAGENOMIC,gut metagenome,ILLUMINA,2021-12-31T00:00:00Z,2021-02-22T04:06:00Z,1,RS018V5,SRP307400
SRR13759373,WGS,300,6253640100,PRJNA703757,SAMN18023255,Metagenome or environmental,2079728508,HANS KNOLL INSTITUTE,2017,public,"sra,fastq,run.zq","s3,ncbi,gs","ncbi.public,s3.us-east-1,gs.us-east1",SRX10145923,RS018V1,China,Asia,China: Shanghai,Homo sapiens,Illumina NovaSeq 6000,feces,31.1883 N 121.4368 E,RS018V1,PAIRED,cDNA,METAGENOMIC,gut metagenome,ILLUMINA,2021-12-31T00:00:00Z,2021-02-22T04:04:00Z,1,RS018V1,SRP307400
SRR13759374,WGS,300,5425792800,PRJNA703757,SAMN18023254,Metagenome or environmental,1784359728,HANS KNOLL INSTITUTE,2017,public,"run.zq,fastq,sra","gs,ncbi,s3","gs.us-east1,s3.us-east-1,ncbi.public",SRX10145922,RS012V5,China,Asia,China: Shanghai,Homo sapiens,Illumina NovaSeq 6000,feces,31.1883 N 121.4368 E,RS012V5,PAIRED,cDNA,METAGENOMIC,gut metagenome,ILLUMINA,2021-12-31T00:00:00Z,2021-02-22T04:09:00Z,1,RS012V5,SRP307400
SRR13759375,WGS,300,7068666000,PRJNA703757,SAMN18023253,Metagenome or environmental,2343274916,HANS KNOLL INSTITUTE,2017,public,"fastq,run.zq,sra","s3,gs,ncbi","gs.us-east1,s3.us-east-1,ncbi.public",SRX10145921,RS012V1,China,Asia,China: Shanghai,Homo sapiens,Illumina NovaSeq 6000,feces,31.1883 N 121.4368 E,RS012V1,PAIRED,cDNA,METAGENOMIC,gut metagenome,ILLUMINA,2021-12-31T00:00:00Z,2021-02-22T04:16:00Z,1,RS012V1,SRP307400
SRR13759376,WGS,300,6604641000,PRJNA703757,SAMN18023252,Metagenome or environmental,2142454782,HANS KNOLL INSTITUTE,2017,public,"run.zq,sra,fastq","gs,ncbi,s3","ncbi.public,s3.us-east-1,gs.us-east1",SRX10145920,RS011V5,China,Asia,China: Shanghai,Homo sapiens,Illumina NovaSeq 6000,feces,31.1883 N 121.4368 E,RS011V5,PAIRED,cDNA,METAGENOMIC,gut metagenome,ILLUMINA,2021-12-31T00:00:00Z,2021-02-22T04:14:00Z,1,RS011V5,SRP307400
SRR13759377,WGS,300,5842451700,PRJNA703757,SAMN18023251,Metagenome or environmental,1902776383,HANS KNOLL INSTITUTE,2017,public,"run.zq,fastq,sra","s3,gs,ncbi","ncbi.public,s3.us-east-1,gs.us-east1",SRX10145919,RS011V1,China,Asia,China: Shanghai,Homo sapiens,Illumina NovaSeq 6000,feces,31.1883 N 121.4368 E,RS011V1,PAIRED,cDNA,METAGENOMIC,gut metagenome,ILLUMINA,2021-12-31T00:00:00Z,2021-02-22T04:12:00Z,1,RS011V1,SRP307400
SRR13759378,WGS,300,5748354300,PRJNA703757,SAMN18023250,Metagenome or environmental,1918219451,HANS KNOLL INSTITUTE,2017,public,"sra,fastq,run.zq","gs,ncbi,s3","ncbi.public,gs.us-east1,s3.us-east-1",SRX10145918,RS010V5,China,Asia,China: Shanghai,Homo sapiens,Illumina NovaSeq 6000,feces,31.1883 N 121.4368 E,RS010V5,PAIRED,cDNA,METAGENOMIC,gut metagenome,ILLUMINA,2021-12-31T00:00:00Z,2021-02-22T04:02:00Z,1,RS010V5,SRP307400
SRR13759379,WGS,300,6596501700,PRJNA703757,SAMN18023249,Metagenome or environmental,2170302563,HANS KNOLL INSTITUTE,2017,public,"sra,run.zq,fastq","gs,ncbi,s3","gs.us-east1,ncbi.public,s3.us-east-1",SRX10145917,RS010V1,China,Asia,China: Shanghai,Homo sapiens,Illumina NovaSeq 6000,feces,31.1883 N 121.4368 E,RS010V1,PAIRED,cDNA,METAGENOMIC,gut metagenome,ILLUMINA,2021-12-31T00:00:00Z,2021-02-22T04:04:00Z,1,RS010V1,SRP307400
SRR13759380,WGS,300,6488162400,PRJNA703757,SAMN18023248,Metagenome or environmental,2166477747,HANS KNOLL INSTITUTE,2017,public,"sra,fastq,run.zq","ncbi,s3,gs","ncbi.public,gs.us-east1,s3.us-east-1",SRX10145916,RS003V5,China,Asia,China: Shanghai,Homo sapiens,Illumina NovaSeq 6000,feces,31.1883 N 121.4368 E,RS003V5,PAIRED,cDNA,METAGENOMIC,gut metagenome,ILLUMINA,2021-12-31T00:00:00Z,2021-02-22T04:11:00Z,1,RS003V5,SRP307400
SRR13759381,WGS,300,6464040000,PRJNA703757,SAMN18023247,Metagenome or environmental,2137587949,HANS KNOLL INSTITUTE,2017,public,"run.zq,fastq,sra","ncbi,s3,gs","s3.us-east-1,gs.us-east1,ncbi.public",SRX10145915,RS003V1,China,Asia,China: Shanghai,Homo sapiens,Illumina NovaSeq 6000,feces,31.1883 N 121.4368 E,RS003V1,PAIRED,cDNA,METAGENOMIC,gut metagenome,ILLUMINA,2021-12-31T00:00:00Z,2021-02-22T04:28:00Z,1,RS003V1,SRP307400
SRR13759382,WGS,300,5531843400,PRJNA703757,SAMN18023157,Metagenome or environmental,1778480428,HANS KNOLL INSTITUTE,2017,public,"sra,fastq,run.zq","ncbi,s3,gs","s3.us-east-1,ncbi.public,gs.us-east1",SRX10145914,CS035V1,China,Asia,China: Shanghai,Homo sapiens,Illumina NovaSeq 6000,feces,31.1883 N 121.4368 E,CS035V1,PAIRED,cDNA,METAGENOMIC,gut metagenome,ILLUMINA,2021-12-31T00:00:00Z,2021-02-22T04:10:00Z,1,CS035V1,SRP307400
SRR13759383,WGS,300,5515248300,PRJNA703757,SAMN18023148,Metagenome or environmental,1762236377,HANS KNOLL INSTITUTE,2017,public,"fastq,sra,run.zq","gs,ncbi,s3","gs.us-east1,ncbi.public,s3.us-east-1",SRX10145913,CS008V5,China,Asia,China: Shanghai,Homo sapiens,Illumina NovaSeq 6000,feces,31.1883 N 121.4368 E,CS008V5,PAIRED,cDNA,METAGENOMIC,gut metagenome,ILLUMINA,2021-12-31T00:00:00Z,2021-02-22T04:07:00Z,1,CS008V5,SRP307400
SRR13759384,WGS,300,6160205100,PRJNA703757,SAMN18023147,Metagenome or environmental,1957651802,HANS KNOLL INSTITUTE,2017,public,"sra,fastq,run.zq","gs,s3,ncbi","ncbi.public,s3.us-east-1,gs.us-east1",SRX10145912,CS008V1,China,Asia,China: Shanghai,Homo sapiens,Illumina NovaSeq 6000,feces,31.1883 N 121.4368 E,CS008V1,PAIRED,cDNA,METAGENOMIC,gut metagenome,ILLUMINA,2021-12-31T00:00:00Z,2021-02-22T04:10:00Z,1,CS008V1,SRP307400
