Run,Assay Type,AvgSpotLen,Bases,BioProject,BioSample,BioSampleModel,Bytes,Center Name,Collection_Date,Consent,DATASTORE filetype,DATASTORE provider,DATASTORE region,env_broad_scale,env_local_scale,env_medium,Experiment,geo_loc_name_country,geo_loc_name_country_continent,geo_loc_name,HOST,Instrument,lat_lon,Library Name,LibraryLayout,LibrarySelection,LibrarySource,Organism,Platform,ReleaseDate,create_date,version,Sample Name,Sample_name,SRA Study
DRR412432,AMPLICON,601,12699365,PRJDB14539,SAMD00548474,MIMARKS.survey.human-gut,7450305,METAGEN,2022-10-07,public,"run.zq,sra","gs,ncbi,s3","gs.us-east1,ncbi.public,s3.us-east-1",host-associated,mammalia-associated habitat,feces,DRX398033,Japan,Asia,Japan,Homo sapiens,Illumina MiSeq,missing,,PAIRED,PCR,METAGENOMIC,human gut metagenome,ILLUMINA,2022-11-16T00:00:00Z,2022-11-16T13:13:00Z,1,SAMD00548474,C_01_0w,DRP009232
DRR412433,AMPLICON,601,9631731,PRJDB14539,SAMD00548475,MIMARKS.survey.human-gut,5588133,METAGEN,2022-10-07,public,"run.zq,sra","gs,ncbi,s3","gs.us-east1,ncbi.public,s3.us-east-1",host-associated,mammalia-associated habitat,feces,DRX398034,Japan,Asia,Japan,Homo sapiens,Illumina MiSeq,missing,,PAIRED,PCR,METAGENOMIC,human gut metagenome,ILLUMINA,2022-11-16T00:00:00Z,2022-11-16T13:09:00Z,1,SAMD00548475,C_01_4w,DRP009232
DRR412434,AMPLICON,601,11153862,PRJDB14539,SAMD00548476,MIMARKS.survey.human-gut,6482036,METAGEN,2022-10-07,public,"run.zq,sra","gs,ncbi,s3","gs.us-east1,ncbi.public,s3.us-east-1",host-associated,mammalia-associated habitat,feces,DRX398035,Japan,Asia,Japan,Homo sapiens,Illumina MiSeq,missing,,PAIRED,PCR,METAGENOMIC,human gut metagenome,ILLUMINA,2022-11-16T00:00:00Z,2022-11-16T13:12:00Z,1,SAMD00548476,T_02_0w,DRP009232
DRR412435,AMPLICON,601,13774605,PRJDB14539,SAMD00548477,MIMARKS.survey.human-gut,7953898,METAGEN,2022-10-07,public,"run.zq,sra","gs,ncbi,s3","gs.us-east1,ncbi.public,s3.us-east-1",host-associated,mammalia-associated habitat,feces,DRX398036,Japan,Asia,Japan,Homo sapiens,Illumina MiSeq,missing,,PAIRED,PCR,METAGENOMIC,human gut metagenome,ILLUMINA,2022-11-16T00:00:00Z,2022-11-16T13:08:00Z,1,SAMD00548477,T_02_4w,DRP009232
DRR412436,AMPLICON,601,11119088,PRJDB14539,SAMD00548478,MIMARKS.survey.human-gut,6484493,METAGEN,2022-10-07,public,"run.zq,sra","gs,ncbi,s3","gs.us-east1,ncbi.public,s3.us-east-1",host-associated,mammalia-associated habitat,feces,DRX398037,Japan,Asia,Japan,Homo sapiens,Illumina MiSeq,missing,,PAIRED,PCR,METAGENOMIC,human gut metagenome,ILLUMINA,2022-11-16T00:00:00Z,2022-11-16T13:10:00Z,1,SAMD00548478,T_03_0w,DRP009232
DRR412437,AMPLICON,601,13205055,PRJDB14539,SAMD00548479,MIMARKS.survey.human-gut,7653620,METAGEN,2022-10-07,public,"run.zq,sra","gs,ncbi,s3","gs.us-east1,ncbi.public,s3.us-east-1",host-associated,mammalia-associated habitat,feces,DRX398038,Japan,Asia,Japan,Homo sapiens,Illumina MiSeq,missing,,PAIRED,PCR,METAGENOMIC,human gut metagenome,ILLUMINA,2022-11-16T00:00:00Z,2022-11-16T13:12:00Z,1,SAMD00548479,T_03_4w,DRP009232
DRR412438,AMPLICON,601,11189255,PRJDB14539,SAMD00548480,MIMARKS.survey.human-gut,6609960,METAGEN,2022-10-07,public,"run.zq,sra","gs,ncbi,s3","gs.us-east1,ncbi.public,s3.us-east-1",host-associated,mammalia-associated habitat,feces,DRX398039,Japan,Asia,Japan,Homo sapiens,Illumina MiSeq,missing,,PAIRED,PCR,METAGENOMIC,human gut metagenome,ILLUMINA,2022-11-16T00:00:00Z,2022-11-16T13:08:00Z,1,SAMD00548480,C_04_0w,DRP009232
DRR412439,AMPLICON,601,11448907,PRJDB14539,SAMD00548481,MIMARKS.survey.human-gut,6687585,METAGEN,2022-10-07,public,"run.zq,sra","gs,ncbi,s3","gs.us-east1,ncbi.public,s3.us-east-1",host-associated,mammalia-associated habitat,feces,DRX398040,Japan,Asia,Japan,Homo sapiens,Illumina MiSeq,missing,,PAIRED,PCR,METAGENOMIC,human gut metagenome,ILLUMINA,2022-11-16T00:00:00Z,2022-11-16T13:11:00Z,1,SAMD00548481,C_04_4w,DRP009232
DRR412440,AMPLICON,601,11433617,PRJDB14539,SAMD00548482,MIMARKS.survey.human-gut,6653050,METAGEN,2022-10-07,public,"run.zq,sra","gs,ncbi,s3","gs.us-east1,ncbi.public,s3.us-east-1",host-associated,mammalia-associated habitat,feces,DRX398041,Japan,Asia,Japan,Homo sapiens,Illumina MiSeq,missing,,PAIRED,PCR,METAGENOMIC,human gut metagenome,ILLUMINA,2022-11-16T00:00:00Z,2022-11-16T13:11:00Z,1,SAMD00548482,C_05_0w,DRP009232
DRR412441,AMPLICON,601,13402722,PRJDB14539,SAMD00548483,MIMARKS.survey.human-gut,7738404,METAGEN,2022-10-07,public,"run.zq,sra","gs,ncbi,s3","gs.us-east1,ncbi.public,s3.us-east-1",host-associated,mammalia-associated habitat,feces,DRX398042,Japan,Asia,Japan,Homo sapiens,Illumina MiSeq,missing,,PAIRED,PCR,METAGENOMIC,human gut metagenome,ILLUMINA,2022-11-16T00:00:00Z,2022-11-16T13:10:00Z,1,SAMD00548483,C_05_4w,DRP009232
DRR412442,AMPLICON,601,12865352,PRJDB14539,SAMD00548484,MIMARKS.survey.human-gut,7552378,METAGEN,2022-10-07,public,"run.zq,sra","gs,ncbi,s3","gs.us-east1,ncbi.public,s3.us-east-1",host-associated,mammalia-associated habitat,feces,DRX398043,Japan,Asia,Japan,Homo sapiens,Illumina MiSeq,missing,,PAIRED,PCR,METAGENOMIC,human gut metagenome,ILLUMINA,2022-11-16T00:00:00Z,2022-11-16T13:11:00Z,1,SAMD00548484,C_06_0w,DRP009232
DRR412443,AMPLICON,601,14330376,PRJDB14539,SAMD00548485,MIMARKS.survey.human-gut,8390067,METAGEN,2022-10-07,public,"run.zq,sra","gs,ncbi,s3","gs.us-east1,ncbi.public,s3.us-east-1",host-associated,mammalia-associated habitat,feces,DRX398044,Japan,Asia,Japan,Homo sapiens,Illumina MiSeq,missing,,PAIRED,PCR,METAGENOMIC,human gut metagenome,ILLUMINA,2022-11-16T00:00:00Z,2022-11-16T13:06:00Z,1,SAMD00548485,C_06_4w,DRP009232
DRR412444,AMPLICON,601,10514954,PRJDB14539,SAMD00548486,MIMARKS.survey.human-gut,6212682,METAGEN,2022-10-07,public,"run.zq,sra","gs,ncbi,s3","gs.us-east1,ncbi.public,s3.us-east-1",host-associated,mammalia-associated habitat,feces,DRX398045,Japan,Asia,Japan,Homo sapiens,Illumina MiSeq,missing,,PAIRED,PCR,METAGENOMIC,human gut metagenome,ILLUMINA,2022-11-16T00:00:00Z,2022-11-16T13:08:00Z,1,SAMD00548486,C_07_0w,DRP009232
DRR412445,AMPLICON,601,10730118,PRJDB14539,SAMD00548487,MIMARKS.survey.human-gut,6277236,METAGEN,2022-10-07,public,"run.zq,sra","gs,ncbi,s3","gs.us-east1,ncbi.public,s3.us-east-1",host-associated,mammalia-associated habitat,feces,DRX398046,Japan,Asia,Japan,Homo sapiens,Illumina MiSeq,missing,,PAIRED,PCR,METAGENOMIC,human gut metagenome,ILLUMINA,2022-11-16T00:00:00Z,2022-11-16T13:07:00Z,1,SAMD00548487,C_07_4w,DRP009232
DRR412446,AMPLICON,601,11341541,PRJDB14539,SAMD00548488,MIMARKS.survey.human-gut,6646501,METAGEN,2022-10-07,public,"run.zq,sra","gs,ncbi,s3","gs.us-east1,ncbi.public,s3.us-east-1",host-associated,mammalia-associated habitat,feces,DRX398047,Japan,Asia,Japan,Homo sapiens,Illumina MiSeq,missing,,PAIRED,PCR,METAGENOMIC,human gut metagenome,ILLUMINA,2022-11-16T00:00:00Z,2022-11-16T13:09:00Z,1,SAMD00548488,C_08_0w,DRP009232
DRR412447,AMPLICON,601,11503809,PRJDB14539,SAMD00548489,MIMARKS.survey.human-gut,6719410,METAGEN,2022-10-07,public,"run.zq,sra","gs,ncbi,s3","gs.us-east1,ncbi.public,s3.us-east-1",host-associated,mammalia-associated habitat,feces,DRX398048,Japan,Asia,Japan,Homo sapiens,Illumina MiSeq,missing,,PAIRED,PCR,METAGENOMIC,human gut metagenome,ILLUMINA,2022-11-16T00:00:00Z,2022-11-16T13:07:00Z,1,SAMD00548489,C_08_4w,DRP009232
DRR412448,AMPLICON,601,10995563,PRJDB14539,SAMD00548490,MIMARKS.survey.human-gut,6452972,METAGEN,2022-10-07,public,"run.zq,sra","gs,ncbi,s3","gs.us-east1,ncbi.public,s3.us-east-1",host-associated,mammalia-associated habitat,feces,DRX398049,Japan,Asia,Japan,Homo sapiens,Illumina MiSeq,missing,,PAIRED,PCR,METAGENOMIC,human gut metagenome,ILLUMINA,2022-11-16T00:00:00Z,2022-11-16T13:08:00Z,1,SAMD00548490,T_09_0w,DRP009232
DRR412449,AMPLICON,601,11338778,PRJDB14539,SAMD00548491,MIMARKS.survey.human-gut,6620457,METAGEN,2022-10-07,public,"run.zq,sra","gs,ncbi,s3","gs.us-east1,ncbi.public,s3.us-east-1",host-associated,mammalia-associated habitat,feces,DRX398050,Japan,Asia,Japan,Homo sapiens,Illumina MiSeq,missing,,PAIRED,PCR,METAGENOMIC,human gut metagenome,ILLUMINA,2022-11-16T00:00:00Z,2022-11-16T13:11:00Z,1,SAMD00548491,T_09_4w,DRP009232
DRR412450,AMPLICON,601,11084734,PRJDB14539,SAMD00548492,MIMARKS.survey.human-gut,6435410,METAGEN,2022-10-07,public,"run.zq,sra","gs,ncbi,s3","gs.us-east1,ncbi.public,s3.us-east-1",host-associated,mammalia-associated habitat,feces,DRX398051,Japan,Asia,Japan,Homo sapiens,Illumina MiSeq,missing,,PAIRED,PCR,METAGENOMIC,human gut metagenome,ILLUMINA,2022-11-16T00:00:00Z,2022-11-16T13:09:00Z,1,SAMD00548492,T_10_0w,DRP009232
DRR412451,AMPLICON,601,12522124,PRJDB14539,SAMD00548493,MIMARKS.survey.human-gut,7268279,METAGEN,2022-10-07,public,"run.zq,sra","gs,ncbi,s3","gs.us-east1,ncbi.public,s3.us-east-1",host-associated,mammalia-associated habitat,feces,DRX398052,Japan,Asia,Japan,Homo sapiens,Illumina MiSeq,missing,,PAIRED,PCR,METAGENOMIC,human gut metagenome,ILLUMINA,2022-11-16T00:00:00Z,2022-11-16T13:10:00Z,1,SAMD00548493,T_10_4w,DRP009232
DRR412452,AMPLICON,601,11297494,PRJDB14539,SAMD00548494,MIMARKS.survey.human-gut,6586710,METAGEN,2022-10-07,public,"run.zq,sra","gs,ncbi,s3","gs.us-east1,ncbi.public,s3.us-east-1",host-associated,mammalia-associated habitat,feces,DRX398053,Japan,Asia,Japan,Homo sapiens,Illumina MiSeq,missing,,PAIRED,PCR,METAGENOMIC,human gut metagenome,ILLUMINA,2022-11-16T00:00:00Z,2022-11-16T13:11:00Z,1,SAMD00548494,T_11_0w,DRP009232
DRR412453,AMPLICON,601,11378419,PRJDB14539,SAMD00548495,MIMARKS.survey.human-gut,6611171,METAGEN,2022-10-07,public,"run.zq,sra","gs,ncbi,s3","gs.us-east1,ncbi.public,s3.us-east-1",host-associated,mammalia-associated habitat,feces,DRX398054,Japan,Asia,Japan,Homo sapiens,Illumina MiSeq,missing,,PAIRED,PCR,METAGENOMIC,human gut metagenome,ILLUMINA,2022-11-16T00:00:00Z,2022-11-16T13:07:00Z,1,SAMD00548495,T_11_4w,DRP009232
DRR412454,AMPLICON,601,11417760,PRJDB14539,SAMD00548496,MIMARKS.survey.human-gut,6672543,METAGEN,2022-10-07,public,"run.zq,sra","gs,ncbi,s3","gs.us-east1,ncbi.public,s3.us-east-1",host-associated,mammalia-associated habitat,feces,DRX398055,Japan,Asia,Japan,Homo sapiens,Illumina MiSeq,missing,,PAIRED,PCR,METAGENOMIC,human gut metagenome,ILLUMINA,2022-11-16T00:00:00Z,2022-11-16T13:10:00Z,1,SAMD00548496,C_12_0w,DRP009232
DRR412455,AMPLICON,601,11019377,PRJDB14539,SAMD00548497,MIMARKS.survey.human-gut,6434452,METAGEN,2022-10-07,public,"run.zq,sra","gs,ncbi,s3","gs.us-east1,ncbi.public,s3.us-east-1",host-associated,mammalia-associated habitat,feces,DRX398056,Japan,Asia,Japan,Homo sapiens,Illumina MiSeq,missing,,PAIRED,PCR,METAGENOMIC,human gut metagenome,ILLUMINA,2022-11-16T00:00:00Z,2022-11-16T13:10:00Z,1,SAMD00548497,C_12_4w,DRP009232
DRR412456,AMPLICON,601,14373565,PRJDB14539,SAMD00548498,MIMARKS.survey.human-gut,8197013,METAGEN,2022-10-07,public,"run.zq,sra","gs,ncbi,s3","gs.us-east1,ncbi.public,s3.us-east-1",host-associated,mammalia-associated habitat,feces,DRX398057,Japan,Asia,Japan,Homo sapiens,Illumina MiSeq,missing,,PAIRED,PCR,METAGENOMIC,human gut metagenome,ILLUMINA,2022-11-16T00:00:00Z,2022-11-16T13:08:00Z,1,SAMD00548498,C_13_0w,DRP009232
DRR412457,AMPLICON,601,11782912,PRJDB14539,SAMD00548499,MIMARKS.survey.human-gut,6793736,METAGEN,2022-10-07,public,"run.zq,sra","gs,ncbi,s3","gs.us-east1,ncbi.public,s3.us-east-1",host-associated,mammalia-associated habitat,feces,DRX398058,Japan,Asia,Japan,Homo sapiens,Illumina MiSeq,missing,,PAIRED,PCR,METAGENOMIC,human gut metagenome,ILLUMINA,2022-11-16T00:00:00Z,2022-11-16T13:09:00Z,1,SAMD00548499,C_13_4w,DRP009232
DRR412458,AMPLICON,601,11293070,PRJDB14539,SAMD00548500,MIMARKS.survey.human-gut,6613171,METAGEN,2022-10-07,public,"run.zq,sra","gs,ncbi,s3","gs.us-east1,ncbi.public,s3.us-east-1",host-associated,mammalia-associated habitat,feces,DRX398059,Japan,Asia,Japan,Homo sapiens,Illumina MiSeq,missing,,PAIRED,PCR,METAGENOMIC,human gut metagenome,ILLUMINA,2022-11-16T00:00:00Z,2022-11-16T13:09:00Z,1,SAMD00548500,T_14_0w,DRP009232
DRR412459,AMPLICON,601,11352525,PRJDB14539,SAMD00548501,MIMARKS.survey.human-gut,6690365,METAGEN,2022-10-07,public,"run.zq,sra","gs,ncbi,s3","gs.us-east1,ncbi.public,s3.us-east-1",host-associated,mammalia-associated habitat,feces,DRX398060,Japan,Asia,Japan,Homo sapiens,Illumina MiSeq,missing,,PAIRED,PCR,METAGENOMIC,human gut metagenome,ILLUMINA,2022-11-16T00:00:00Z,2022-11-16T13:11:00Z,1,SAMD00548501,T_14_4w,DRP009232
DRR412460,AMPLICON,601,12141321,PRJDB14539,SAMD00548502,MIMARKS.survey.human-gut,7086871,METAGEN,2022-10-07,public,"run.zq,sra","gs,ncbi,s3","gs.us-east1,ncbi.public,s3.us-east-1",host-associated,mammalia-associated habitat,feces,DRX398061,Japan,Asia,Japan,Homo sapiens,Illumina MiSeq,missing,,PAIRED,PCR,METAGENOMIC,human gut metagenome,ILLUMINA,2022-11-16T00:00:00Z,2022-11-16T13:11:00Z,1,SAMD00548502,T_15_0w,DRP009232
DRR412461,AMPLICON,601,9785389,PRJDB14539,SAMD00548503,MIMARKS.survey.human-gut,5754488,METAGEN,2022-10-07,public,"run.zq,sra","gs,ncbi,s3","gs.us-east1,ncbi.public,s3.us-east-1",host-associated,mammalia-associated habitat,feces,DRX398062,Japan,Asia,Japan,Homo sapiens,Illumina MiSeq,missing,,PAIRED,PCR,METAGENOMIC,human gut metagenome,ILLUMINA,2022-11-16T00:00:00Z,2022-11-16T13:09:00Z,1,SAMD00548503,T_15_4w,DRP009232
DRR412462,AMPLICON,601,11478554,PRJDB14539,SAMD00548504,MIMARKS.survey.human-gut,6688522,METAGEN,2022-10-07,public,"run.zq,sra","gs,ncbi,s3","gs.us-east1,ncbi.public,s3.us-east-1",host-associated,mammalia-associated habitat,feces,DRX398063,Japan,Asia,Japan,Homo sapiens,Illumina MiSeq,missing,,PAIRED,PCR,METAGENOMIC,human gut metagenome,ILLUMINA,2022-11-16T00:00:00Z,2022-11-16T13:09:00Z,1,SAMD00548504,C_16_0w,DRP009232
DRR412463,AMPLICON,601,11972409,PRJDB14539,SAMD00548505,MIMARKS.survey.human-gut,6979039,METAGEN,2022-10-07,public,"run.zq,sra","gs,ncbi,s3","gs.us-east1,ncbi.public,s3.us-east-1",host-associated,mammalia-associated habitat,feces,DRX398064,Japan,Asia,Japan,Homo sapiens,Illumina MiSeq,missing,,PAIRED,PCR,METAGENOMIC,human gut metagenome,ILLUMINA,2022-11-16T00:00:00Z,2022-11-16T13:12:00Z,1,SAMD00548505,C_16_4w,DRP009232
DRR412464,AMPLICON,601,10015975,PRJDB14539,SAMD00548506,MIMARKS.survey.human-gut,5867581,METAGEN,2022-10-07,public,"run.zq,sra","gs,ncbi,s3","gs.us-east1,ncbi.public,s3.us-east-1",host-associated,mammalia-associated habitat,feces,DRX398065,Japan,Asia,Japan,Homo sapiens,Illumina MiSeq,missing,,PAIRED,PCR,METAGENOMIC,human gut metagenome,ILLUMINA,2022-11-16T00:00:00Z,2022-11-16T13:07:00Z,1,SAMD00548506,T_17_0w,DRP009232
DRR412465,AMPLICON,601,11239390,PRJDB14539,SAMD00548507,MIMARKS.survey.human-gut,6501089,METAGEN,2022-10-07,public,"run.zq,sra","gs,ncbi,s3","gs.us-east1,ncbi.public,s3.us-east-1",host-associated,mammalia-associated habitat,feces,DRX398066,Japan,Asia,Japan,Homo sapiens,Illumina MiSeq,missing,,PAIRED,PCR,METAGENOMIC,human gut metagenome,ILLUMINA,2022-11-16T00:00:00Z,2022-11-16T13:10:00Z,1,SAMD00548507,T_17_4w,DRP009232
DRR412466,AMPLICON,601,11295302,PRJDB14539,SAMD00548508,MIMARKS.survey.human-gut,6611250,METAGEN,2022-10-07,public,"run.zq,sra","gs,ncbi,s3","gs.us-east1,ncbi.public,s3.us-east-1",host-associated,mammalia-associated habitat,feces,DRX398067,Japan,Asia,Japan,Homo sapiens,Illumina MiSeq,missing,,PAIRED,PCR,METAGENOMIC,human gut metagenome,ILLUMINA,2022-11-16T00:00:00Z,2022-11-16T13:06:00Z,1,SAMD00548508,T_18_0w,DRP009232
DRR412467,AMPLICON,601,10702342,PRJDB14539,SAMD00548509,MIMARKS.survey.human-gut,6214995,METAGEN,2022-10-07,public,"run.zq,sra","gs,ncbi,s3","gs.us-east1,ncbi.public,s3.us-east-1",host-associated,mammalia-associated habitat,feces,DRX398068,Japan,Asia,Japan,Homo sapiens,Illumina MiSeq,missing,,PAIRED,PCR,METAGENOMIC,human gut metagenome,ILLUMINA,2022-11-16T00:00:00Z,2022-11-16T13:11:00Z,1,SAMD00548509,T_18_4w,DRP009232
DRR412468,AMPLICON,601,11126750,PRJDB14539,SAMD00548510,MIMARKS.survey.human-gut,6582382,METAGEN,2022-10-07,public,"run.zq,sra","gs,ncbi,s3","gs.us-east1,ncbi.public,s3.us-east-1",host-associated,mammalia-associated habitat,feces,DRX398069,Japan,Asia,Japan,Homo sapiens,Illumina MiSeq,missing,,PAIRED,PCR,METAGENOMIC,human gut metagenome,ILLUMINA,2022-11-16T00:00:00Z,2022-11-16T13:12:00Z,1,SAMD00548510,C_19_0w,DRP009232
DRR412469,AMPLICON,601,11838942,PRJDB14539,SAMD00548511,MIMARKS.survey.human-gut,6903339,METAGEN,2022-10-07,public,"run.zq,sra","gs,ncbi,s3","gs.us-east1,ncbi.public,s3.us-east-1",host-associated,mammalia-associated habitat,feces,DRX398070,Japan,Asia,Japan,Homo sapiens,Illumina MiSeq,missing,,PAIRED,PCR,METAGENOMIC,human gut metagenome,ILLUMINA,2022-11-16T00:00:00Z,2022-11-16T13:07:00Z,1,SAMD00548511,C_19_4w,DRP009232
DRR412470,AMPLICON,601,11898015,PRJDB14539,SAMD00548512,MIMARKS.survey.human-gut,6970856,METAGEN,2022-10-07,public,"run.zq,sra","gs,ncbi,s3","gs.us-east1,ncbi.public,s3.us-east-1",host-associated,mammalia-associated habitat,feces,DRX398071,Japan,Asia,Japan,Homo sapiens,Illumina MiSeq,missing,,PAIRED,PCR,METAGENOMIC,human gut metagenome,ILLUMINA,2022-11-16T00:00:00Z,2022-11-16T13:10:00Z,1,SAMD00548512,C_20_0w,DRP009232
DRR412471,AMPLICON,601,11988630,PRJDB14539,SAMD00548513,MIMARKS.survey.human-gut,6991207,METAGEN,2022-10-07,public,"run.zq,sra","gs,ncbi,s3","gs.us-east1,ncbi.public,s3.us-east-1",host-associated,mammalia-associated habitat,feces,DRX398072,Japan,Asia,Japan,Homo sapiens,Illumina MiSeq,missing,,PAIRED,PCR,METAGENOMIC,human gut metagenome,ILLUMINA,2022-11-16T00:00:00Z,2022-11-16T13:10:00Z,1,SAMD00548513,C_20_4w,DRP009232
DRR412472,AMPLICON,601,10504482,PRJDB14539,SAMD00548514,MIMARKS.survey.human-gut,6113154,METAGEN,2022-10-07,public,"run.zq,sra","gs,ncbi,s3","gs.us-east1,ncbi.public,s3.us-east-1",host-associated,mammalia-associated habitat,feces,DRX398073,Japan,Asia,Japan,Homo sapiens,Illumina MiSeq,missing,,PAIRED,PCR,METAGENOMIC,human gut metagenome,ILLUMINA,2022-11-16T00:00:00Z,2022-11-16T13:11:00Z,1,SAMD00548514,C_21_0w,DRP009232
DRR412473,AMPLICON,600,12262759,PRJDB14539,SAMD00548515,MIMARKS.survey.human-gut,7006244,METAGEN,2022-10-07,public,"run.zq,sra","gs,ncbi,s3","gs.us-east1,ncbi.public,s3.us-east-1",host-associated,mammalia-associated habitat,feces,DRX398074,Japan,Asia,Japan,Homo sapiens,Illumina MiSeq,missing,,PAIRED,PCR,METAGENOMIC,human gut metagenome,ILLUMINA,2022-11-16T00:00:00Z,2022-11-16T13:10:00Z,1,SAMD00548515,C_21_4w,DRP009232
DRR412474,AMPLICON,601,13725007,PRJDB14539,SAMD00548516,MIMARKS.survey.human-gut,8125540,METAGEN,2022-10-07,public,"run.zq,sra","gs,ncbi,s3","gs.us-east1,ncbi.public,s3.us-east-1",host-associated,mammalia-associated habitat,feces,DRX398075,Japan,Asia,Japan,Homo sapiens,Illumina MiSeq,missing,,PAIRED,PCR,METAGENOMIC,human gut metagenome,ILLUMINA,2022-11-16T00:00:00Z,2022-11-16T13:10:00Z,1,SAMD00548516,T_22_0w,DRP009232
DRR412475,AMPLICON,601,11461758,PRJDB14539,SAMD00548517,MIMARKS.survey.human-gut,6721267,METAGEN,2022-10-07,public,"run.zq,sra","gs,ncbi,s3","gs.us-east1,ncbi.public,s3.us-east-1",host-associated,mammalia-associated habitat,feces,DRX398076,Japan,Asia,Japan,Homo sapiens,Illumina MiSeq,missing,,PAIRED,PCR,METAGENOMIC,human gut metagenome,ILLUMINA,2022-11-16T00:00:00Z,2022-11-16T13:10:00Z,1,SAMD00548517,T_22_4w,DRP009232
DRR412476,AMPLICON,601,9935042,PRJDB14539,SAMD00548518,MIMARKS.survey.human-gut,5885007,METAGEN,2022-10-07,public,"run.zq,sra","gs,ncbi,s3","gs.us-east1,ncbi.public,s3.us-east-1",host-associated,mammalia-associated habitat,feces,DRX398077,Japan,Asia,Japan,Homo sapiens,Illumina MiSeq,missing,,PAIRED,PCR,METAGENOMIC,human gut metagenome,ILLUMINA,2022-11-16T00:00:00Z,2022-11-16T13:10:00Z,1,SAMD00548518,C_23_0w,DRP009232
DRR412477,AMPLICON,601,11108181,PRJDB14539,SAMD00548519,MIMARKS.survey.human-gut,6443195,METAGEN,2022-10-07,public,"run.zq,sra","gs,ncbi,s3","gs.us-east1,ncbi.public,s3.us-east-1",host-associated,mammalia-associated habitat,feces,DRX398078,Japan,Asia,Japan,Homo sapiens,Illumina MiSeq,missing,,PAIRED,PCR,METAGENOMIC,human gut metagenome,ILLUMINA,2022-11-16T00:00:00Z,2022-11-16T13:09:00Z,1,SAMD00548519,C_23_4w,DRP009232
DRR412478,AMPLICON,601,13749509,PRJDB14539,SAMD00548520,MIMARKS.survey.human-gut,8064683,METAGEN,2022-10-07,public,"run.zq,sra","gs,ncbi,s3","gs.us-east1,ncbi.public,s3.us-east-1",host-associated,mammalia-associated habitat,feces,DRX398079,Japan,Asia,Japan,Homo sapiens,Illumina MiSeq,missing,,PAIRED,PCR,METAGENOMIC,human gut metagenome,ILLUMINA,2022-11-16T00:00:00Z,2022-11-16T13:12:00Z,1,SAMD00548520,C_24_0w,DRP009232
DRR412479,AMPLICON,601,11758665,PRJDB14539,SAMD00548521,MIMARKS.survey.human-gut,6807560,METAGEN,2022-10-07,public,"run.zq,sra","gs,ncbi,s3","gs.us-east1,ncbi.public,s3.us-east-1",host-associated,mammalia-associated habitat,feces,DRX398080,Japan,Asia,Japan,Homo sapiens,Illumina MiSeq,missing,,PAIRED,PCR,METAGENOMIC,human gut metagenome,ILLUMINA,2022-11-16T00:00:00Z,2022-11-16T13:10:00Z,1,SAMD00548521,C_24_4w,DRP009232
DRR412480,AMPLICON,601,11077391,PRJDB14539,SAMD00548522,MIMARKS.survey.human-gut,6442702,METAGEN,2022-10-07,public,"run.zq,sra","gs,ncbi,s3","gs.us-east1,ncbi.public,s3.us-east-1",host-associated,mammalia-associated habitat,feces,DRX398081,Japan,Asia,Japan,Homo sapiens,Illumina MiSeq,missing,,PAIRED,PCR,METAGENOMIC,human gut metagenome,ILLUMINA,2022-11-16T00:00:00Z,2022-11-16T13:11:00Z,1,SAMD00548522,T_25_0w,DRP009232
DRR412481,AMPLICON,601,11706254,PRJDB14539,SAMD00548523,MIMARKS.survey.human-gut,6785432,METAGEN,2022-10-07,public,"run.zq,sra","gs,ncbi,s3","gs.us-east1,ncbi.public,s3.us-east-1",host-associated,mammalia-associated habitat,feces,DRX398082,Japan,Asia,Japan,Homo sapiens,Illumina MiSeq,missing,,PAIRED,PCR,METAGENOMIC,human gut metagenome,ILLUMINA,2022-11-16T00:00:00Z,2022-11-16T13:07:00Z,1,SAMD00548523,T_25_4w,DRP009232
DRR412482,AMPLICON,601,13318527,PRJDB14539,SAMD00548524,MIMARKS.survey.human-gut,7730135,METAGEN,2022-10-07,public,"run.zq,sra","gs,ncbi,s3","gs.us-east1,ncbi.public,s3.us-east-1",host-associated,mammalia-associated habitat,feces,DRX398083,Japan,Asia,Japan,Homo sapiens,Illumina MiSeq,missing,,PAIRED,PCR,METAGENOMIC,human gut metagenome,ILLUMINA,2022-11-16T00:00:00Z,2022-11-16T13:12:00Z,1,SAMD00548524,T_26_0w,DRP009232
DRR412483,AMPLICON,601,14654990,PRJDB14539,SAMD00548525,MIMARKS.survey.human-gut,8427947,METAGEN,2022-10-07,public,"run.zq,sra","gs,ncbi,s3","gs.us-east1,ncbi.public,s3.us-east-1",host-associated,mammalia-associated habitat,feces,DRX398084,Japan,Asia,Japan,Homo sapiens,Illumina MiSeq,missing,,PAIRED,PCR,METAGENOMIC,human gut metagenome,ILLUMINA,2022-11-16T00:00:00Z,2022-11-16T13:10:00Z,1,SAMD00548525,T_26_4w,DRP009232
DRR412484,AMPLICON,601,12637407,PRJDB14539,SAMD00548526,MIMARKS.survey.human-gut,7381603,METAGEN,2022-10-07,public,"run.zq,sra","gs,ncbi,s3","gs.us-east1,ncbi.public,s3.us-east-1",host-associated,mammalia-associated habitat,feces,DRX398085,Japan,Asia,Japan,Homo sapiens,Illumina MiSeq,missing,,PAIRED,PCR,METAGENOMIC,human gut metagenome,ILLUMINA,2022-11-16T00:00:00Z,2022-11-16T13:10:00Z,1,SAMD00548526,C_27_0w,DRP009232
DRR412485,AMPLICON,601,12941406,PRJDB14539,SAMD00548527,MIMARKS.survey.human-gut,7543698,METAGEN,2022-10-07,public,"run.zq,sra","gs,ncbi,s3","gs.us-east1,ncbi.public,s3.us-east-1",host-associated,mammalia-associated habitat,feces,DRX398086,Japan,Asia,Japan,Homo sapiens,Illumina MiSeq,missing,,PAIRED,PCR,METAGENOMIC,human gut metagenome,ILLUMINA,2022-11-16T00:00:00Z,2022-11-16T13:09:00Z,1,SAMD00548527,C_27_4w,DRP009232
DRR412486,AMPLICON,601,10821554,PRJDB14539,SAMD00548528,MIMARKS.survey.human-gut,6363868,METAGEN,2022-10-07,public,"run.zq,sra","gs,ncbi,s3","gs.us-east1,ncbi.public,s3.us-east-1",host-associated,mammalia-associated habitat,feces,DRX398087,Japan,Asia,Japan,Homo sapiens,Illumina MiSeq,missing,,PAIRED,PCR,METAGENOMIC,human gut metagenome,ILLUMINA,2022-11-16T00:00:00Z,2022-11-16T13:07:00Z,1,SAMD00548528,T_28_0w,DRP009232
DRR412487,AMPLICON,601,12915246,PRJDB14539,SAMD00548529,MIMARKS.survey.human-gut,7544628,METAGEN,2022-10-07,public,"run.zq,sra","gs,ncbi,s3","gs.us-east1,ncbi.public,s3.us-east-1",host-associated,mammalia-associated habitat,feces,DRX398088,Japan,Asia,Japan,Homo sapiens,Illumina MiSeq,missing,,PAIRED,PCR,METAGENOMIC,human gut metagenome,ILLUMINA,2022-11-16T00:00:00Z,2022-11-16T13:09:00Z,1,SAMD00548529,T_28_4w,DRP009232
DRR412488,AMPLICON,601,11504998,PRJDB14539,SAMD00548530,MIMARKS.survey.human-gut,6662156,METAGEN,2022-10-07,public,"run.zq,sra","gs,ncbi,s3","gs.us-east1,ncbi.public,s3.us-east-1",host-associated,mammalia-associated habitat,feces,DRX398089,Japan,Asia,Japan,Homo sapiens,Illumina MiSeq,missing,,PAIRED,PCR,METAGENOMIC,human gut metagenome,ILLUMINA,2022-11-16T00:00:00Z,2022-11-16T13:09:00Z,1,SAMD00548530,T_29_0w,DRP009232
DRR412489,AMPLICON,601,13669201,PRJDB14539,SAMD00548531,MIMARKS.survey.human-gut,7853924,METAGEN,2022-10-07,public,"run.zq,sra","gs,ncbi,s3","gs.us-east1,ncbi.public,s3.us-east-1",host-associated,mammalia-associated habitat,feces,DRX398090,Japan,Asia,Japan,Homo sapiens,Illumina MiSeq,missing,,PAIRED,PCR,METAGENOMIC,human gut metagenome,ILLUMINA,2022-11-16T00:00:00Z,2022-11-16T13:11:00Z,1,SAMD00548531,T_29_4w,DRP009232
DRR412490,AMPLICON,601,10808096,PRJDB14539,SAMD00548532,MIMARKS.survey.human-gut,6343408,METAGEN,2022-10-07,public,"run.zq,sra","gs,ncbi,s3","gs.us-east1,ncbi.public,s3.us-east-1",host-associated,mammalia-associated habitat,feces,DRX398091,Japan,Asia,Japan,Homo sapiens,Illumina MiSeq,missing,,PAIRED,PCR,METAGENOMIC,human gut metagenome,ILLUMINA,2022-11-16T00:00:00Z,2022-11-16T13:09:00Z,1,SAMD00548532,C_30_0w,DRP009232
DRR412491,AMPLICON,601,14266099,PRJDB14539,SAMD00548533,MIMARKS.survey.human-gut,8292982,METAGEN,2022-10-07,public,"run.zq,sra","gs,ncbi,s3","gs.us-east1,ncbi.public,s3.us-east-1",host-associated,mammalia-associated habitat,feces,DRX398092,Japan,Asia,Japan,Homo sapiens,Illumina MiSeq,missing,,PAIRED,PCR,METAGENOMIC,human gut metagenome,ILLUMINA,2022-11-16T00:00:00Z,2022-11-16T13:07:00Z,1,SAMD00548533,C_30_4w,DRP009232
DRR412492,AMPLICON,601,11622353,PRJDB14539,SAMD00548534,MIMARKS.survey.human-gut,6809111,METAGEN,2022-10-07,public,"run.zq,sra","gs,ncbi,s3","gs.us-east1,ncbi.public,s3.us-east-1",host-associated,mammalia-associated habitat,feces,DRX398093,Japan,Asia,Japan,Homo sapiens,Illumina MiSeq,missing,,PAIRED,PCR,METAGENOMIC,human gut metagenome,ILLUMINA,2022-11-16T00:00:00Z,2022-11-16T13:08:00Z,1,SAMD00548534,T_31_0w,DRP009232
DRR412493,AMPLICON,601,13367659,PRJDB14539,SAMD00548535,MIMARKS.survey.human-gut,7767751,METAGEN,2022-10-07,public,"run.zq,sra","gs,ncbi,s3","gs.us-east1,ncbi.public,s3.us-east-1",host-associated,mammalia-associated habitat,feces,DRX398094,Japan,Asia,Japan,Homo sapiens,Illumina MiSeq,missing,,PAIRED,PCR,METAGENOMIC,human gut metagenome,ILLUMINA,2022-11-16T00:00:00Z,2022-11-16T13:11:00Z,1,SAMD00548535,T_31_4w,DRP009232
DRR412494,AMPLICON,601,12531618,PRJDB14539,SAMD00548536,MIMARKS.survey.human-gut,7239510,METAGEN,2022-10-07,public,"run.zq,sra","gs,ncbi,s3","gs.us-east1,ncbi.public,s3.us-east-1",host-associated,mammalia-associated habitat,feces,DRX398095,Japan,Asia,Japan,Homo sapiens,Illumina MiSeq,missing,,PAIRED,PCR,METAGENOMIC,human gut metagenome,ILLUMINA,2022-11-16T00:00:00Z,2022-11-16T13:10:00Z,1,SAMD00548536,C_32_0w,DRP009232
DRR412495,AMPLICON,600,12348192,PRJDB14539,SAMD00548537,MIMARKS.survey.human-gut,7157640,METAGEN,2022-10-07,public,"run.zq,sra","gs,ncbi,s3","gs.us-east1,ncbi.public,s3.us-east-1",host-associated,mammalia-associated habitat,feces,DRX398096,Japan,Asia,Japan,Homo sapiens,Illumina MiSeq,missing,,PAIRED,PCR,METAGENOMIC,human gut metagenome,ILLUMINA,2022-11-16T00:00:00Z,2022-11-16T13:12:00Z,1,SAMD00548537,C_32_4w,DRP009232
DRR412496,AMPLICON,601,11391576,PRJDB14539,SAMD00548538,MIMARKS.survey.human-gut,6524741,METAGEN,2022-10-07,public,"run.zq,sra","gs,ncbi,s3","gs.us-east1,ncbi.public,s3.us-east-1",host-associated,mammalia-associated habitat,feces,DRX398097,Japan,Asia,Japan,Homo sapiens,Illumina MiSeq,missing,,PAIRED,PCR,METAGENOMIC,human gut metagenome,ILLUMINA,2022-11-16T00:00:00Z,2022-11-16T13:09:00Z,1,SAMD00548538,T_33_0w,DRP009232
DRR412497,AMPLICON,600,10623004,PRJDB14539,SAMD00548539,MIMARKS.survey.human-gut,6148188,METAGEN,2022-10-07,public,"run.zq,sra","gs,ncbi,s3","gs.us-east1,ncbi.public,s3.us-east-1",host-associated,mammalia-associated habitat,feces,DRX398098,Japan,Asia,Japan,Homo sapiens,Illumina MiSeq,missing,,PAIRED,PCR,METAGENOMIC,human gut metagenome,ILLUMINA,2022-11-16T00:00:00Z,2022-11-16T13:12:00Z,1,SAMD00548539,T_33_4w,DRP009232
DRR412498,AMPLICON,601,12344606,PRJDB14539,SAMD00548540,MIMARKS.survey.human-gut,7088391,METAGEN,2022-10-07,public,"run.zq,sra","gs,ncbi,s3","gs.us-east1,ncbi.public,s3.us-east-1",host-associated,mammalia-associated habitat,feces,DRX398099,Japan,Asia,Japan,Homo sapiens,Illumina MiSeq,missing,,PAIRED,PCR,METAGENOMIC,human gut metagenome,ILLUMINA,2022-11-16T00:00:00Z,2022-11-16T13:08:00Z,1,SAMD00548540,T_34_0w,DRP009232
DRR412499,AMPLICON,601,11825597,PRJDB14539,SAMD00548541,MIMARKS.survey.human-gut,6857935,METAGEN,2022-10-07,public,"run.zq,sra","gs,ncbi,s3","gs.us-east1,ncbi.public,s3.us-east-1",host-associated,mammalia-associated habitat,feces,DRX398100,Japan,Asia,Japan,Homo sapiens,Illumina MiSeq,missing,,PAIRED,PCR,METAGENOMIC,human gut metagenome,ILLUMINA,2022-11-16T00:00:00Z,2022-11-16T13:10:00Z,1,SAMD00548541,T_34_4w,DRP009232
DRR412500,AMPLICON,601,11277657,PRJDB14539,SAMD00548542,MIMARKS.survey.human-gut,6487865,METAGEN,2022-10-07,public,"run.zq,sra","gs,ncbi,s3","gs.us-east1,ncbi.public,s3.us-east-1",host-associated,mammalia-associated habitat,feces,DRX398101,Japan,Asia,Japan,Homo sapiens,Illumina MiSeq,missing,,PAIRED,PCR,METAGENOMIC,human gut metagenome,ILLUMINA,2022-11-16T00:00:00Z,2022-11-16T13:09:00Z,1,SAMD00548542,T_35_0w,DRP009232
DRR412501,AMPLICON,601,10176596,PRJDB14539,SAMD00548543,MIMARKS.survey.human-gut,5974800,METAGEN,2022-10-07,public,"run.zq,sra","gs,ncbi,s3","gs.us-east1,ncbi.public,s3.us-east-1",host-associated,mammalia-associated habitat,feces,DRX398102,Japan,Asia,Japan,Homo sapiens,Illumina MiSeq,missing,,PAIRED,PCR,METAGENOMIC,human gut metagenome,ILLUMINA,2022-11-16T00:00:00Z,2022-11-16T13:10:00Z,1,SAMD00548543,T_35_4w,DRP009232
DRR412502,AMPLICON,601,12985278,PRJDB14539,SAMD00548544,MIMARKS.survey.human-gut,7545866,METAGEN,2022-10-07,public,"run.zq,sra","gs,ncbi,s3","gs.us-east1,ncbi.public,s3.us-east-1",host-associated,mammalia-associated habitat,feces,DRX398103,Japan,Asia,Japan,Homo sapiens,Illumina MiSeq,missing,,PAIRED,PCR,METAGENOMIC,human gut metagenome,ILLUMINA,2022-11-16T00:00:00Z,2022-11-16T13:08:00Z,1,SAMD00548544,T_36_0w,DRP009232
DRR412503,AMPLICON,601,12471700,PRJDB14539,SAMD00548545,MIMARKS.survey.human-gut,7309155,METAGEN,2022-10-07,public,"run.zq,sra","gs,ncbi,s3","gs.us-east1,ncbi.public,s3.us-east-1",host-associated,mammalia-associated habitat,feces,DRX398104,Japan,Asia,Japan,Homo sapiens,Illumina MiSeq,missing,,PAIRED,PCR,METAGENOMIC,human gut metagenome,ILLUMINA,2022-11-16T00:00:00Z,2022-11-16T13:06:00Z,1,SAMD00548545,T_36_4w,DRP009232
DRR412504,AMPLICON,601,12679259,PRJDB14539,SAMD00548546,MIMARKS.survey.human-gut,7257983,METAGEN,2022-10-07,public,"run.zq,sra","gs,ncbi,s3","gs.us-east1,ncbi.public,s3.us-east-1",host-associated,mammalia-associated habitat,feces,DRX398105,Japan,Asia,Japan,Homo sapiens,Illumina MiSeq,missing,,PAIRED,PCR,METAGENOMIC,human gut metagenome,ILLUMINA,2022-11-16T00:00:00Z,2022-11-16T13:08:00Z,1,SAMD00548546,C_37_0w,DRP009232
DRR412505,AMPLICON,601,13830015,PRJDB14539,SAMD00548547,MIMARKS.survey.human-gut,7990163,METAGEN,2022-10-07,public,"run.zq,sra","gs,ncbi,s3","gs.us-east1,ncbi.public,s3.us-east-1",host-associated,mammalia-associated habitat,feces,DRX398106,Japan,Asia,Japan,Homo sapiens,Illumina MiSeq,missing,,PAIRED,PCR,METAGENOMIC,human gut metagenome,ILLUMINA,2022-11-16T00:00:00Z,2022-11-16T13:12:00Z,1,SAMD00548547,C_37_4w,DRP009232
DRR412506,AMPLICON,601,15019132,PRJDB14539,SAMD00548548,MIMARKS.survey.human-gut,8674875,METAGEN,2022-10-07,public,"run.zq,sra","gs,ncbi,s3","gs.us-east1,ncbi.public,s3.us-east-1",host-associated,mammalia-associated habitat,feces,DRX398107,Japan,Asia,Japan,Homo sapiens,Illumina MiSeq,missing,,PAIRED,PCR,METAGENOMIC,human gut metagenome,ILLUMINA,2022-11-16T00:00:00Z,2022-11-16T13:10:00Z,1,SAMD00548548,C_38_0w,DRP009232
DRR412507,AMPLICON,601,14891875,PRJDB14539,SAMD00548549,MIMARKS.survey.human-gut,8616983,METAGEN,2022-10-07,public,"run.zq,sra","gs,ncbi,s3","gs.us-east1,ncbi.public,s3.us-east-1",host-associated,mammalia-associated habitat,feces,DRX398108,Japan,Asia,Japan,Homo sapiens,Illumina MiSeq,missing,,PAIRED,PCR,METAGENOMIC,human gut metagenome,ILLUMINA,2022-11-16T00:00:00Z,2022-11-16T13:10:00Z,1,SAMD00548549,C_38_4w,DRP009232
DRR412508,AMPLICON,601,11668694,PRJDB14539,SAMD00548550,MIMARKS.survey.human-gut,6761878,METAGEN,2022-10-07,public,"run.zq,sra","gs,ncbi,s3","gs.us-east1,ncbi.public,s3.us-east-1",host-associated,mammalia-associated habitat,feces,DRX398109,Japan,Asia,Japan,Homo sapiens,Illumina MiSeq,missing,,PAIRED,PCR,METAGENOMIC,human gut metagenome,ILLUMINA,2022-11-16T00:00:00Z,2022-11-16T13:12:00Z,1,SAMD00548550,T_39_0w,DRP009232
DRR412509,AMPLICON,601,13299924,PRJDB14539,SAMD00548551,MIMARKS.survey.human-gut,7737815,METAGEN,2022-10-07,public,"run.zq,sra","gs,ncbi,s3","gs.us-east1,ncbi.public,s3.us-east-1",host-associated,mammalia-associated habitat,feces,DRX398110,Japan,Asia,Japan,Homo sapiens,Illumina MiSeq,missing,,PAIRED,PCR,METAGENOMIC,human gut metagenome,ILLUMINA,2022-11-16T00:00:00Z,2022-11-16T13:10:00Z,1,SAMD00548551,T_39_4w,DRP009232
DRR412510,AMPLICON,601,13760236,PRJDB14539,SAMD00548552,MIMARKS.survey.human-gut,7945609,METAGEN,2022-10-07,public,"run.zq,sra","gs,ncbi,s3","gs.us-east1,ncbi.public,s3.us-east-1",host-associated,mammalia-associated habitat,feces,DRX398111,Japan,Asia,Japan,Homo sapiens,Illumina MiSeq,missing,,PAIRED,PCR,METAGENOMIC,human gut metagenome,ILLUMINA,2022-11-16T00:00:00Z,2022-11-16T13:08:00Z,1,SAMD00548552,T_40_0w,DRP009232
DRR412511,AMPLICON,601,11489825,PRJDB14539,SAMD00548553,MIMARKS.survey.human-gut,6695322,METAGEN,2022-10-07,public,"run.zq,sra","gs,ncbi,s3","gs.us-east1,ncbi.public,s3.us-east-1",host-associated,mammalia-associated habitat,feces,DRX398112,Japan,Asia,Japan,Homo sapiens,Illumina MiSeq,missing,,PAIRED,PCR,METAGENOMIC,human gut metagenome,ILLUMINA,2022-11-16T00:00:00Z,2022-11-16T13:09:00Z,1,SAMD00548553,T_40_4w,DRP009232
DRR412512,AMPLICON,601,10715529,PRJDB14539,SAMD00548554,MIMARKS.survey.human-gut,6283073,METAGEN,2022-10-07,public,"run.zq,sra","gs,ncbi,s3","gs.us-east1,ncbi.public,s3.us-east-1",host-associated,mammalia-associated habitat,feces,DRX398113,Japan,Asia,Japan,Homo sapiens,Illumina MiSeq,missing,,PAIRED,PCR,METAGENOMIC,human gut metagenome,ILLUMINA,2022-11-16T00:00:00Z,2022-11-16T13:10:00Z,1,SAMD00548554,C_41_0w,DRP009232
DRR412513,AMPLICON,601,11095982,PRJDB14539,SAMD00548555,MIMARKS.survey.human-gut,6489586,METAGEN,2022-10-07,public,"run.zq,sra","gs,ncbi,s3","gs.us-east1,ncbi.public,s3.us-east-1",host-associated,mammalia-associated habitat,feces,DRX398114,Japan,Asia,Japan,Homo sapiens,Illumina MiSeq,missing,,PAIRED,PCR,METAGENOMIC,human gut metagenome,ILLUMINA,2022-11-16T00:00:00Z,2022-11-16T13:09:00Z,1,SAMD00548555,C_41_4w,DRP009232
DRR412514,AMPLICON,601,12631684,PRJDB14539,SAMD00548556,MIMARKS.survey.human-gut,7393184,METAGEN,2022-10-07,public,"run.zq,sra","gs,ncbi,s3","gs.us-east1,ncbi.public,s3.us-east-1",host-associated,mammalia-associated habitat,feces,DRX398115,Japan,Asia,Japan,Homo sapiens,Illumina MiSeq,missing,,PAIRED,PCR,METAGENOMIC,human gut metagenome,ILLUMINA,2022-11-16T00:00:00Z,2022-11-16T13:12:00Z,1,SAMD00548556,C_42_0w,DRP009232
DRR412515,AMPLICON,601,12086487,PRJDB14539,SAMD00548557,MIMARKS.survey.human-gut,7049529,METAGEN,2022-10-07,public,"run.zq,sra","gs,ncbi,s3","gs.us-east1,ncbi.public,s3.us-east-1",host-associated,mammalia-associated habitat,feces,DRX398116,Japan,Asia,Japan,Homo sapiens,Illumina MiSeq,missing,,PAIRED,PCR,METAGENOMIC,human gut metagenome,ILLUMINA,2022-11-16T00:00:00Z,2022-11-16T13:11:00Z,1,SAMD00548557,C_42_4w,DRP009232
DRR412516,AMPLICON,601,10706105,PRJDB14539,SAMD00548558,MIMARKS.survey.human-gut,6330313,METAGEN,2022-10-07,public,"run.zq,sra","gs,ncbi,s3","gs.us-east1,ncbi.public,s3.us-east-1",host-associated,mammalia-associated habitat,feces,DRX398117,Japan,Asia,Japan,Homo sapiens,Illumina MiSeq,missing,,PAIRED,PCR,METAGENOMIC,human gut metagenome,ILLUMINA,2022-11-16T00:00:00Z,2022-11-16T13:08:00Z,1,SAMD00548558,C_43_0w,DRP009232
DRR412517,AMPLICON,601,12433977,PRJDB14539,SAMD00548559,MIMARKS.survey.human-gut,7302973,METAGEN,2022-10-07,public,"run.zq,sra","gs,ncbi,s3","gs.us-east1,ncbi.public,s3.us-east-1",host-associated,mammalia-associated habitat,feces,DRX398118,Japan,Asia,Japan,Homo sapiens,Illumina MiSeq,missing,,PAIRED,PCR,METAGENOMIC,human gut metagenome,ILLUMINA,2022-11-16T00:00:00Z,2022-11-16T13:12:00Z,1,SAMD00548559,C_43_4w,DRP009232
DRR412518,AMPLICON,601,10501065,PRJDB14539,SAMD00548560,MIMARKS.survey.human-gut,6223615,METAGEN,2022-10-07,public,"run.zq,sra","gs,ncbi,s3","gs.us-east1,ncbi.public,s3.us-east-1",host-associated,mammalia-associated habitat,feces,DRX398119,Japan,Asia,Japan,Homo sapiens,Illumina MiSeq,missing,,PAIRED,PCR,METAGENOMIC,human gut metagenome,ILLUMINA,2022-11-16T00:00:00Z,2022-11-16T13:11:00Z,1,SAMD00548560,T_44_0w,DRP009232
DRR412519,AMPLICON,601,13695507,PRJDB14539,SAMD00548561,MIMARKS.survey.human-gut,8066982,METAGEN,2022-10-07,public,"run.zq,sra","gs,ncbi,s3","gs.us-east1,ncbi.public,s3.us-east-1",host-associated,mammalia-associated habitat,feces,DRX398120,Japan,Asia,Japan,Homo sapiens,Illumina MiSeq,missing,,PAIRED,PCR,METAGENOMIC,human gut metagenome,ILLUMINA,2022-11-16T00:00:00Z,2022-11-16T13:09:00Z,1,SAMD00548561,T_44_4w,DRP009232
DRR412520,AMPLICON,601,11072925,PRJDB14539,SAMD00548562,MIMARKS.survey.human-gut,6446894,METAGEN,2022-10-07,public,"run.zq,sra","gs,ncbi,s3","gs.us-east1,ncbi.public,s3.us-east-1",host-associated,mammalia-associated habitat,feces,DRX398121,Japan,Asia,Japan,Homo sapiens,Illumina MiSeq,missing,,PAIRED,PCR,METAGENOMIC,human gut metagenome,ILLUMINA,2022-11-16T00:00:00Z,2022-11-16T13:09:00Z,1,SAMD00548562,T_45_0w,DRP009232
DRR412521,AMPLICON,601,13095275,PRJDB14539,SAMD00548563,MIMARKS.survey.human-gut,7600683,METAGEN,2022-10-07,public,"run.zq,sra","gs,ncbi,s3","gs.us-east1,ncbi.public,s3.us-east-1",host-associated,mammalia-associated habitat,feces,DRX398122,Japan,Asia,Japan,Homo sapiens,Illumina MiSeq,missing,,PAIRED,PCR,METAGENOMIC,human gut metagenome,ILLUMINA,2022-11-16T00:00:00Z,2022-11-16T13:09:00Z,1,SAMD00548563,T_45_4w,DRP009232
DRR412522,AMPLICON,601,12057674,PRJDB14539,SAMD00548564,MIMARKS.survey.human-gut,6991536,METAGEN,2022-10-07,public,"run.zq,sra","gs,ncbi,s3","gs.us-east1,ncbi.public,s3.us-east-1",host-associated,mammalia-associated habitat,feces,DRX398123,Japan,Asia,Japan,Homo sapiens,Illumina MiSeq,missing,,PAIRED,PCR,METAGENOMIC,human gut metagenome,ILLUMINA,2022-11-16T00:00:00Z,2022-11-16T13:12:00Z,1,SAMD00548564,C_47_0w,DRP009232
DRR412523,AMPLICON,601,13389479,PRJDB14539,SAMD00548565,MIMARKS.survey.human-gut,7808071,METAGEN,2022-10-07,public,"run.zq,sra","gs,ncbi,s3","gs.us-east1,ncbi.public,s3.us-east-1",host-associated,mammalia-associated habitat,feces,DRX398124,Japan,Asia,Japan,Homo sapiens,Illumina MiSeq,missing,,PAIRED,PCR,METAGENOMIC,human gut metagenome,ILLUMINA,2022-11-16T00:00:00Z,2022-11-16T13:09:00Z,1,SAMD00548565,C_47_4w,DRP009232
DRR412524,AMPLICON,601,10758783,PRJDB14539,SAMD00548566,MIMARKS.survey.human-gut,6315365,METAGEN,2022-10-07,public,"run.zq,sra","gs,ncbi,s3","gs.us-east1,ncbi.public,s3.us-east-1",host-associated,mammalia-associated habitat,feces,DRX398125,Japan,Asia,Japan,Homo sapiens,Illumina MiSeq,missing,,PAIRED,PCR,METAGENOMIC,human gut metagenome,ILLUMINA,2022-11-16T00:00:00Z,2022-11-16T13:12:00Z,1,SAMD00548566,C_49_0w,DRP009232
DRR412525,AMPLICON,601,12650746,PRJDB14539,SAMD00548567,MIMARKS.survey.human-gut,7408643,METAGEN,2022-10-07,public,"run.zq,sra","gs,ncbi,s3","gs.us-east1,ncbi.public,s3.us-east-1",host-associated,mammalia-associated habitat,feces,DRX398126,Japan,Asia,Japan,Homo sapiens,Illumina MiSeq,missing,,PAIRED,PCR,METAGENOMIC,human gut metagenome,ILLUMINA,2022-11-16T00:00:00Z,2022-11-16T13:10:00Z,1,SAMD00548567,C_49_4w,DRP009232
DRR412526,AMPLICON,601,11571745,PRJDB14539,SAMD00548568,MIMARKS.survey.human-gut,6834247,METAGEN,2022-10-07,public,"run.zq,sra","gs,ncbi,s3","gs.us-east1,ncbi.public,s3.us-east-1",host-associated,mammalia-associated habitat,feces,DRX398127,Japan,Asia,Japan,Homo sapiens,Illumina MiSeq,missing,,PAIRED,PCR,METAGENOMIC,human gut metagenome,ILLUMINA,2022-11-16T00:00:00Z,2022-11-16T13:08:00Z,1,SAMD00548568,T_50_0w,DRP009232
DRR412527,AMPLICON,601,10539820,PRJDB14539,SAMD00548569,MIMARKS.survey.human-gut,6176004,METAGEN,2022-10-07,public,"run.zq,sra","gs,ncbi,s3","gs.us-east1,ncbi.public,s3.us-east-1",host-associated,mammalia-associated habitat,feces,DRX398128,Japan,Asia,Japan,Homo sapiens,Illumina MiSeq,missing,,PAIRED,PCR,METAGENOMIC,human gut metagenome,ILLUMINA,2022-11-16T00:00:00Z,2022-11-16T13:08:00Z,1,SAMD00548569,T_50_4w,DRP009232
DRR412528,AMPLICON,601,11133990,PRJDB14539,SAMD00548570,MIMARKS.survey.human-gut,6441447,METAGEN,2022-10-07,public,"run.zq,sra","gs,ncbi,s3","gs.us-east1,ncbi.public,s3.us-east-1",host-associated,mammalia-associated habitat,feces,DRX398129,Japan,Asia,Japan,Homo sapiens,Illumina MiSeq,missing,,PAIRED,PCR,METAGENOMIC,human gut metagenome,ILLUMINA,2022-11-16T00:00:00Z,2022-11-16T13:11:00Z,1,SAMD00548570,T_51_0w,DRP009232
DRR412529,AMPLICON,601,12627568,PRJDB14539,SAMD00548571,MIMARKS.survey.human-gut,7281512,METAGEN,2022-10-07,public,"run.zq,sra","gs,ncbi,s3","gs.us-east1,ncbi.public,s3.us-east-1",host-associated,mammalia-associated habitat,feces,DRX398130,Japan,Asia,Japan,Homo sapiens,Illumina MiSeq,missing,,PAIRED,PCR,METAGENOMIC,human gut metagenome,ILLUMINA,2022-11-16T00:00:00Z,2022-11-16T13:10:00Z,1,SAMD00548571,T_51_4w,DRP009232
DRR412530,AMPLICON,601,14280626,PRJDB14539,SAMD00548572,MIMARKS.survey.human-gut,8227336,METAGEN,2022-10-07,public,"run.zq,sra","gs,ncbi,s3","gs.us-east1,ncbi.public,s3.us-east-1",host-associated,mammalia-associated habitat,feces,DRX398131,Japan,Asia,Japan,Homo sapiens,Illumina MiSeq,missing,,PAIRED,PCR,METAGENOMIC,human gut metagenome,ILLUMINA,2022-11-16T00:00:00Z,2022-11-16T13:06:00Z,1,SAMD00548572,C_52_0w,DRP009232
DRR412531,AMPLICON,601,13350769,PRJDB14539,SAMD00548573,MIMARKS.survey.human-gut,7729169,METAGEN,2022-10-07,public,"run.zq,sra","gs,ncbi,s3","gs.us-east1,ncbi.public,s3.us-east-1",host-associated,mammalia-associated habitat,feces,DRX398132,Japan,Asia,Japan,Homo sapiens,Illumina MiSeq,missing,,PAIRED,PCR,METAGENOMIC,human gut metagenome,ILLUMINA,2022-11-16T00:00:00Z,2022-11-16T13:11:00Z,1,SAMD00548573,C_52_4w,DRP009232
DRR412532,AMPLICON,601,15121860,PRJDB14539,SAMD00548574,MIMARKS.survey.human-gut,8760842,METAGEN,2022-10-07,public,"run.zq,sra","gs,ncbi,s3","gs.us-east1,ncbi.public,s3.us-east-1",host-associated,mammalia-associated habitat,feces,DRX398133,Japan,Asia,Japan,Homo sapiens,Illumina MiSeq,missing,,PAIRED,PCR,METAGENOMIC,human gut metagenome,ILLUMINA,2022-11-16T00:00:00Z,2022-11-16T13:11:00Z,1,SAMD00548574,C_53_0w,DRP009232
DRR412533,AMPLICON,600,12808281,PRJDB14539,SAMD00548575,MIMARKS.survey.human-gut,7452795,METAGEN,2022-10-07,public,"run.zq,sra","gs,ncbi,s3","gs.us-east1,ncbi.public,s3.us-east-1",host-associated,mammalia-associated habitat,feces,DRX398134,Japan,Asia,Japan,Homo sapiens,Illumina MiSeq,missing,,PAIRED,PCR,METAGENOMIC,human gut metagenome,ILLUMINA,2022-11-16T00:00:00Z,2022-11-16T13:10:00Z,1,SAMD00548575,C_53_4w,DRP009232
DRR412534,AMPLICON,601,11496392,PRJDB14539,SAMD00548576,MIMARKS.survey.human-gut,6715992,METAGEN,2022-10-07,public,"run.zq,sra","gs,ncbi,s3","gs.us-east1,ncbi.public,s3.us-east-1",host-associated,mammalia-associated habitat,feces,DRX398135,Japan,Asia,Japan,Homo sapiens,Illumina MiSeq,missing,,PAIRED,PCR,METAGENOMIC,human gut metagenome,ILLUMINA,2022-11-16T00:00:00Z,2022-11-16T13:09:00Z,1,SAMD00548576,T_54_0w,DRP009232
DRR412535,AMPLICON,601,12913261,PRJDB14539,SAMD00548577,MIMARKS.survey.human-gut,7549859,METAGEN,2022-10-07,public,"run.zq,sra","gs,ncbi,s3","gs.us-east1,ncbi.public,s3.us-east-1",host-associated,mammalia-associated habitat,feces,DRX398136,Japan,Asia,Japan,Homo sapiens,Illumina MiSeq,missing,,PAIRED,PCR,METAGENOMIC,human gut metagenome,ILLUMINA,2022-11-16T00:00:00Z,2022-11-16T13:11:00Z,1,SAMD00548577,T_54_4w,DRP009232
DRR412536,AMPLICON,601,13331727,PRJDB14539,SAMD00548578,MIMARKS.survey.human-gut,7588736,METAGEN,2022-10-07,public,"run.zq,sra","gs,ncbi,s3","gs.us-east1,ncbi.public,s3.us-east-1",host-associated,mammalia-associated habitat,feces,DRX398137,Japan,Asia,Japan,Homo sapiens,Illumina MiSeq,missing,,PAIRED,PCR,METAGENOMIC,human gut metagenome,ILLUMINA,2022-11-16T00:00:00Z,2022-11-16T13:11:00Z,1,SAMD00548578,T_55_0w,DRP009232
DRR412537,AMPLICON,601,15629725,PRJDB14539,SAMD00548579,MIMARKS.survey.human-gut,8957092,METAGEN,2022-10-07,public,"run.zq,sra","gs,ncbi,s3","gs.us-east1,ncbi.public,s3.us-east-1",host-associated,mammalia-associated habitat,feces,DRX398138,Japan,Asia,Japan,Homo sapiens,Illumina MiSeq,missing,,PAIRED,PCR,METAGENOMIC,human gut metagenome,ILLUMINA,2022-11-16T00:00:00Z,2022-11-16T13:07:00Z,1,SAMD00548579,T_55_4w,DRP009232
DRR412538,AMPLICON,601,14407136,PRJDB14539,SAMD00548580,MIMARKS.survey.human-gut,8337550,METAGEN,2022-10-07,public,"run.zq,sra","gs,ncbi,s3","gs.us-east1,ncbi.public,s3.us-east-1",host-associated,mammalia-associated habitat,feces,DRX398139,Japan,Asia,Japan,Homo sapiens,Illumina MiSeq,missing,,PAIRED,PCR,METAGENOMIC,human gut metagenome,ILLUMINA,2022-11-16T00:00:00Z,2022-11-16T13:11:00Z,1,SAMD00548580,C_56_0w,DRP009232
DRR412539,AMPLICON,601,14908928,PRJDB14539,SAMD00548581,MIMARKS.survey.human-gut,8651012,METAGEN,2022-10-07,public,"run.zq,sra","gs,ncbi,s3","gs.us-east1,ncbi.public,s3.us-east-1",host-associated,mammalia-associated habitat,feces,DRX398140,Japan,Asia,Japan,Homo sapiens,Illumina MiSeq,missing,,PAIRED,PCR,METAGENOMIC,human gut metagenome,ILLUMINA,2022-11-16T00:00:00Z,2022-11-16T13:12:00Z,1,SAMD00548581,C_56_4w,DRP009232
DRR412540,AMPLICON,601,11340882,PRJDB14539,SAMD00548582,MIMARKS.survey.human-gut,6597513,METAGEN,2022-10-07,public,"run.zq,sra","gs,ncbi,s3","gs.us-east1,ncbi.public,s3.us-east-1",host-associated,mammalia-associated habitat,feces,DRX398141,Japan,Asia,Japan,Homo sapiens,Illumina MiSeq,missing,,PAIRED,PCR,METAGENOMIC,human gut metagenome,ILLUMINA,2022-11-16T00:00:00Z,2022-11-16T13:07:00Z,1,SAMD00548582,C_57_0w,DRP009232
DRR412541,AMPLICON,601,12588202,PRJDB14539,SAMD00548583,MIMARKS.survey.human-gut,7342339,METAGEN,2022-10-07,public,"run.zq,sra","gs,ncbi,s3","gs.us-east1,ncbi.public,s3.us-east-1",host-associated,mammalia-associated habitat,feces,DRX398142,Japan,Asia,Japan,Homo sapiens,Illumina MiSeq,missing,,PAIRED,PCR,METAGENOMIC,human gut metagenome,ILLUMINA,2022-11-16T00:00:00Z,2022-11-16T13:06:00Z,1,SAMD00548583,C_57_4w,DRP009232
DRR412542,AMPLICON,601,11458578,PRJDB14539,SAMD00548584,MIMARKS.survey.human-gut,6670754,METAGEN,2022-10-07,public,"run.zq,sra","gs,ncbi,s3","gs.us-east1,ncbi.public,s3.us-east-1",host-associated,mammalia-associated habitat,feces,DRX398143,Japan,Asia,Japan,Homo sapiens,Illumina MiSeq,missing,,PAIRED,PCR,METAGENOMIC,human gut metagenome,ILLUMINA,2022-11-16T00:00:00Z,2022-11-16T13:07:00Z,1,SAMD00548584,T_58_0w,DRP009232
DRR412543,AMPLICON,601,13730489,PRJDB14539,SAMD00548585,MIMARKS.survey.human-gut,7963736,METAGEN,2022-10-07,public,"run.zq,sra","gs,ncbi,s3","gs.us-east1,ncbi.public,s3.us-east-1",host-associated,mammalia-associated habitat,feces,DRX398144,Japan,Asia,Japan,Homo sapiens,Illumina MiSeq,missing,,PAIRED,PCR,METAGENOMIC,human gut metagenome,ILLUMINA,2022-11-16T00:00:00Z,2022-11-16T13:08:00Z,1,SAMD00548585,T_58_4w,DRP009232
DRR412544,AMPLICON,601,10378095,PRJDB14539,SAMD00548586,MIMARKS.survey.human-gut,6101964,METAGEN,2022-10-07,public,"run.zq,sra","gs,ncbi,s3","gs.us-east1,ncbi.public,s3.us-east-1",host-associated,mammalia-associated habitat,feces,DRX398145,Japan,Asia,Japan,Homo sapiens,Illumina MiSeq,missing,,PAIRED,PCR,METAGENOMIC,human gut metagenome,ILLUMINA,2022-11-16T00:00:00Z,2022-11-16T13:11:00Z,1,SAMD00548586,C_59_0w,DRP009232
DRR412545,AMPLICON,601,12670862,PRJDB14539,SAMD00548587,MIMARKS.survey.human-gut,7328921,METAGEN,2022-10-07,public,"run.zq,sra","gs,ncbi,s3","gs.us-east1,ncbi.public,s3.us-east-1",host-associated,mammalia-associated habitat,feces,DRX398146,Japan,Asia,Japan,Homo sapiens,Illumina MiSeq,missing,,PAIRED,PCR,METAGENOMIC,human gut metagenome,ILLUMINA,2022-11-16T00:00:00Z,2022-11-16T13:11:00Z,1,SAMD00548587,C_59_4w,DRP009232
DRR412546,AMPLICON,601,11910640,PRJDB14539,SAMD00548588,MIMARKS.survey.human-gut,6913383,METAGEN,2022-10-07,public,"run.zq,sra","gs,ncbi,s3","gs.us-east1,ncbi.public,s3.us-east-1",host-associated,mammalia-associated habitat,feces,DRX398147,Japan,Asia,Japan,Homo sapiens,Illumina MiSeq,missing,,PAIRED,PCR,METAGENOMIC,human gut metagenome,ILLUMINA,2022-11-16T00:00:00Z,2022-11-16T13:08:00Z,1,SAMD00548588,T_60_0w,DRP009232
DRR412547,AMPLICON,601,13569299,PRJDB14539,SAMD00548589,MIMARKS.survey.human-gut,7816087,METAGEN,2022-10-07,public,"run.zq,sra","gs,ncbi,s3","gs.us-east1,ncbi.public,s3.us-east-1",host-associated,mammalia-associated habitat,feces,DRX398148,Japan,Asia,Japan,Homo sapiens,Illumina MiSeq,missing,,PAIRED,PCR,METAGENOMIC,human gut metagenome,ILLUMINA,2022-11-16T00:00:00Z,2022-11-16T13:09:00Z,1,SAMD00548589,T_60_4w,DRP009232
DRR412548,AMPLICON,601,11991755,PRJDB14539,SAMD00548590,MIMARKS.survey.human-gut,6938601,METAGEN,2022-10-07,public,"run.zq,sra","gs,ncbi,s3","gs.us-east1,ncbi.public,s3.us-east-1",host-associated,mammalia-associated habitat,feces,DRX398149,Japan,Asia,Japan,Homo sapiens,Illumina MiSeq,missing,,PAIRED,PCR,METAGENOMIC,human gut metagenome,ILLUMINA,2022-11-16T00:00:00Z,2022-11-16T13:12:00Z,1,SAMD00548590,C_62_0w,DRP009232
DRR412549,AMPLICON,601,13012990,PRJDB14539,SAMD00548591,MIMARKS.survey.human-gut,7509701,METAGEN,2022-10-07,public,"run.zq,sra","gs,ncbi,s3","gs.us-east1,ncbi.public,s3.us-east-1",host-associated,mammalia-associated habitat,feces,DRX398150,Japan,Asia,Japan,Homo sapiens,Illumina MiSeq,missing,,PAIRED,PCR,METAGENOMIC,human gut metagenome,ILLUMINA,2022-11-16T00:00:00Z,2022-11-16T13:10:00Z,1,SAMD00548591,C_62_4w,DRP009232
DRR412550,AMPLICON,601,10945605,PRJDB14539,SAMD00548592,MIMARKS.survey.human-gut,6482365,METAGEN,2022-10-07,public,"run.zq,sra","gs,ncbi,s3","gs.us-east1,ncbi.public,s3.us-east-1",host-associated,mammalia-associated habitat,feces,DRX398151,Japan,Asia,Japan,Homo sapiens,Illumina MiSeq,missing,,PAIRED,PCR,METAGENOMIC,human gut metagenome,ILLUMINA,2022-11-16T00:00:00Z,2022-11-16T13:07:00Z,1,SAMD00548592,C_63_0w,DRP009232
DRR412551,AMPLICON,601,12655676,PRJDB14539,SAMD00548593,MIMARKS.survey.human-gut,7457383,METAGEN,2022-10-07,public,"run.zq,sra","gs,ncbi,s3","gs.us-east1,ncbi.public,s3.us-east-1",host-associated,mammalia-associated habitat,feces,DRX398152,Japan,Asia,Japan,Homo sapiens,Illumina MiSeq,missing,,PAIRED,PCR,METAGENOMIC,human gut metagenome,ILLUMINA,2022-11-16T00:00:00Z,2022-11-16T13:07:00Z,1,SAMD00548593,C_63_4w,DRP009232
DRR412552,AMPLICON,601,11703796,PRJDB14539,SAMD00548594,MIMARKS.survey.human-gut,6784284,METAGEN,2022-10-07,public,"run.zq,sra","gs,ncbi,s3","gs.us-east1,ncbi.public,s3.us-east-1",host-associated,mammalia-associated habitat,feces,DRX398153,Japan,Asia,Japan,Homo sapiens,Illumina MiSeq,missing,,PAIRED,PCR,METAGENOMIC,human gut metagenome,ILLUMINA,2022-11-16T00:00:00Z,2022-11-16T13:07:00Z,1,SAMD00548594,C_64_0w,DRP009232
DRR412553,AMPLICON,601,13171950,PRJDB14539,SAMD00548595,MIMARKS.survey.human-gut,7557853,METAGEN,2022-10-07,public,"run.zq,sra","gs,ncbi,s3","gs.us-east1,ncbi.public,s3.us-east-1",host-associated,mammalia-associated habitat,feces,DRX398154,Japan,Asia,Japan,Homo sapiens,Illumina MiSeq,missing,,PAIRED,PCR,METAGENOMIC,human gut metagenome,ILLUMINA,2022-11-16T00:00:00Z,2022-11-16T13:09:00Z,1,SAMD00548595,C_64_4w,DRP009232
DRR412554,AMPLICON,601,11624268,PRJDB14539,SAMD00548596,MIMARKS.survey.human-gut,6757659,METAGEN,2022-10-07,public,"run.zq,sra","gs,ncbi,s3","gs.us-east1,ncbi.public,s3.us-east-1",host-associated,mammalia-associated habitat,feces,DRX398155,Japan,Asia,Japan,Homo sapiens,Illumina MiSeq,missing,,PAIRED,PCR,METAGENOMIC,human gut metagenome,ILLUMINA,2022-11-16T00:00:00Z,2022-11-16T13:06:00Z,1,SAMD00548596,T_65_0w,DRP009232
DRR412555,AMPLICON,601,13407788,PRJDB14539,SAMD00548597,MIMARKS.survey.human-gut,7804311,METAGEN,2022-10-07,public,"run.zq,sra","gs,ncbi,s3","gs.us-east1,ncbi.public,s3.us-east-1",host-associated,mammalia-associated habitat,feces,DRX398156,Japan,Asia,Japan,Homo sapiens,Illumina MiSeq,missing,,PAIRED,PCR,METAGENOMIC,human gut metagenome,ILLUMINA,2022-11-16T00:00:00Z,2022-11-16T13:09:00Z,1,SAMD00548597,T_65_4w,DRP009232
DRR412556,AMPLICON,601,11892728,PRJDB14539,SAMD00548598,MIMARKS.survey.human-gut,6955040,METAGEN,2022-10-07,public,"run.zq,sra","gs,ncbi,s3","gs.us-east1,ncbi.public,s3.us-east-1",host-associated,mammalia-associated habitat,feces,DRX398157,Japan,Asia,Japan,Homo sapiens,Illumina MiSeq,missing,,PAIRED,PCR,METAGENOMIC,human gut metagenome,ILLUMINA,2022-11-16T00:00:00Z,2022-11-16T13:08:00Z,1,SAMD00548598,C_66_0w,DRP009232
DRR412557,AMPLICON,601,12296622,PRJDB14539,SAMD00548599,MIMARKS.survey.human-gut,7145792,METAGEN,2022-10-07,public,"run.zq,sra","gs,ncbi,s3","gs.us-east1,ncbi.public,s3.us-east-1",host-associated,mammalia-associated habitat,feces,DRX398158,Japan,Asia,Japan,Homo sapiens,Illumina MiSeq,missing,,PAIRED,PCR,METAGENOMIC,human gut metagenome,ILLUMINA,2022-11-16T00:00:00Z,2022-11-16T13:07:00Z,1,SAMD00548599,C_66_4w,DRP009232
DRR412558,AMPLICON,601,13047838,PRJDB14539,SAMD00548600,MIMARKS.survey.human-gut,7597813,METAGEN,2022-10-07,public,"run.zq,sra","gs,ncbi,s3","gs.us-east1,ncbi.public,s3.us-east-1",host-associated,mammalia-associated habitat,feces,DRX398159,Japan,Asia,Japan,Homo sapiens,Illumina MiSeq,missing,,PAIRED,PCR,METAGENOMIC,human gut metagenome,ILLUMINA,2022-11-16T00:00:00Z,2022-11-16T13:06:00Z,1,SAMD00548600,C_67_0w,DRP009232
DRR412559,AMPLICON,601,11397400,PRJDB14539,SAMD00548601,MIMARKS.survey.human-gut,6624858,METAGEN,2022-10-07,public,"run.zq,sra","gs,ncbi,s3","gs.us-east1,ncbi.public,s3.us-east-1",host-associated,mammalia-associated habitat,feces,DRX398160,Japan,Asia,Japan,Homo sapiens,Illumina MiSeq,missing,,PAIRED,PCR,METAGENOMIC,human gut metagenome,ILLUMINA,2022-11-16T00:00:00Z,2022-11-16T13:10:00Z,1,SAMD00548601,C_67_4w,DRP009232
DRR412560,AMPLICON,600,12140619,PRJDB14539,SAMD00548602,MIMARKS.survey.human-gut,7085858,METAGEN,2022-10-07,public,"run.zq,sra","gs,ncbi,s3","gs.us-east1,ncbi.public,s3.us-east-1",host-associated,mammalia-associated habitat,feces,DRX398161,Japan,Asia,Japan,Homo sapiens,Illumina MiSeq,missing,,PAIRED,PCR,METAGENOMIC,human gut metagenome,ILLUMINA,2022-11-16T00:00:00Z,2022-11-16T13:09:00Z,1,SAMD00548602,T_68_0w,DRP009232
DRR412561,AMPLICON,601,14220293,PRJDB14539,SAMD00548603,MIMARKS.survey.human-gut,8197293,METAGEN,2022-10-07,public,"run.zq,sra","gs,ncbi,s3","gs.us-east1,ncbi.public,s3.us-east-1",host-associated,mammalia-associated habitat,feces,DRX398162,Japan,Asia,Japan,Homo sapiens,Illumina MiSeq,missing,,PAIRED,PCR,METAGENOMIC,human gut metagenome,ILLUMINA,2022-11-16T00:00:00Z,2022-11-16T13:07:00Z,1,SAMD00548603,T_68_4w,DRP009232
DRR412562,AMPLICON,601,11488285,PRJDB14539,SAMD00548604,MIMARKS.survey.human-gut,6681630,METAGEN,2022-10-07,public,"run.zq,sra","gs,ncbi,s3","gs.us-east1,ncbi.public,s3.us-east-1",host-associated,mammalia-associated habitat,feces,DRX398163,Japan,Asia,Japan,Homo sapiens,Illumina MiSeq,missing,,PAIRED,PCR,METAGENOMIC,human gut metagenome,ILLUMINA,2022-11-16T00:00:00Z,2022-11-16T13:11:00Z,1,SAMD00548604,C_69_0w,DRP009232
DRR412563,AMPLICON,601,14916638,PRJDB14539,SAMD00548605,MIMARKS.survey.human-gut,8610018,METAGEN,2022-10-07,public,"run.zq,sra","gs,ncbi,s3","gs.us-east1,ncbi.public,s3.us-east-1",host-associated,mammalia-associated habitat,feces,DRX398164,Japan,Asia,Japan,Homo sapiens,Illumina MiSeq,missing,,PAIRED,PCR,METAGENOMIC,human gut metagenome,ILLUMINA,2022-11-16T00:00:00Z,2022-11-16T13:11:00Z,1,SAMD00548605,C_69_4w,DRP009232
DRR412564,AMPLICON,601,10782225,PRJDB14539,SAMD00548606,MIMARKS.survey.human-gut,6338715,METAGEN,2022-10-07,public,"run.zq,sra","gs,ncbi,s3","gs.us-east1,ncbi.public,s3.us-east-1",host-associated,mammalia-associated habitat,feces,DRX398165,Japan,Asia,Japan,Homo sapiens,Illumina MiSeq,missing,,PAIRED,PCR,METAGENOMIC,human gut metagenome,ILLUMINA,2022-11-16T00:00:00Z,2022-11-16T13:10:00Z,1,SAMD00548606,C_70_0w,DRP009232
DRR412565,AMPLICON,601,13878045,PRJDB14539,SAMD00548607,MIMARKS.survey.human-gut,8015536,METAGEN,2022-10-07,public,"run.zq,sra","gs,ncbi,s3","gs.us-east1,ncbi.public,s3.us-east-1",host-associated,mammalia-associated habitat,feces,DRX398166,Japan,Asia,Japan,Homo sapiens,Illumina MiSeq,missing,,PAIRED,PCR,METAGENOMIC,human gut metagenome,ILLUMINA,2022-11-16T00:00:00Z,2022-11-16T13:12:00Z,1,SAMD00548607,C_70_4w,DRP009232
DRR412566,AMPLICON,601,11631875,PRJDB14539,SAMD00548608,MIMARKS.survey.human-gut,6863630,METAGEN,2022-10-07,public,"run.zq,sra","gs,ncbi,s3","gs.us-east1,ncbi.public,s3.us-east-1",host-associated,mammalia-associated habitat,feces,DRX398167,Japan,Asia,Japan,Homo sapiens,Illumina MiSeq,missing,,PAIRED,PCR,METAGENOMIC,human gut metagenome,ILLUMINA,2022-11-16T00:00:00Z,2022-11-16T13:12:00Z,1,SAMD00548608,T_71_0w,DRP009232
DRR412567,AMPLICON,601,14387670,PRJDB14539,SAMD00548609,MIMARKS.survey.human-gut,8386945,METAGEN,2022-10-07,public,"run.zq,sra","gs,ncbi,s3","gs.us-east1,ncbi.public,s3.us-east-1",host-associated,mammalia-associated habitat,feces,DRX398168,Japan,Asia,Japan,Homo sapiens,Illumina MiSeq,missing,,PAIRED,PCR,METAGENOMIC,human gut metagenome,ILLUMINA,2022-11-16T00:00:00Z,2022-11-16T13:08:00Z,1,SAMD00548609,T_71_4w,DRP009232
DRR412568,AMPLICON,601,12437840,PRJDB14539,SAMD00548610,MIMARKS.survey.human-gut,7204010,METAGEN,2022-10-07,public,"run.zq,sra","gs,ncbi,s3","gs.us-east1,ncbi.public,s3.us-east-1",host-associated,mammalia-associated habitat,feces,DRX398169,Japan,Asia,Japan,Homo sapiens,Illumina MiSeq,missing,,PAIRED,PCR,METAGENOMIC,human gut metagenome,ILLUMINA,2022-11-16T00:00:00Z,2022-11-16T13:08:00Z,1,SAMD00548610,T_72_0w,DRP009232
DRR412569,AMPLICON,601,16172761,PRJDB14539,SAMD00548611,MIMARKS.survey.human-gut,9271426,METAGEN,2022-10-07,public,"run.zq,sra","gs,ncbi,s3","gs.us-east1,ncbi.public,s3.us-east-1",host-associated,mammalia-associated habitat,feces,DRX398170,Japan,Asia,Japan,Homo sapiens,Illumina MiSeq,missing,,PAIRED,PCR,METAGENOMIC,human gut metagenome,ILLUMINA,2022-11-16T00:00:00Z,2022-11-16T13:10:00Z,1,SAMD00548611,T_72_4w,DRP009232
DRR412570,AMPLICON,601,11963173,PRJDB14539,SAMD00548612,MIMARKS.survey.human-gut,6969956,METAGEN,2022-10-07,public,"run.zq,sra","gs,ncbi,s3","gs.us-east1,ncbi.public,s3.us-east-1",host-associated,mammalia-associated habitat,feces,DRX398171,Japan,Asia,Japan,Homo sapiens,Illumina MiSeq,missing,,PAIRED,PCR,METAGENOMIC,human gut metagenome,ILLUMINA,2022-11-16T00:00:00Z,2022-11-16T13:08:00Z,1,SAMD00548612,T_73_0w,DRP009232
DRR412571,AMPLICON,601,14295608,PRJDB14539,SAMD00548613,MIMARKS.survey.human-gut,8313568,METAGEN,2022-10-07,public,"run.zq,sra","gs,ncbi,s3","gs.us-east1,ncbi.public,s3.us-east-1",host-associated,mammalia-associated habitat,feces,DRX398172,Japan,Asia,Japan,Homo sapiens,Illumina MiSeq,missing,,PAIRED,PCR,METAGENOMIC,human gut metagenome,ILLUMINA,2022-11-16T00:00:00Z,2022-11-16T13:07:00Z,1,SAMD00548613,T_73_4w,DRP009232
DRR412572,AMPLICON,601,11425202,PRJDB14539,SAMD00548614,MIMARKS.survey.human-gut,6726480,METAGEN,2022-10-07,public,"run.zq,sra","gs,ncbi,s3","gs.us-east1,ncbi.public,s3.us-east-1",host-associated,mammalia-associated habitat,feces,DRX398173,Japan,Asia,Japan,Homo sapiens,Illumina MiSeq,missing,,PAIRED,PCR,METAGENOMIC,human gut metagenome,ILLUMINA,2022-11-16T00:00:00Z,2022-11-16T13:09:00Z,1,SAMD00548614,T_74_0w,DRP009232
DRR412573,AMPLICON,600,14229124,PRJDB14539,SAMD00548615,MIMARKS.survey.human-gut,8207160,METAGEN,2022-10-07,public,"run.zq,sra","gs,ncbi,s3","gs.us-east1,ncbi.public,s3.us-east-1",host-associated,mammalia-associated habitat,feces,DRX398174,Japan,Asia,Japan,Homo sapiens,Illumina MiSeq,missing,,PAIRED,PCR,METAGENOMIC,human gut metagenome,ILLUMINA,2022-11-16T00:00:00Z,2022-11-16T13:09:00Z,1,SAMD00548615,T_74_4w,DRP009232
DRR412574,AMPLICON,601,11992046,PRJDB14539,SAMD00548616,MIMARKS.survey.human-gut,7011692,METAGEN,2022-10-07,public,"run.zq,sra","gs,ncbi,s3","gs.us-east1,ncbi.public,s3.us-east-1",host-associated,mammalia-associated habitat,feces,DRX398175,Japan,Asia,Japan,Homo sapiens,Illumina MiSeq,missing,,PAIRED,PCR,METAGENOMIC,human gut metagenome,ILLUMINA,2022-11-16T00:00:00Z,2022-11-16T13:09:00Z,1,SAMD00548616,C_75_0w,DRP009232
DRR412575,AMPLICON,601,13313195,PRJDB14539,SAMD00548617,MIMARKS.survey.human-gut,7729869,METAGEN,2022-10-07,public,"run.zq,sra","gs,ncbi,s3","gs.us-east1,ncbi.public,s3.us-east-1",host-associated,mammalia-associated habitat,feces,DRX398176,Japan,Asia,Japan,Homo sapiens,Illumina MiSeq,missing,,PAIRED,PCR,METAGENOMIC,human gut metagenome,ILLUMINA,2022-11-16T00:00:00Z,2022-11-16T13:09:00Z,1,SAMD00548617,C_75_4w,DRP009232
DRR412576,AMPLICON,601,12465356,PRJDB14539,SAMD00548618,MIMARKS.survey.human-gut,7231711,METAGEN,2022-10-07,public,"run.zq,sra","gs,ncbi,s3","gs.us-east1,ncbi.public,s3.us-east-1",host-associated,mammalia-associated habitat,feces,DRX398177,Japan,Asia,Japan,Homo sapiens,Illumina MiSeq,missing,,PAIRED,PCR,METAGENOMIC,human gut metagenome,ILLUMINA,2022-11-16T00:00:00Z,2022-11-16T13:12:00Z,1,SAMD00548618,T_76_0w,DRP009232
DRR412577,AMPLICON,601,12496144,PRJDB14539,SAMD00548619,MIMARKS.survey.human-gut,7173290,METAGEN,2022-10-07,public,"run.zq,sra","gs,ncbi,s3","gs.us-east1,ncbi.public,s3.us-east-1",host-associated,mammalia-associated habitat,feces,DRX398178,Japan,Asia,Japan,Homo sapiens,Illumina MiSeq,missing,,PAIRED,PCR,METAGENOMIC,human gut metagenome,ILLUMINA,2022-11-16T00:00:00Z,2022-11-16T13:08:00Z,1,SAMD00548619,T_76_4w,DRP009232
DRR412578,AMPLICON,601,13054733,PRJDB14539,SAMD00548620,MIMARKS.survey.human-gut,7508167,METAGEN,2022-10-07,public,"run.zq,sra","gs,ncbi,s3","gs.us-east1,ncbi.public,s3.us-east-1",host-associated,mammalia-associated habitat,feces,DRX398179,Japan,Asia,Japan,Homo sapiens,Illumina MiSeq,missing,,PAIRED,PCR,METAGENOMIC,human gut metagenome,ILLUMINA,2022-11-16T00:00:00Z,2022-11-16T13:11:00Z,1,SAMD00548620,T_77_0w,DRP009232
DRR412579,AMPLICON,601,15802259,PRJDB14539,SAMD00548621,MIMARKS.survey.human-gut,9064642,METAGEN,2022-10-07,public,"run.zq,sra","gs,ncbi,s3","gs.us-east1,ncbi.public,s3.us-east-1",host-associated,mammalia-associated habitat,feces,DRX398180,Japan,Asia,Japan,Homo sapiens,Illumina MiSeq,missing,,PAIRED,PCR,METAGENOMIC,human gut metagenome,ILLUMINA,2022-11-16T00:00:00Z,2022-11-16T13:09:00Z,1,SAMD00548621,T_77_4w,DRP009232
DRR412580,AMPLICON,601,11008484,PRJDB14539,SAMD00548622,MIMARKS.survey.human-gut,6418136,METAGEN,2022-10-07,public,"run.zq,sra","gs,ncbi,s3","gs.us-east1,ncbi.public,s3.us-east-1",host-associated,mammalia-associated habitat,feces,DRX398181,Japan,Asia,Japan,Homo sapiens,Illumina MiSeq,missing,,PAIRED,PCR,METAGENOMIC,human gut metagenome,ILLUMINA,2022-11-16T00:00:00Z,2022-11-16T13:12:00Z,1,SAMD00548622,C_78_0w,DRP009232
DRR412581,AMPLICON,601,14027480,PRJDB14539,SAMD00548623,MIMARKS.survey.human-gut,8138410,METAGEN,2022-10-07,public,"run.zq,sra","gs,ncbi,s3","gs.us-east1,ncbi.public,s3.us-east-1",host-associated,mammalia-associated habitat,feces,DRX398182,Japan,Asia,Japan,Homo sapiens,Illumina MiSeq,missing,,PAIRED,PCR,METAGENOMIC,human gut metagenome,ILLUMINA,2022-11-16T00:00:00Z,2022-11-16T13:11:00Z,1,SAMD00548623,C_78_4w,DRP009232
DRR412582,AMPLICON,601,11497848,PRJDB14539,SAMD00548624,MIMARKS.survey.human-gut,6701951,METAGEN,2022-10-07,public,"run.zq,sra","gs,ncbi,s3","gs.us-east1,ncbi.public,s3.us-east-1",host-associated,mammalia-associated habitat,feces,DRX398183,Japan,Asia,Japan,Homo sapiens,Illumina MiSeq,missing,,PAIRED,PCR,METAGENOMIC,human gut metagenome,ILLUMINA,2022-11-16T00:00:00Z,2022-11-16T13:11:00Z,1,SAMD00548624,T_79_0w,DRP009232
DRR412583,AMPLICON,600,14552871,PRJDB14539,SAMD00548625,MIMARKS.survey.human-gut,8373088,METAGEN,2022-10-07,public,"run.zq,sra","gs,ncbi,s3","gs.us-east1,ncbi.public,s3.us-east-1",host-associated,mammalia-associated habitat,feces,DRX398184,Japan,Asia,Japan,Homo sapiens,Illumina MiSeq,missing,,PAIRED,PCR,METAGENOMIC,human gut metagenome,ILLUMINA,2022-11-16T00:00:00Z,2022-11-16T13:08:00Z,1,SAMD00548625,T_79_4w,DRP009232
DRR412584,AMPLICON,601,14234501,PRJDB14539,SAMD00548626,MIMARKS.survey.human-gut,8157849,METAGEN,2022-10-07,public,"run.zq,sra","gs,ncbi,s3","gs.us-east1,ncbi.public,s3.us-east-1",host-associated,mammalia-associated habitat,feces,DRX398185,Japan,Asia,Japan,Homo sapiens,Illumina MiSeq,missing,,PAIRED,PCR,METAGENOMIC,human gut metagenome,ILLUMINA,2022-11-16T00:00:00Z,2022-11-16T13:12:00Z,1,SAMD00548626,C_80_0w,DRP009232
DRR412585,AMPLICON,601,16028033,PRJDB14539,SAMD00548627,MIMARKS.survey.human-gut,9163534,METAGEN,2022-10-07,public,"run.zq,sra","gs,ncbi,s3","gs.us-east1,ncbi.public,s3.us-east-1",host-associated,mammalia-associated habitat,feces,DRX398186,Japan,Asia,Japan,Homo sapiens,Illumina MiSeq,missing,,PAIRED,PCR,METAGENOMIC,human gut metagenome,ILLUMINA,2022-11-16T00:00:00Z,2022-11-16T13:08:00Z,1,SAMD00548627,C_80_4w,DRP009232
DRR412586,AMPLICON,601,13661395,PRJDB14539,SAMD00548628,MIMARKS.survey.human-gut,7945805,METAGEN,2022-10-07,public,"run.zq,sra","gs,ncbi,s3","gs.us-east1,ncbi.public,s3.us-east-1",host-associated,mammalia-associated habitat,feces,DRX398187,Japan,Asia,Japan,Homo sapiens,Illumina MiSeq,missing,,PAIRED,PCR,METAGENOMIC,human gut metagenome,ILLUMINA,2022-11-16T00:00:00Z,2022-11-16T13:08:00Z,1,SAMD00548628,C_82_0w,DRP009232
DRR412587,AMPLICON,601,13526877,PRJDB14539,SAMD00548629,MIMARKS.survey.human-gut,7846202,METAGEN,2022-10-07,public,"run.zq,sra","gs,ncbi,s3","gs.us-east1,ncbi.public,s3.us-east-1",host-associated,mammalia-associated habitat,feces,DRX398188,Japan,Asia,Japan,Homo sapiens,Illumina MiSeq,missing,,PAIRED,PCR,METAGENOMIC,human gut metagenome,ILLUMINA,2022-11-16T00:00:00Z,2022-11-16T13:12:00Z,1,SAMD00548629,C_82_4w,DRP009232
DRR412588,AMPLICON,601,11849725,PRJDB14539,SAMD00548630,MIMARKS.survey.human-gut,6917230,METAGEN,2022-10-07,public,"run.zq,sra","gs,ncbi,s3","gs.us-east1,ncbi.public,s3.us-east-1",host-associated,mammalia-associated habitat,feces,DRX398189,Japan,Asia,Japan,Homo sapiens,Illumina MiSeq,missing,,PAIRED,PCR,METAGENOMIC,human gut metagenome,ILLUMINA,2022-11-16T00:00:00Z,2022-11-16T13:07:00Z,1,SAMD00548630,T_85_0w,DRP009232
DRR412589,AMPLICON,601,12304216,PRJDB14539,SAMD00548631,MIMARKS.survey.human-gut,7091423,METAGEN,2022-10-07,public,"run.zq,sra","gs,ncbi,s3","gs.us-east1,ncbi.public,s3.us-east-1",host-associated,mammalia-associated habitat,feces,DRX398190,Japan,Asia,Japan,Homo sapiens,Illumina MiSeq,missing,,PAIRED,PCR,METAGENOMIC,human gut metagenome,ILLUMINA,2022-11-16T00:00:00Z,2022-11-16T13:07:00Z,1,SAMD00548631,T_85_4w,DRP009232
DRR412590,AMPLICON,601,13603058,PRJDB14539,SAMD00548632,MIMARKS.survey.human-gut,7884575,METAGEN,2022-10-07,public,"run.zq,sra","gs,ncbi,s3","gs.us-east1,ncbi.public,s3.us-east-1",host-associated,mammalia-associated habitat,feces,DRX398191,Japan,Asia,Japan,Homo sapiens,Illumina MiSeq,missing,,PAIRED,PCR,METAGENOMIC,human gut metagenome,ILLUMINA,2022-11-16T00:00:00Z,2022-11-16T13:11:00Z,1,SAMD00548632,T_87_0w,DRP009232
DRR412591,AMPLICON,601,14829073,PRJDB14539,SAMD00548633,MIMARKS.survey.human-gut,8575337,METAGEN,2022-10-07,public,"run.zq,sra","gs,ncbi,s3","gs.us-east1,ncbi.public,s3.us-east-1",host-associated,mammalia-associated habitat,feces,DRX398192,Japan,Asia,Japan,Homo sapiens,Illumina MiSeq,missing,,PAIRED,PCR,METAGENOMIC,human gut metagenome,ILLUMINA,2022-11-16T00:00:00Z,2022-11-16T13:11:00Z,1,SAMD00548633,T_87_4w,DRP009232
