Run,Assay Type,AvgSpotLen,Bases,BioProject,BioSample,Bytes,Center Name,Consent,DATASTORE filetype,DATASTORE provider,DATASTORE region,ENA-FIRST-PUBLIC (run),ENA_first_public,ENA-LAST-UPDATE (run),ENA_last_update,Experiment,external_id,INSDC_center_name,INSDC_first_public,INSDC_last_update,INSDC_status,Instrument,Library Name,LibraryLayout,LibrarySelection,LibrarySource,Organism,Platform,ReleaseDate,create_date,version,Sample Name,Sample_name,Scientific_Name,SRA Study,Submitter_Id
ERR2508876,WGS,302,1208000000,PRJEB25954,SAMEA1100185,794646160,HELMHOLTZ CENTER FOR INFECTION RESEARCH,public,"fastq,run.zq,sra","ena,gs,ncbi,s3","ena,gs.us-east1,ncbi.public,s3.us-east-1",2018-04-11,2018-04-11T17:02:32Z,2018-11-16,2018-04-11T07:12:06Z,ERX2528327,SAMEA1100185,HELMHOLTZ CENTER FOR INFECTION RESEARCH,2018-04-11T17:02:32Z,2018-04-11T07:12:06Z,public,Illumina HiSeq 2000,unspecified,PAIRED,RANDOM,METAGENOMIC,metagenome,ILLUMINA,2018-04-13T00:00:00Z,2021-03-13T05:02:00Z,2,SAMEA1100185,101_002_CGATGT_L002_001,metagenome,ERP107921,101_002_CGATGT_L002_001
ERR2508877,WGS,302,1208000000,PRJEB25954,SAMEA1100186,791766266,HELMHOLTZ CENTER FOR INFECTION RESEARCH,public,"fastq,run.zq,sra","ena,gs,ncbi,s3","ena,gs.us-east1,ncbi.public,s3.us-east-1",2018-04-11,2018-04-11T17:02:32Z,2018-11-16,2018-04-11T07:12:06Z,ERX2528328,SAMEA1100186,HELMHOLTZ CENTER FOR INFECTION RESEARCH,2018-04-11T17:02:32Z,2018-04-11T07:12:06Z,public,Illumina HiSeq 2000,unspecified,PAIRED,RANDOM,METAGENOMIC,metagenome,ILLUMINA,2018-04-13T00:00:00Z,2021-03-13T05:00:00Z,2,SAMEA1100186,101_002_CGATGT_L002_002,metagenome,ERP107921,101_002_CGATGT_L002_002
ERR2508878,WGS,302,1208000000,PRJEB25954,SAMEA1100187,787321286,HELMHOLTZ CENTER FOR INFECTION RESEARCH,public,"fastq,run.zq,sra","ena,gs,ncbi,s3","ena,gs.us-east1,ncbi.public,s3.us-east-1",2018-04-11,2018-04-11T17:02:32Z,2018-11-16,2018-04-11T07:12:06Z,ERX2528329,SAMEA1100187,HELMHOLTZ CENTER FOR INFECTION RESEARCH,2018-04-11T17:02:32Z,2018-04-11T07:12:06Z,public,Illumina HiSeq 2000,unspecified,PAIRED,RANDOM,METAGENOMIC,metagenome,ILLUMINA,2018-04-13T00:00:00Z,2021-03-13T05:00:00Z,2,SAMEA1100187,101_002_CGATGT_L002_003,metagenome,ERP107921,101_002_CGATGT_L002_003
ERR2508879,WGS,302,596519158,PRJEB25954,SAMEA1100188,388294140,HELMHOLTZ CENTER FOR INFECTION RESEARCH,public,"fastq,run.zq,sra","ena,gs,ncbi,s3","ena,gs.us-east1,ncbi.public,s3.us-east-1",2018-04-11,2018-04-11T17:02:32Z,2018-11-16,2018-04-11T07:12:06Z,ERX2528330,SAMEA1100188,HELMHOLTZ CENTER FOR INFECTION RESEARCH,2018-04-11T17:02:32Z,2018-04-11T07:12:06Z,public,Illumina HiSeq 2000,unspecified,PAIRED,RANDOM,METAGENOMIC,metagenome,ILLUMINA,2018-04-13T00:00:00Z,2021-03-13T04:59:00Z,2,SAMEA1100188,101_002_CGATGT_L002_004,metagenome,ERP107921,101_002_CGATGT_L002_004
ERR2508880,WGS,302,1208000000,PRJEB25954,SAMEA1100189,792257059,HELMHOLTZ CENTER FOR INFECTION RESEARCH,public,"fastq,run.zq,sra","ena,gs,ncbi,s3","ena,gs.us-east1,ncbi.public,s3.us-east-1",2018-04-11,2018-04-11T17:02:32Z,2018-11-16,2018-04-11T07:12:06Z,ERX2528331,SAMEA1100189,HELMHOLTZ CENTER FOR INFECTION RESEARCH,2018-04-11T17:02:32Z,2018-04-11T07:12:06Z,public,Illumina HiSeq 2000,unspecified,PAIRED,RANDOM,METAGENOMIC,metagenome,ILLUMINA,2018-04-13T00:00:00Z,2021-03-13T05:00:00Z,2,SAMEA1100189,111_003_TTAGGC_L002_001,metagenome,ERP107921,111_003_TTAGGC_L002_001
ERR2508881,WGS,302,1208000000,PRJEB25954,SAMEA1100190,792035531,HELMHOLTZ CENTER FOR INFECTION RESEARCH,public,"fastq,run.zq,sra","ena,gs,ncbi,s3","ena,gs.us-east1,ncbi.public,s3.us-east-1",2018-04-11,2018-04-11T17:02:32Z,2018-11-16,2018-04-11T07:12:06Z,ERX2528332,SAMEA1100190,HELMHOLTZ CENTER FOR INFECTION RESEARCH,2018-04-11T17:02:32Z,2018-04-11T07:12:06Z,public,Illumina HiSeq 2000,unspecified,PAIRED,RANDOM,METAGENOMIC,metagenome,ILLUMINA,2018-04-13T00:00:00Z,2021-03-13T05:02:00Z,2,SAMEA1100190,111_003_TTAGGC_L002_002,metagenome,ERP107921,111_003_TTAGGC_L002_002
ERR2508882,WGS,302,1208000000,PRJEB25954,SAMEA1100191,788777224,HELMHOLTZ CENTER FOR INFECTION RESEARCH,public,"fastq,run.zq,sra","ena,gs,ncbi,s3","ena,gs.us-east1,ncbi.public,s3.us-east-1",2018-04-11,2018-04-11T17:02:32Z,2018-11-16,2018-04-11T07:12:06Z,ERX2528333,SAMEA1100191,HELMHOLTZ CENTER FOR INFECTION RESEARCH,2018-04-11T17:02:32Z,2018-04-11T07:12:06Z,public,Illumina HiSeq 2000,unspecified,PAIRED,RANDOM,METAGENOMIC,metagenome,ILLUMINA,2018-04-13T00:00:00Z,2021-03-13T05:01:00Z,2,SAMEA1100191,111_003_TTAGGC_L002_003,metagenome,ERP107921,111_003_TTAGGC_L002_003
ERR2508883,WGS,302,1208000000,PRJEB25954,SAMEA1100192,786761319,HELMHOLTZ CENTER FOR INFECTION RESEARCH,public,"fastq,run.zq,sra","ena,gs,ncbi,s3","ena,gs.us-east1,ncbi.public,s3.us-east-1",2018-04-11,2018-04-11T17:02:32Z,2018-11-16,2018-04-11T07:12:06Z,ERX2528334,SAMEA1100192,HELMHOLTZ CENTER FOR INFECTION RESEARCH,2018-04-11T17:02:32Z,2018-04-11T07:12:06Z,public,Illumina HiSeq 2000,unspecified,PAIRED,RANDOM,METAGENOMIC,metagenome,ILLUMINA,2018-04-13T00:00:00Z,2021-03-13T05:00:00Z,2,SAMEA1100192,111_003_TTAGGC_L002_004,metagenome,ERP107921,111_003_TTAGGC_L002_004
ERR2508884,WGS,302,574122536,PRJEB25954,SAMEA1100193,373440422,HELMHOLTZ CENTER FOR INFECTION RESEARCH,public,"fastq,run.zq,sra","ena,gs,ncbi,s3","ena,gs.us-east1,ncbi.public,s3.us-east-1",2018-04-11,2018-04-11T17:02:32Z,2018-11-16,2018-04-11T07:12:06Z,ERX2528335,SAMEA1100193,HELMHOLTZ CENTER FOR INFECTION RESEARCH,2018-04-11T17:02:32Z,2018-04-11T07:12:06Z,public,Illumina HiSeq 2000,unspecified,PAIRED,RANDOM,METAGENOMIC,metagenome,ILLUMINA,2018-04-13T00:00:00Z,2021-03-13T04:59:00Z,2,SAMEA1100193,111_003_TTAGGC_L002_005,metagenome,ERP107921,111_003_TTAGGC_L002_005
ERR2508885,WGS,302,1208000000,PRJEB25954,SAMEA1100194,797279221,HELMHOLTZ CENTER FOR INFECTION RESEARCH,public,"fastq,run.zq,sra","ena,gs,ncbi,s3","ena,gs.us-east1,ncbi.public,s3.us-east-1",2018-04-11,2018-04-11T17:02:32Z,2018-11-16,2018-04-11T07:12:06Z,ERX2528336,SAMEA1100194,HELMHOLTZ CENTER FOR INFECTION RESEARCH,2018-04-11T17:02:32Z,2018-04-11T07:12:06Z,public,Illumina HiSeq 2000,unspecified,PAIRED,RANDOM,METAGENOMIC,metagenome,ILLUMINA,2018-04-13T00:00:00Z,2021-03-13T05:01:00Z,2,SAMEA1100194,113_004_TGACCA_L002_001,metagenome,ERP107921,113_004_TGACCA_L002_001
ERR2508886,WGS,302,1208000000,PRJEB25954,SAMEA1100195,794404605,HELMHOLTZ CENTER FOR INFECTION RESEARCH,public,"fastq,run.zq,sra","ena,gs,ncbi,s3","ena,gs.us-east1,ncbi.public,s3.us-east-1",2018-04-11,2018-04-11T17:02:32Z,2018-11-16,2018-04-11T07:12:06Z,ERX2528337,SAMEA1100195,HELMHOLTZ CENTER FOR INFECTION RESEARCH,2018-04-11T17:02:32Z,2018-04-11T07:12:06Z,public,Illumina HiSeq 2000,unspecified,PAIRED,RANDOM,METAGENOMIC,metagenome,ILLUMINA,2018-04-13T00:00:00Z,2021-03-13T05:01:00Z,2,SAMEA1100195,113_004_TGACCA_L002_002,metagenome,ERP107921,113_004_TGACCA_L002_002
ERR2508887,WGS,302,1208000000,PRJEB25954,SAMEA1100196,790048225,HELMHOLTZ CENTER FOR INFECTION RESEARCH,public,"fastq,run.zq,sra","ena,gs,ncbi,s3","ena,gs.us-east1,ncbi.public,s3.us-east-1",2018-04-11,2018-04-11T17:02:32Z,2018-11-16,2018-04-11T07:12:06Z,ERX2528338,SAMEA1100196,HELMHOLTZ CENTER FOR INFECTION RESEARCH,2018-04-11T17:02:32Z,2018-04-11T07:12:06Z,public,Illumina HiSeq 2000,unspecified,PAIRED,RANDOM,METAGENOMIC,metagenome,ILLUMINA,2018-04-13T00:00:00Z,2021-03-13T05:02:00Z,2,SAMEA1100196,113_004_TGACCA_L002_003,metagenome,ERP107921,113_004_TGACCA_L002_003
ERR2508888,WGS,302,1161887922,PRJEB25954,SAMEA1100197,759556010,HELMHOLTZ CENTER FOR INFECTION RESEARCH,public,"fastq,run.zq,sra","ena,gs,ncbi,s3","ena,gs.us-east1,ncbi.public,s3.us-east-1",2018-04-11,2018-04-11T17:02:53Z,2018-11-16,2018-04-11T07:12:06Z,ERX2528339,SAMEA1100197,HELMHOLTZ CENTER FOR INFECTION RESEARCH,2018-04-11T17:02:53Z,2018-04-11T07:12:06Z,public,Illumina HiSeq 2000,unspecified,PAIRED,RANDOM,METAGENOMIC,metagenome,ILLUMINA,2018-04-13T00:00:00Z,2021-03-13T05:00:00Z,2,SAMEA1100197,113_004_TGACCA_L002_004,metagenome,ERP107921,113_004_TGACCA_L002_004
ERR2508889,WGS,302,1208000000,PRJEB25954,SAMEA1100198,793150704,HELMHOLTZ CENTER FOR INFECTION RESEARCH,public,"fastq,run.zq,sra","ena,gs,ncbi,s3","ena,gs.us-east1,ncbi.public,s3.us-east-1",2018-04-11,2018-04-11T17:02:53Z,2018-11-16,2018-04-11T07:12:06Z,ERX2528340,SAMEA1100198,HELMHOLTZ CENTER FOR INFECTION RESEARCH,2018-04-11T17:02:53Z,2018-04-11T07:12:06Z,public,Illumina HiSeq 2000,unspecified,PAIRED,RANDOM,METAGENOMIC,metagenome,ILLUMINA,2018-04-13T00:00:00Z,2021-03-13T05:03:00Z,2,SAMEA1100198,133_007_CAGATC_L002_001,metagenome,ERP107921,133_007_CAGATC_L002_001
ERR2508890,WGS,302,1208000000,PRJEB25954,SAMEA1100199,790237628,HELMHOLTZ CENTER FOR INFECTION RESEARCH,public,"fastq,run.zq,sra","ena,gs,ncbi,s3","ena,gs.us-east1,ncbi.public,s3.us-east-1",2018-04-11,2018-04-11T17:02:53Z,2018-11-16,2018-04-11T07:12:06Z,ERX2528341,SAMEA1100199,HELMHOLTZ CENTER FOR INFECTION RESEARCH,2018-04-11T17:02:53Z,2018-04-11T07:12:06Z,public,Illumina HiSeq 2000,unspecified,PAIRED,RANDOM,METAGENOMIC,metagenome,ILLUMINA,2018-04-13T00:00:00Z,2021-03-13T05:03:00Z,2,SAMEA1100199,133_007_CAGATC_L002_002,metagenome,ERP107921,133_007_CAGATC_L002_002
ERR2508891,WGS,302,1208000000,PRJEB25954,SAMEA1100200,786816059,HELMHOLTZ CENTER FOR INFECTION RESEARCH,public,"fastq,run.zq,sra","ena,gs,ncbi,s3","ena,gs.us-east1,ncbi.public,s3.us-east-1",2018-04-11,2018-04-11T17:02:53Z,2018-11-16,2018-04-11T07:12:06Z,ERX2528342,SAMEA1100200,HELMHOLTZ CENTER FOR INFECTION RESEARCH,2018-04-11T17:02:53Z,2018-04-11T07:12:06Z,public,Illumina HiSeq 2000,unspecified,PAIRED,RANDOM,METAGENOMIC,metagenome,ILLUMINA,2018-04-13T00:00:00Z,2021-03-13T05:01:00Z,2,SAMEA1100200,133_007_CAGATC_L002_003,metagenome,ERP107921,133_007_CAGATC_L002_003
ERR2508892,WGS,302,835817616,PRJEB25954,SAMEA1100201,543537105,HELMHOLTZ CENTER FOR INFECTION RESEARCH,public,"fastq,run.zq,sra","ena,gs,ncbi,s3","ena,gs.us-east1,ncbi.public,s3.us-east-1",2018-04-11,2018-04-11T17:02:53Z,2018-11-16,2018-04-11T07:12:06Z,ERX2528343,SAMEA1100201,HELMHOLTZ CENTER FOR INFECTION RESEARCH,2018-04-11T17:02:53Z,2018-04-11T07:12:06Z,public,Illumina HiSeq 2000,unspecified,PAIRED,RANDOM,METAGENOMIC,metagenome,ILLUMINA,2018-04-13T00:00:00Z,2021-03-13T04:59:00Z,2,SAMEA1100201,133_007_CAGATC_L002_004,metagenome,ERP107921,133_007_CAGATC_L002_004
ERR2508893,WGS,302,1208000000,PRJEB25954,SAMEA1100202,796379363,HELMHOLTZ CENTER FOR INFECTION RESEARCH,public,"fastq,run.zq,sra","ena,gs,ncbi,s3","ena,gs.us-east1,ncbi.public,s3.us-east-1",2018-04-11,2018-04-11T17:02:53Z,2018-11-16,2018-04-11T07:12:06Z,ERX2528344,SAMEA1100202,HELMHOLTZ CENTER FOR INFECTION RESEARCH,2018-04-11T17:02:53Z,2018-04-11T07:12:06Z,public,Illumina HiSeq 2000,unspecified,PAIRED,RANDOM,METAGENOMIC,metagenome,ILLUMINA,2018-04-13T00:00:00Z,2021-03-13T05:02:00Z,2,SAMEA1100202,135_008_ACTTGA_L002_001,metagenome,ERP107921,135_008_ACTTGA_L002_001
ERR2508894,WGS,302,1208000000,PRJEB25954,SAMEA1100203,793862393,HELMHOLTZ CENTER FOR INFECTION RESEARCH,public,"fastq,run.zq,sra","ena,gs,ncbi,s3","ena,gs.us-east1,ncbi.public,s3.us-east-1",2018-04-11,2018-04-11T17:02:53Z,2018-11-16,2018-04-11T07:12:06Z,ERX2528345,SAMEA1100203,HELMHOLTZ CENTER FOR INFECTION RESEARCH,2018-04-11T17:02:53Z,2018-04-11T07:12:06Z,public,Illumina HiSeq 2000,unspecified,PAIRED,RANDOM,METAGENOMIC,metagenome,ILLUMINA,2018-04-13T00:00:00Z,2021-03-13T05:02:00Z,2,SAMEA1100203,135_008_ACTTGA_L002_002,metagenome,ERP107921,135_008_ACTTGA_L002_002
ERR2508895,WGS,302,1208000000,PRJEB25954,SAMEA1100204,789196899,HELMHOLTZ CENTER FOR INFECTION RESEARCH,public,"fastq,run.zq,sra","ena,gs,ncbi,s3","ena,gs.us-east1,ncbi.public,s3.us-east-1",2018-04-11,2018-04-11T17:02:53Z,2018-11-16,2018-04-11T07:12:06Z,ERX2528346,SAMEA1100204,HELMHOLTZ CENTER FOR INFECTION RESEARCH,2018-04-11T17:02:53Z,2018-04-11T07:12:06Z,public,Illumina HiSeq 2000,unspecified,PAIRED,RANDOM,METAGENOMIC,metagenome,ILLUMINA,2018-04-13T00:00:00Z,2021-03-13T05:01:00Z,2,SAMEA1100204,135_008_ACTTGA_L002_003,metagenome,ERP107921,135_008_ACTTGA_L002_003
ERR2508896,WGS,302,1208000000,PRJEB25954,SAMEA1100205,789056426,HELMHOLTZ CENTER FOR INFECTION RESEARCH,public,"fastq,run.zq,sra","ena,gs,ncbi,s3","ena,gs.us-east1,ncbi.public,s3.us-east-1",2018-04-11,2018-04-11T17:02:53Z,2018-11-16,2018-04-11T07:12:07Z,ERX2528347,SAMEA1100205,HELMHOLTZ CENTER FOR INFECTION RESEARCH,2018-04-11T17:02:53Z,2018-04-11T07:12:07Z,public,Illumina HiSeq 2000,unspecified,PAIRED,RANDOM,METAGENOMIC,metagenome,ILLUMINA,2018-04-13T00:00:00Z,2021-03-13T05:00:00Z,2,SAMEA1100205,135_008_ACTTGA_L002_004,metagenome,ERP107921,135_008_ACTTGA_L002_004
ERR2508897,WGS,302,103044212,PRJEB25954,SAMEA1100206,67568301,HELMHOLTZ CENTER FOR INFECTION RESEARCH,public,"fastq,run.zq,sra","ena,gs,ncbi,s3","ena,gs.us-east1,ncbi.public,s3.us-east-1",2018-04-11,2018-04-11T17:02:53Z,2018-11-16,2018-04-11T07:12:07Z,ERX2528348,SAMEA1100206,HELMHOLTZ CENTER FOR INFECTION RESEARCH,2018-04-11T17:02:53Z,2018-04-11T07:12:07Z,public,Illumina HiSeq 2000,unspecified,PAIRED,RANDOM,METAGENOMIC,metagenome,ILLUMINA,2018-04-13T00:00:00Z,2021-03-13T04:58:00Z,2,SAMEA1100206,135_008_ACTTGA_L002_005,metagenome,ERP107921,135_008_ACTTGA_L002_005
ERR2508898,WGS,302,1208000000,PRJEB25954,SAMEA1100207,773580515,HELMHOLTZ CENTER FOR INFECTION RESEARCH,public,"fastq,run.zq,sra","ena,gs,ncbi,s3","ena,gs.us-east1,ncbi.public,s3.us-east-1",2018-04-11,2018-04-11T17:02:53Z,2018-11-16,2018-04-11T07:12:07Z,ERX2528349,SAMEA1100207,HELMHOLTZ CENTER FOR INFECTION RESEARCH,2018-04-11T17:02:53Z,2018-04-11T07:12:07Z,public,Illumina HiSeq 2000,unspecified,PAIRED,RANDOM,METAGENOMIC,metagenome,ILLUMINA,2018-04-13T00:00:00Z,2021-03-13T05:01:00Z,2,SAMEA1100207,139_009_GATCAG_L001_001,metagenome,ERP107921,139_009_GATCAG_L001_001
ERR2508899,WGS,302,1208000000,PRJEB25954,SAMEA1100208,777477435,HELMHOLTZ CENTER FOR INFECTION RESEARCH,public,"fastq,run.zq,sra","ena,gs,ncbi,s3","ena,gs.us-east1,ncbi.public,s3.us-east-1",2018-04-11,2018-04-11T17:02:53Z,2018-11-16,2018-04-11T07:12:07Z,ERX2528350,SAMEA1100208,HELMHOLTZ CENTER FOR INFECTION RESEARCH,2018-04-11T17:02:53Z,2018-04-11T07:12:07Z,public,Illumina HiSeq 2000,unspecified,PAIRED,RANDOM,METAGENOMIC,metagenome,ILLUMINA,2018-04-13T00:00:00Z,2021-03-13T05:02:00Z,2,SAMEA1100208,139_009_GATCAG_L001_002,metagenome,ERP107921,139_009_GATCAG_L001_002
ERR2508900,WGS,302,754036318,PRJEB25954,SAMEA1100209,484478614,HELMHOLTZ CENTER FOR INFECTION RESEARCH,public,"fastq,run.zq,sra","ena,gs,ncbi,s3","ena,gs.us-east1,ncbi.public,s3.us-east-1",2018-04-11,2018-04-11T17:02:53Z,2018-11-16,2018-04-11T07:12:07Z,ERX2528351,SAMEA1100209,HELMHOLTZ CENTER FOR INFECTION RESEARCH,2018-04-11T17:02:53Z,2018-04-11T07:12:07Z,public,Illumina HiSeq 2000,unspecified,PAIRED,RANDOM,METAGENOMIC,metagenome,ILLUMINA,2018-04-13T00:00:00Z,2021-03-13T04:59:00Z,2,SAMEA1100209,139_009_GATCAG_L001_003,metagenome,ERP107921,139_009_GATCAG_L001_003
ERR2508901,WGS,302,1177294150,PRJEB25954,SAMEA1100210,764750617,HELMHOLTZ CENTER FOR INFECTION RESEARCH,public,"fastq,run.zq,sra","ena,gs,ncbi,s3","ena,gs.us-east1,ncbi.public,s3.us-east-1",2018-04-11,2018-04-11T17:02:53Z,2018-11-16,2018-04-11T07:12:07Z,ERX2528352,SAMEA1100210,HELMHOLTZ CENTER FOR INFECTION RESEARCH,2018-04-11T17:02:53Z,2018-04-11T07:12:07Z,public,Illumina HiSeq 2000,unspecified,PAIRED,RANDOM,METAGENOMIC,metagenome,ILLUMINA,2018-04-13T00:00:00Z,2021-03-13T05:03:00Z,2,SAMEA1100210,139_009_GATCAG_L002_001,metagenome,ERP107921,139_009_GATCAG_L002_001
ERR2508902,WGS,302,1208000000,PRJEB25954,SAMEA1100211,792881996,HELMHOLTZ CENTER FOR INFECTION RESEARCH,public,"fastq,run.zq,sra","ena,gs,ncbi,s3","ena,gs.us-east1,ncbi.public,s3.us-east-1",2018-04-11,2018-04-11T17:02:53Z,2018-11-16,2018-04-11T07:12:07Z,ERX2528353,SAMEA1100211,HELMHOLTZ CENTER FOR INFECTION RESEARCH,2018-04-11T17:02:53Z,2018-04-11T07:12:07Z,public,Illumina HiSeq 2000,unspecified,PAIRED,RANDOM,METAGENOMIC,metagenome,ILLUMINA,2018-04-13T00:00:00Z,2021-03-13T05:03:00Z,2,SAMEA1100211,141_010_TAGCTT_L002_001,metagenome,ERP107921,141_010_TAGCTT_L002_001
ERR2508903,WGS,302,1208000000,PRJEB25954,SAMEA1100212,788344168,HELMHOLTZ CENTER FOR INFECTION RESEARCH,public,"fastq,run.zq,sra","ena,gs,ncbi,s3","ena,gs.us-east1,ncbi.public,s3.us-east-1",2018-04-11,2018-04-11T17:02:53Z,2018-11-16,2018-04-11T07:12:07Z,ERX2528354,SAMEA1100212,HELMHOLTZ CENTER FOR INFECTION RESEARCH,2018-04-11T17:02:53Z,2018-04-11T07:12:07Z,public,Illumina HiSeq 2000,unspecified,PAIRED,RANDOM,METAGENOMIC,metagenome,ILLUMINA,2018-04-13T00:00:00Z,2021-03-13T05:03:00Z,2,SAMEA1100212,141_010_TAGCTT_L002_002,metagenome,ERP107921,141_010_TAGCTT_L002_002
ERR2508904,WGS,302,1190909518,PRJEB25954,SAMEA1100213,774548171,HELMHOLTZ CENTER FOR INFECTION RESEARCH,public,"fastq,run.zq,sra","ena,gs,ncbi,s3","ena,gs.us-east1,ncbi.public,s3.us-east-1",2018-04-11,2018-04-11T17:02:53Z,2018-11-16,2018-04-11T07:12:07Z,ERX2528355,SAMEA1100213,HELMHOLTZ CENTER FOR INFECTION RESEARCH,2018-04-11T17:02:53Z,2018-04-11T07:12:07Z,public,Illumina HiSeq 2000,unspecified,PAIRED,RANDOM,METAGENOMIC,metagenome,ILLUMINA,2018-04-13T00:00:00Z,2021-03-13T05:03:00Z,2,SAMEA1100213,141_010_TAGCTT_L002_003,metagenome,ERP107921,141_010_TAGCTT_L002_003
ERR2508905,WGS,302,1208000000,PRJEB25954,SAMEA1100214,794468326,HELMHOLTZ CENTER FOR INFECTION RESEARCH,public,"fastq,run.zq,sra","ena,gs,ncbi,s3","ena,gs.us-east1,ncbi.public,s3.us-east-1",2018-04-11,2018-04-11T17:02:53Z,2018-11-16,2018-04-11T07:12:07Z,ERX2528356,SAMEA1100214,HELMHOLTZ CENTER FOR INFECTION RESEARCH,2018-04-11T17:02:53Z,2018-04-11T07:12:07Z,public,Illumina HiSeq 2000,unspecified,PAIRED,RANDOM,METAGENOMIC,metagenome,ILLUMINA,2018-04-13T00:00:00Z,2021-03-13T05:02:00Z,2,SAMEA1100214,151_005_ACAGTG_L002_001,metagenome,ERP107921,151_005_ACAGTG_L002_001
ERR2508906,WGS,302,1208000000,PRJEB25954,SAMEA1100215,791588932,HELMHOLTZ CENTER FOR INFECTION RESEARCH,public,"fastq,run.zq,sra","ena,gs,ncbi,s3","ena,gs.us-east1,ncbi.public,s3.us-east-1",2018-04-11,2018-04-11T17:02:53Z,2018-11-16,2018-04-11T07:12:07Z,ERX2528357,SAMEA1100215,HELMHOLTZ CENTER FOR INFECTION RESEARCH,2018-04-11T17:02:53Z,2018-04-11T07:12:07Z,public,Illumina HiSeq 2000,unspecified,PAIRED,RANDOM,METAGENOMIC,metagenome,ILLUMINA,2018-04-13T00:00:00Z,2021-03-13T05:03:00Z,2,SAMEA1100215,151_005_ACAGTG_L002_002,metagenome,ERP107921,151_005_ACAGTG_L002_002
ERR2508907,WGS,302,1208000000,PRJEB25954,SAMEA1100216,787610205,HELMHOLTZ CENTER FOR INFECTION RESEARCH,public,"fastq,run.zq,sra","ena,gs,ncbi,s3","ena,gs.us-east1,ncbi.public,s3.us-east-1",2018-04-11,2018-04-11T17:02:53Z,2018-11-16,2018-04-11T07:12:07Z,ERX2528358,SAMEA1100216,HELMHOLTZ CENTER FOR INFECTION RESEARCH,2018-04-11T17:02:53Z,2018-04-11T07:12:07Z,public,Illumina HiSeq 2000,unspecified,PAIRED,RANDOM,METAGENOMIC,metagenome,ILLUMINA,2018-04-13T00:00:00Z,2021-03-13T05:04:00Z,2,SAMEA1100216,151_005_ACAGTG_L002_003,metagenome,ERP107921,151_005_ACAGTG_L002_003
ERR2508908,WGS,302,1134343710,PRJEB25954,SAMEA1100217,739186278,HELMHOLTZ CENTER FOR INFECTION RESEARCH,public,"fastq,run.zq,sra","ena,gs,ncbi,s3","ena,gs.us-east1,ncbi.public,s3.us-east-1",2018-04-11,2018-04-11T17:02:53Z,2018-11-16,2018-04-11T07:12:07Z,ERX2528359,SAMEA1100217,HELMHOLTZ CENTER FOR INFECTION RESEARCH,2018-04-11T17:02:53Z,2018-04-11T07:12:07Z,public,Illumina HiSeq 2000,unspecified,PAIRED,RANDOM,METAGENOMIC,metagenome,ILLUMINA,2018-04-13T00:00:00Z,2021-03-13T05:02:00Z,2,SAMEA1100217,151_005_ACAGTG_L002_004,metagenome,ERP107921,151_005_ACAGTG_L002_004
ERR2508909,WGS,302,1208000000,PRJEB25954,SAMEA1100218,795876530,HELMHOLTZ CENTER FOR INFECTION RESEARCH,public,"fastq,run.zq,sra","ena,gs,ncbi,s3","ena,gs.us-east1,ncbi.public,s3.us-east-1",2018-04-11,2018-04-11T17:02:53Z,2018-11-16,2018-04-11T07:12:07Z,ERX2528360,SAMEA1100218,HELMHOLTZ CENTER FOR INFECTION RESEARCH,2018-04-11T17:02:53Z,2018-04-11T07:12:07Z,public,Illumina HiSeq 2000,unspecified,PAIRED,RANDOM,METAGENOMIC,metagenome,ILLUMINA,2018-04-13T00:00:00Z,2021-03-13T05:02:00Z,2,SAMEA1100218,153_006_GCCAAT_L002_001,metagenome,ERP107921,153_006_GCCAAT_L002_001
ERR2508910,WGS,302,1208000000,PRJEB25954,SAMEA1100219,792547317,HELMHOLTZ CENTER FOR INFECTION RESEARCH,public,"fastq,run.zq,sra","ena,gs,ncbi,s3","ena,gs.us-east1,ncbi.public,s3.us-east-1",2018-04-11,2018-04-11T17:02:53Z,2018-11-16,2018-04-11T07:12:07Z,ERX2528361,SAMEA1100219,HELMHOLTZ CENTER FOR INFECTION RESEARCH,2018-04-11T17:02:53Z,2018-04-11T07:12:07Z,public,Illumina HiSeq 2000,unspecified,PAIRED,RANDOM,METAGENOMIC,metagenome,ILLUMINA,2018-04-13T00:00:00Z,2021-03-13T05:02:00Z,2,SAMEA1100219,153_006_GCCAAT_L002_002,metagenome,ERP107921,153_006_GCCAAT_L002_002
ERR2508911,WGS,302,1208000000,PRJEB25954,SAMEA1100220,788468018,HELMHOLTZ CENTER FOR INFECTION RESEARCH,public,"fastq,run.zq,sra","ena,gs,ncbi,s3","ena,gs.us-east1,ncbi.public,s3.us-east-1",2018-04-11,2018-04-11T17:02:53Z,2018-11-16,2018-04-11T07:12:07Z,ERX2528362,SAMEA1100220,HELMHOLTZ CENTER FOR INFECTION RESEARCH,2018-04-11T17:02:53Z,2018-04-11T07:12:07Z,public,Illumina HiSeq 2000,unspecified,PAIRED,RANDOM,METAGENOMIC,metagenome,ILLUMINA,2018-04-13T00:00:00Z,2021-03-13T05:02:00Z,2,SAMEA1100220,153_006_GCCAAT_L002_003,metagenome,ERP107921,153_006_GCCAAT_L002_003
ERR2508912,WGS,302,828270334,PRJEB25954,SAMEA1100221,539989161,HELMHOLTZ CENTER FOR INFECTION RESEARCH,public,"fastq,run.zq,sra","ena,gs,ncbi,s3","ena,gs.us-east1,ncbi.public,s3.us-east-1",2018-04-11,2018-04-11T17:02:53Z,2018-11-16,2018-04-11T07:12:07Z,ERX2528363,SAMEA1100221,HELMHOLTZ CENTER FOR INFECTION RESEARCH,2018-04-11T17:02:53Z,2018-04-11T07:12:07Z,public,Illumina HiSeq 2000,unspecified,PAIRED,RANDOM,METAGENOMIC,metagenome,ILLUMINA,2018-04-13T00:00:00Z,2021-03-13T05:00:00Z,2,SAMEA1100221,153_006_GCCAAT_L002_004,metagenome,ERP107921,153_006_GCCAAT_L002_004
ERR2508913,WGS,302,1208000000,PRJEB25954,SAMEA1100222,797685872,HELMHOLTZ CENTER FOR INFECTION RESEARCH,public,"fastq,run.zq,sra","ena,gs,ncbi,s3","ena,gs.us-east1,ncbi.public,s3.us-east-1",2018-04-11,2018-04-11T17:02:53Z,2018-11-16,2018-04-11T07:12:07Z,ERX2528364,SAMEA1100222,HELMHOLTZ CENTER FOR INFECTION RESEARCH,2018-04-11T17:02:53Z,2018-04-11T07:12:07Z,public,Illumina HiSeq 2000,unspecified,PAIRED,RANDOM,METAGENOMIC,metagenome,ILLUMINA,2018-04-13T00:00:00Z,2021-03-13T04:59:00Z,2,SAMEA1100222,163_011_GGCTAC_L002_001,metagenome,ERP107921,163_011_GGCTAC_L002_001
ERR2508914,WGS,302,1208000000,PRJEB25954,SAMEA1100223,792170963,HELMHOLTZ CENTER FOR INFECTION RESEARCH,public,"fastq,run.zq,sra","ena,gs,ncbi,s3","ena,gs.us-east1,ncbi.public,s3.us-east-1",2018-04-11,2018-04-11T17:02:53Z,2018-11-16,2018-04-11T07:12:07Z,ERX2528365,SAMEA1100223,HELMHOLTZ CENTER FOR INFECTION RESEARCH,2018-04-11T17:02:53Z,2018-04-11T07:12:07Z,public,Illumina HiSeq 2000,unspecified,PAIRED,RANDOM,METAGENOMIC,metagenome,ILLUMINA,2018-04-13T00:00:00Z,2021-03-13T05:03:00Z,2,SAMEA1100223,163_011_GGCTAC_L002_002,metagenome,ERP107921,163_011_GGCTAC_L002_002
ERR2508915,WGS,302,395471718,PRJEB25954,SAMEA1100224,258731627,HELMHOLTZ CENTER FOR INFECTION RESEARCH,public,"fastq,run.zq,sra","ena,gs,ncbi,s3","ena,gs.us-east1,ncbi.public,s3.us-east-1",2018-04-11,2018-04-11T17:02:53Z,2018-11-16,2018-04-11T07:12:07Z,ERX2528366,SAMEA1100224,HELMHOLTZ CENTER FOR INFECTION RESEARCH,2018-04-11T17:02:53Z,2018-04-11T07:12:07Z,public,Illumina HiSeq 2000,unspecified,PAIRED,RANDOM,METAGENOMIC,metagenome,ILLUMINA,2018-04-13T00:00:00Z,2021-03-13T04:58:00Z,2,SAMEA1100224,163_011_GGCTAC_L002_003,metagenome,ERP107921,163_011_GGCTAC_L002_003
ERR2508916,WGS,302,1208000000,PRJEB25954,SAMEA1100225,797677536,HELMHOLTZ CENTER FOR INFECTION RESEARCH,public,"fastq,run.zq,sra","ena,gs,ncbi,s3","ena,gs.us-east1,ncbi.public,s3.us-east-1",2018-04-11,2018-04-11T17:02:53Z,2018-11-16,2018-04-11T07:12:07Z,ERX2528367,SAMEA1100225,HELMHOLTZ CENTER FOR INFECTION RESEARCH,2018-04-11T17:02:53Z,2018-04-11T07:12:07Z,public,Illumina HiSeq 2000,unspecified,PAIRED,RANDOM,METAGENOMIC,metagenome,ILLUMINA,2018-04-13T00:00:00Z,2021-03-13T05:00:00Z,2,SAMEA1100225,165_012_CTTGTA_L002_001,metagenome,ERP107921,165_012_CTTGTA_L002_001
ERR2508917,WGS,302,1208000000,PRJEB25954,SAMEA1100226,794449413,HELMHOLTZ CENTER FOR INFECTION RESEARCH,public,"fastq,run.zq,sra","ena,gs,ncbi,s3","ena,gs.us-east1,ncbi.public,s3.us-east-1",2018-04-11,2018-04-11T17:02:53Z,2018-11-16,2018-04-11T07:12:07Z,ERX2528368,SAMEA1100226,HELMHOLTZ CENTER FOR INFECTION RESEARCH,2018-04-11T17:02:53Z,2018-04-11T07:12:07Z,public,Illumina HiSeq 2000,unspecified,PAIRED,RANDOM,METAGENOMIC,metagenome,ILLUMINA,2018-04-13T00:00:00Z,2021-03-13T05:02:00Z,2,SAMEA1100226,165_012_CTTGTA_L002_002,metagenome,ERP107921,165_012_CTTGTA_L002_002
ERR2508918,WGS,302,1208000000,PRJEB25954,SAMEA1100227,790356208,HELMHOLTZ CENTER FOR INFECTION RESEARCH,public,"fastq,run.zq,sra","ena,gs,ncbi,s3","ena,gs.us-east1,ncbi.public,s3.us-east-1",2018-04-11,2018-04-11T17:02:53Z,2018-11-16,2018-04-11T07:12:07Z,ERX2528369,SAMEA1100227,HELMHOLTZ CENTER FOR INFECTION RESEARCH,2018-04-11T17:02:53Z,2018-04-11T07:12:07Z,public,Illumina HiSeq 2000,unspecified,PAIRED,RANDOM,METAGENOMIC,metagenome,ILLUMINA,2018-04-13T00:00:00Z,2021-03-13T05:03:00Z,2,SAMEA1100227,165_012_CTTGTA_L002_003,metagenome,ERP107921,165_012_CTTGTA_L002_003
ERR2508919,WGS,302,825521228,PRJEB25954,SAMEA1100228,539135700,HELMHOLTZ CENTER FOR INFECTION RESEARCH,public,"fastq,run.zq,sra","ena,gs,ncbi,s3","ena,gs.us-east1,ncbi.public,s3.us-east-1",2018-04-11,2018-04-11T17:02:53Z,2018-11-16,2018-04-11T07:12:07Z,ERX2528370,SAMEA1100228,HELMHOLTZ CENTER FOR INFECTION RESEARCH,2018-04-11T17:02:53Z,2018-04-11T07:12:07Z,public,Illumina HiSeq 2000,unspecified,PAIRED,RANDOM,METAGENOMIC,metagenome,ILLUMINA,2018-04-13T00:00:00Z,2021-03-13T05:00:00Z,2,SAMEA1100228,165_012_CTTGTA_L002_004,metagenome,ERP107921,165_012_CTTGTA_L002_004
ERR2508920,WGS,302,1208000000,PRJEB25954,SAMEA1100229,812395588,HELMHOLTZ CENTER FOR INFECTION RESEARCH,public,"fastq,run.zq,sra","ena,gs,ncbi,s3","ena,gs.us-east1,ncbi.public,s3.us-east-1",2018-04-11,2018-04-11T17:02:53Z,2018-11-16,2018-04-11T07:12:07Z,ERX2528371,SAMEA1100229,HELMHOLTZ CENTER FOR INFECTION RESEARCH,2018-04-11T17:02:53Z,2018-04-11T07:12:07Z,public,Illumina HiSeq 2000,unspecified,PAIRED,RANDOM,METAGENOMIC,metagenome,ILLUMINA,2018-04-13T00:00:00Z,2021-03-13T05:00:00Z,2,SAMEA1100229,29_007_CAGATC_L001_001,metagenome,ERP107921,29_007_CAGATC_L001_001
ERR2508921,WGS,302,1208000000,PRJEB25954,SAMEA1100230,817789905,HELMHOLTZ CENTER FOR INFECTION RESEARCH,public,"fastq,run.zq,sra","ena,gs,ncbi,s3","ena,gs.us-east1,ncbi.public,s3.us-east-1",2018-04-11,2018-04-11T17:02:53Z,2018-11-16,2018-04-11T07:12:07Z,ERX2528372,SAMEA1100230,HELMHOLTZ CENTER FOR INFECTION RESEARCH,2018-04-11T17:02:53Z,2018-04-11T07:12:07Z,public,Illumina HiSeq 2000,unspecified,PAIRED,RANDOM,METAGENOMIC,metagenome,ILLUMINA,2018-04-13T00:00:00Z,2021-03-13T05:02:00Z,2,SAMEA1100230,29_007_CAGATC_L001_002,metagenome,ERP107921,29_007_CAGATC_L001_002
ERR2508922,WGS,302,1208000000,PRJEB25954,SAMEA1100231,808453479,HELMHOLTZ CENTER FOR INFECTION RESEARCH,public,"fastq,run.zq,sra","ena,gs,ncbi,s3","ena,gs.us-east1,ncbi.public,s3.us-east-1",2018-04-11,2018-04-11T17:02:53Z,2018-11-16,2018-04-11T07:12:07Z,ERX2528373,SAMEA1100231,HELMHOLTZ CENTER FOR INFECTION RESEARCH,2018-04-11T17:02:53Z,2018-04-11T07:12:07Z,public,Illumina HiSeq 2000,unspecified,PAIRED,RANDOM,METAGENOMIC,metagenome,ILLUMINA,2018-04-13T00:00:00Z,2021-03-13T05:03:00Z,2,SAMEA1100231,29_007_CAGATC_L001_003,metagenome,ERP107921,29_007_CAGATC_L001_003
ERR2508923,WGS,302,931787478,PRJEB25954,SAMEA1100232,625898571,HELMHOLTZ CENTER FOR INFECTION RESEARCH,public,"fastq,run.zq,sra","ena,gs,ncbi,s3","ena,gs.us-east1,ncbi.public,s3.us-east-1",2018-04-11,2018-04-11T17:02:53Z,2018-11-16,2018-04-11T07:12:07Z,ERX2528374,SAMEA1100232,HELMHOLTZ CENTER FOR INFECTION RESEARCH,2018-04-11T17:02:53Z,2018-04-11T07:12:07Z,public,Illumina HiSeq 2000,unspecified,PAIRED,RANDOM,METAGENOMIC,metagenome,ILLUMINA,2018-04-13T00:00:00Z,2021-03-13T05:01:00Z,2,SAMEA1100232,29_007_CAGATC_L001_004,metagenome,ERP107921,29_007_CAGATC_L001_004
ERR2508924,WGS,302,1208000000,PRJEB25954,SAMEA1100233,811696818,HELMHOLTZ CENTER FOR INFECTION RESEARCH,public,"fastq,run.zq,sra","ena,gs,ncbi,s3","ena,gs.us-east1,ncbi.public,s3.us-east-1",2018-04-11,2018-04-11T17:02:53Z,2018-11-16,2018-04-11T07:12:07Z,ERX2528375,SAMEA1100233,HELMHOLTZ CENTER FOR INFECTION RESEARCH,2018-04-11T17:02:53Z,2018-04-11T07:12:07Z,public,Illumina HiSeq 2000,unspecified,PAIRED,RANDOM,METAGENOMIC,metagenome,ILLUMINA,2018-04-13T00:00:00Z,2021-03-13T05:03:00Z,2,SAMEA1100233,31_008_ACTTGA_L001_001,metagenome,ERP107921,31_008_ACTTGA_L001_001
ERR2508925,WGS,302,1208000000,PRJEB25954,SAMEA1100234,818925123,HELMHOLTZ CENTER FOR INFECTION RESEARCH,public,"fastq,run.zq,sra","ena,gs,ncbi,s3","ena,gs.us-east1,ncbi.public,s3.us-east-1",2018-04-11,2018-04-11T17:02:53Z,2018-11-16,2018-04-11T07:12:07Z,ERX2528376,SAMEA1100234,HELMHOLTZ CENTER FOR INFECTION RESEARCH,2018-04-11T17:02:53Z,2018-04-11T07:12:07Z,public,Illumina HiSeq 2000,unspecified,PAIRED,RANDOM,METAGENOMIC,metagenome,ILLUMINA,2018-04-13T00:00:00Z,2021-03-13T05:02:00Z,2,SAMEA1100234,31_008_ACTTGA_L001_002,metagenome,ERP107921,31_008_ACTTGA_L001_002
ERR2508926,WGS,302,1208000000,PRJEB25954,SAMEA1100235,805282916,HELMHOLTZ CENTER FOR INFECTION RESEARCH,public,"fastq,run.zq,sra","ena,gs,ncbi,s3","ena,gs.us-east1,ncbi.public,s3.us-east-1",2018-04-11,2018-04-11T17:02:53Z,2018-11-16,2018-04-11T07:12:07Z,ERX2528377,SAMEA1100235,HELMHOLTZ CENTER FOR INFECTION RESEARCH,2018-04-11T17:02:53Z,2018-04-11T07:12:07Z,public,Illumina HiSeq 2000,unspecified,PAIRED,RANDOM,METAGENOMIC,metagenome,ILLUMINA,2018-04-13T00:00:00Z,2021-03-13T05:02:00Z,2,SAMEA1100235,31_008_ACTTGA_L001_003,metagenome,ERP107921,31_008_ACTTGA_L001_003
ERR2508927,WGS,302,1208000000,PRJEB25954,SAMEA1100236,812460134,HELMHOLTZ CENTER FOR INFECTION RESEARCH,public,"fastq,run.zq,sra","ena,gs,ncbi,s3","ena,gs.us-east1,ncbi.public,s3.us-east-1",2018-04-11,2018-04-11T17:02:53Z,2018-11-16,2018-04-11T07:12:07Z,ERX2528378,SAMEA1100236,HELMHOLTZ CENTER FOR INFECTION RESEARCH,2018-04-11T17:02:53Z,2018-04-11T07:12:07Z,public,Illumina HiSeq 2000,unspecified,PAIRED,RANDOM,METAGENOMIC,metagenome,ILLUMINA,2018-04-13T00:00:00Z,2021-03-13T05:03:00Z,2,SAMEA1100236,31_008_ACTTGA_L001_004,metagenome,ERP107921,31_008_ACTTGA_L001_004
ERR2508928,WGS,302,7813948,PRJEB25954,SAMEA1100237,5390596,HELMHOLTZ CENTER FOR INFECTION RESEARCH,public,"fastq,run.zq,sra","ena,gs,ncbi,s3","ena,gs.us-east1,ncbi.public,s3.us-east-1",2018-04-11,2018-04-11T17:02:53Z,2018-11-16,2018-04-11T07:12:07Z,ERX2528379,SAMEA1100237,HELMHOLTZ CENTER FOR INFECTION RESEARCH,2018-04-11T17:02:53Z,2018-04-11T07:12:07Z,public,Illumina HiSeq 2000,unspecified,PAIRED,RANDOM,METAGENOMIC,metagenome,ILLUMINA,2018-04-13T00:00:00Z,2021-03-13T04:58:00Z,2,SAMEA1100237,31_008_ACTTGA_L001_005,metagenome,ERP107921,31_008_ACTTGA_L001_005
ERR2508929,WGS,302,1208000000,PRJEB25954,SAMEA1100238,815745836,HELMHOLTZ CENTER FOR INFECTION RESEARCH,public,"fastq,run.zq,sra","ena,gs,ncbi,s3","ena,gs.us-east1,ncbi.public,s3.us-east-1",2018-04-11,2018-04-11T17:02:53Z,2018-11-16,2018-04-11T07:12:07Z,ERX2528380,SAMEA1100238,HELMHOLTZ CENTER FOR INFECTION RESEARCH,2018-04-11T17:02:53Z,2018-04-11T07:12:07Z,public,Illumina HiSeq 2000,unspecified,PAIRED,RANDOM,METAGENOMIC,metagenome,ILLUMINA,2018-04-13T00:00:00Z,2021-03-13T05:02:00Z,2,SAMEA1100238,35_003_TTAGGC_L001_001,metagenome,ERP107921,35_003_TTAGGC_L001_001
ERR2508930,WGS,302,1208000000,PRJEB25954,SAMEA1100239,821998581,HELMHOLTZ CENTER FOR INFECTION RESEARCH,public,"fastq,run.zq,sra","ena,gs,ncbi,s3","ena,gs.us-east1,ncbi.public,s3.us-east-1",2018-04-11,2018-04-11T17:02:53Z,2018-11-16,2018-04-11T07:12:07Z,ERX2528381,SAMEA1100239,HELMHOLTZ CENTER FOR INFECTION RESEARCH,2018-04-11T17:02:53Z,2018-04-11T07:12:07Z,public,Illumina HiSeq 2000,unspecified,PAIRED,RANDOM,METAGENOMIC,metagenome,ILLUMINA,2018-04-13T00:00:00Z,2021-03-13T05:04:00Z,2,SAMEA1100239,35_003_TTAGGC_L001_002,metagenome,ERP107921,35_003_TTAGGC_L001_002
ERR2508931,WGS,302,1208000000,PRJEB25954,SAMEA1100240,811507585,HELMHOLTZ CENTER FOR INFECTION RESEARCH,public,"fastq,run.zq,sra","ena,gs,ncbi,s3","ena,gs.us-east1,ncbi.public,s3.us-east-1",2018-04-11,2018-04-11T17:02:53Z,2018-11-16,2018-04-11T07:12:07Z,ERX2528382,SAMEA1100240,HELMHOLTZ CENTER FOR INFECTION RESEARCH,2018-04-11T17:02:53Z,2018-04-11T07:12:07Z,public,Illumina HiSeq 2000,unspecified,PAIRED,RANDOM,METAGENOMIC,metagenome,ILLUMINA,2018-04-13T00:00:00Z,2021-03-13T05:03:00Z,2,SAMEA1100240,35_003_TTAGGC_L001_003,metagenome,ERP107921,35_003_TTAGGC_L001_003
ERR2508932,WGS,302,1208000000,PRJEB25954,SAMEA1100241,814227453,HELMHOLTZ CENTER FOR INFECTION RESEARCH,public,"fastq,run.zq,sra","ena,gs,ncbi,s3","ena,gs.us-east1,ncbi.public,s3.us-east-1",2018-04-11,2018-04-11T17:02:53Z,2018-11-16,2018-04-11T07:12:07Z,ERX2528383,SAMEA1100241,HELMHOLTZ CENTER FOR INFECTION RESEARCH,2018-04-11T17:02:53Z,2018-04-11T07:12:07Z,public,Illumina HiSeq 2000,unspecified,PAIRED,RANDOM,METAGENOMIC,metagenome,ILLUMINA,2018-04-13T00:00:00Z,2021-03-13T05:02:00Z,2,SAMEA1100241,35_003_TTAGGC_L001_004,metagenome,ERP107921,35_003_TTAGGC_L001_004
ERR2508933,WGS,302,355880726,PRJEB25954,SAMEA1100242,240489065,HELMHOLTZ CENTER FOR INFECTION RESEARCH,public,"fastq,run.zq,sra","ena,gs,ncbi,s3","ena,gs.us-east1,ncbi.public,s3.us-east-1",2018-04-11,2018-04-11T17:02:53Z,2018-11-16,2018-04-11T07:12:07Z,ERX2528384,SAMEA1100242,HELMHOLTZ CENTER FOR INFECTION RESEARCH,2018-04-11T17:02:53Z,2018-04-11T07:12:07Z,public,Illumina HiSeq 2000,unspecified,PAIRED,RANDOM,METAGENOMIC,metagenome,ILLUMINA,2018-04-13T00:00:00Z,2021-03-13T04:59:00Z,2,SAMEA1100242,35_003_TTAGGC_L001_005,metagenome,ERP107921,35_003_TTAGGC_L001_005
ERR2508934,WGS,302,1208000000,PRJEB25954,SAMEA1100243,814147690,HELMHOLTZ CENTER FOR INFECTION RESEARCH,public,"fastq,run.zq,sra","ena,gs,ncbi,s3","ena,gs.us-east1,ncbi.public,s3.us-east-1",2018-04-11,2018-04-11T17:02:53Z,2018-11-16,2018-04-11T07:12:07Z,ERX2528385,SAMEA1100243,HELMHOLTZ CENTER FOR INFECTION RESEARCH,2018-04-11T17:02:53Z,2018-04-11T07:12:07Z,public,Illumina HiSeq 2000,unspecified,PAIRED,RANDOM,METAGENOMIC,metagenome,ILLUMINA,2018-04-13T00:00:00Z,2021-03-13T05:04:00Z,2,SAMEA1100243,37_004_TGACCA_L001_001,metagenome,ERP107921,37_004_TGACCA_L001_001
ERR2508935,WGS,302,1208000000,PRJEB25954,SAMEA1100244,821966771,HELMHOLTZ CENTER FOR INFECTION RESEARCH,public,"fastq,run.zq,sra","ena,gs,ncbi,s3","ena,gs.us-east1,ncbi.public,s3.us-east-1",2018-04-11,2018-04-11T17:02:53Z,2018-11-16,2018-04-11T07:12:07Z,ERX2528386,SAMEA1100244,HELMHOLTZ CENTER FOR INFECTION RESEARCH,2018-04-11T17:02:53Z,2018-04-11T07:12:07Z,public,Illumina HiSeq 2000,unspecified,PAIRED,RANDOM,METAGENOMIC,metagenome,ILLUMINA,2018-04-13T00:00:00Z,2021-03-13T05:03:00Z,2,SAMEA1100244,37_004_TGACCA_L001_002,metagenome,ERP107921,37_004_TGACCA_L001_002
ERR2508936,WGS,302,1208000000,PRJEB25954,SAMEA1100245,809942096,HELMHOLTZ CENTER FOR INFECTION RESEARCH,public,"fastq,run.zq,sra","ena,gs,ncbi,s3","ena,gs.us-east1,ncbi.public,s3.us-east-1",2018-04-11,2018-04-11T17:02:53Z,2018-11-16,2018-04-11T07:12:07Z,ERX2528387,SAMEA1100245,HELMHOLTZ CENTER FOR INFECTION RESEARCH,2018-04-11T17:02:53Z,2018-04-11T07:12:07Z,public,Illumina HiSeq 2000,unspecified,PAIRED,RANDOM,METAGENOMIC,metagenome,ILLUMINA,2018-04-13T00:00:00Z,2021-03-13T05:06:00Z,2,SAMEA1100245,37_004_TGACCA_L001_003,metagenome,ERP107921,37_004_TGACCA_L001_003
ERR2508937,WGS,302,1208000000,PRJEB25954,SAMEA1100246,814082229,HELMHOLTZ CENTER FOR INFECTION RESEARCH,public,"fastq,run.zq,sra","ena,gs,ncbi,s3","ena,gs.us-east1,ncbi.public,s3.us-east-1",2018-04-11,2018-04-11T17:02:53Z,2018-11-16,2018-04-11T07:12:07Z,ERX2528388,SAMEA1100246,HELMHOLTZ CENTER FOR INFECTION RESEARCH,2018-04-11T17:02:53Z,2018-04-11T07:12:07Z,public,Illumina HiSeq 2000,unspecified,PAIRED,RANDOM,METAGENOMIC,metagenome,ILLUMINA,2018-04-13T00:00:00Z,2021-03-13T05:06:00Z,2,SAMEA1100246,37_004_TGACCA_L001_004,metagenome,ERP107921,37_004_TGACCA_L001_004
ERR2508938,WGS,302,353669180,PRJEB25954,SAMEA1100247,238400225,HELMHOLTZ CENTER FOR INFECTION RESEARCH,public,"fastq,run.zq,sra","ena,gs,ncbi,s3","ena,gs.us-east1,ncbi.public,s3.us-east-1",2018-04-11,2018-04-11T17:02:53Z,2018-11-16,2018-04-11T07:12:07Z,ERX2528389,SAMEA1100247,HELMHOLTZ CENTER FOR INFECTION RESEARCH,2018-04-11T17:02:53Z,2018-04-11T07:12:07Z,public,Illumina HiSeq 2000,unspecified,PAIRED,RANDOM,METAGENOMIC,metagenome,ILLUMINA,2018-04-13T00:00:00Z,2021-03-13T04:59:00Z,2,SAMEA1100247,37_004_TGACCA_L001_005,metagenome,ERP107921,37_004_TGACCA_L001_005
ERR2508939,WGS,302,1208000000,PRJEB25954,SAMEA1100248,811734867,HELMHOLTZ CENTER FOR INFECTION RESEARCH,public,"fastq,run.zq,sra","ena,gs,ncbi,s3","ena,gs.us-east1,ncbi.public,s3.us-east-1",2018-04-11,2018-04-11T17:02:53Z,2018-11-16,2018-04-11T07:12:07Z,ERX2528390,SAMEA1100248,HELMHOLTZ CENTER FOR INFECTION RESEARCH,2018-04-11T17:02:53Z,2018-04-11T07:12:07Z,public,Illumina HiSeq 2000,unspecified,PAIRED,RANDOM,METAGENOMIC,metagenome,ILLUMINA,2018-04-13T00:00:00Z,2021-03-13T05:04:00Z,2,SAMEA1100248,63_005_ACAGTG_L001_001,metagenome,ERP107921,63_005_ACAGTG_L001_001
ERR2508940,WGS,302,1208000000,PRJEB25954,SAMEA1100249,813394532,HELMHOLTZ CENTER FOR INFECTION RESEARCH,public,"fastq,run.zq,sra","ena,gs,ncbi,s3","ena,gs.us-east1,ncbi.public,s3.us-east-1",2018-04-11,2018-04-11T17:02:53Z,2018-11-16,2018-04-11T07:12:08Z,ERX2528391,SAMEA1100249,HELMHOLTZ CENTER FOR INFECTION RESEARCH,2018-04-11T17:02:53Z,2018-04-11T07:12:08Z,public,Illumina HiSeq 2000,unspecified,PAIRED,RANDOM,METAGENOMIC,metagenome,ILLUMINA,2018-04-13T00:00:00Z,2021-03-13T05:02:00Z,2,SAMEA1100249,63_005_ACAGTG_L001_002,metagenome,ERP107921,63_005_ACAGTG_L001_002
ERR2508941,WGS,302,1208000000,PRJEB25954,SAMEA1100250,806717912,HELMHOLTZ CENTER FOR INFECTION RESEARCH,public,"fastq,run.zq,sra","ena,gs,ncbi,s3","ena,gs.us-east1,ncbi.public,s3.us-east-1",2018-04-11,2018-04-11T17:02:53Z,2018-11-16,2018-04-11T07:12:08Z,ERX2528392,SAMEA1100250,HELMHOLTZ CENTER FOR INFECTION RESEARCH,2018-04-11T17:02:53Z,2018-04-11T07:12:08Z,public,Illumina HiSeq 2000,unspecified,PAIRED,RANDOM,METAGENOMIC,metagenome,ILLUMINA,2018-04-13T00:00:00Z,2021-03-13T05:05:00Z,2,SAMEA1100250,63_005_ACAGTG_L001_003,metagenome,ERP107921,63_005_ACAGTG_L001_003
ERR2508942,WGS,302,781228700,PRJEB25954,SAMEA1100251,521266740,HELMHOLTZ CENTER FOR INFECTION RESEARCH,public,"fastq,run.zq,sra","ena,gs,ncbi,s3","ena,gs.us-east1,ncbi.public,s3.us-east-1",2018-04-11,2018-04-11T17:02:53Z,2018-11-16,2018-04-11T07:12:08Z,ERX2528393,SAMEA1100251,HELMHOLTZ CENTER FOR INFECTION RESEARCH,2018-04-11T17:02:53Z,2018-04-11T07:12:08Z,public,Illumina HiSeq 2000,unspecified,PAIRED,RANDOM,METAGENOMIC,metagenome,ILLUMINA,2018-04-13T00:00:00Z,2021-03-13T05:03:00Z,2,SAMEA1100251,63_005_ACAGTG_L001_004,metagenome,ERP107921,63_005_ACAGTG_L001_004
ERR2508943,WGS,302,1208000000,PRJEB25954,SAMEA1100252,807021523,HELMHOLTZ CENTER FOR INFECTION RESEARCH,public,"fastq,run.zq,sra","ena,gs,ncbi,s3","ena,gs.us-east1,ncbi.public,s3.us-east-1",2018-04-11,2018-04-11T17:02:53Z,2018-11-16,2018-04-11T07:12:08Z,ERX2528394,SAMEA1100252,HELMHOLTZ CENTER FOR INFECTION RESEARCH,2018-04-11T17:02:53Z,2018-04-11T07:12:08Z,public,Illumina HiSeq 2000,unspecified,PAIRED,RANDOM,METAGENOMIC,metagenome,ILLUMINA,2018-04-13T00:00:00Z,2021-03-13T05:03:00Z,2,SAMEA1100252,65_006_GCCAAT_L001_001,metagenome,ERP107921,65_006_GCCAAT_L001_001
ERR2508944,WGS,302,1208000000,PRJEB25954,SAMEA1100253,809547086,HELMHOLTZ CENTER FOR INFECTION RESEARCH,public,"fastq,run.zq,sra","ena,gs,ncbi,s3","ena,gs.us-east1,ncbi.public,s3.us-east-1",2018-04-11,2018-04-11T17:02:53Z,2018-11-16,2018-04-11T07:12:08Z,ERX2528395,SAMEA1100253,HELMHOLTZ CENTER FOR INFECTION RESEARCH,2018-04-11T17:02:53Z,2018-04-11T07:12:08Z,public,Illumina HiSeq 2000,unspecified,PAIRED,RANDOM,METAGENOMIC,metagenome,ILLUMINA,2018-04-13T00:00:00Z,2021-03-13T05:02:00Z,2,SAMEA1100253,65_006_GCCAAT_L001_002,metagenome,ERP107921,65_006_GCCAAT_L001_002
ERR2508945,WGS,302,1208000000,PRJEB25954,SAMEA1100254,801001282,HELMHOLTZ CENTER FOR INFECTION RESEARCH,public,"fastq,run.zq,sra","ena,gs,ncbi,s3","ena,gs.us-east1,ncbi.public,s3.us-east-1",2018-04-11,2018-04-11T17:02:53Z,2018-11-16,2018-04-11T07:12:08Z,ERX2528396,SAMEA1100254,HELMHOLTZ CENTER FOR INFECTION RESEARCH,2018-04-11T17:02:53Z,2018-04-11T07:12:08Z,public,Illumina HiSeq 2000,unspecified,PAIRED,RANDOM,METAGENOMIC,metagenome,ILLUMINA,2018-04-13T00:00:00Z,2021-03-13T05:04:00Z,2,SAMEA1100254,65_006_GCCAAT_L001_003,metagenome,ERP107921,65_006_GCCAAT_L001_003
ERR2508946,WGS,302,900401524,PRJEB25954,SAMEA1100255,598943177,HELMHOLTZ CENTER FOR INFECTION RESEARCH,public,"fastq,run.zq,sra","ena,gs,ncbi,s3","ena,gs.us-east1,ncbi.public,s3.us-east-1",2018-04-11,2018-04-11T17:02:53Z,2018-11-16,2018-04-11T07:12:08Z,ERX2528397,SAMEA1100255,HELMHOLTZ CENTER FOR INFECTION RESEARCH,2018-04-11T17:02:53Z,2018-04-11T07:12:08Z,public,Illumina HiSeq 2000,unspecified,PAIRED,RANDOM,METAGENOMIC,metagenome,ILLUMINA,2018-04-13T00:00:00Z,2021-03-13T05:02:00Z,2,SAMEA1100255,65_006_GCCAAT_L001_004,metagenome,ERP107921,65_006_GCCAAT_L001_004
ERR2508947,WGS,302,1208000000,PRJEB25954,SAMEA1100256,811875361,HELMHOLTZ CENTER FOR INFECTION RESEARCH,public,"fastq,run.zq,sra","ena,gs,ncbi,s3","ena,gs.us-east1,ncbi.public,s3.us-east-1",2018-04-11,2018-04-11T17:02:53Z,2018-11-16,2018-04-11T07:12:08Z,ERX2528398,SAMEA1100256,HELMHOLTZ CENTER FOR INFECTION RESEARCH,2018-04-11T17:02:53Z,2018-04-11T07:12:08Z,public,Illumina HiSeq 2000,unspecified,PAIRED,RANDOM,METAGENOMIC,metagenome,ILLUMINA,2018-04-13T00:00:00Z,2021-03-13T05:02:00Z,2,SAMEA1100256,69_001_ATCACG_L001_001,metagenome,ERP107921,69_001_ATCACG_L001_001
ERR2508948,WGS,302,1208000000,PRJEB25954,SAMEA1100257,805372144,HELMHOLTZ CENTER FOR INFECTION RESEARCH,public,"fastq,run.zq,sra","ena,gs,ncbi,s3","ena,gs.us-east1,ncbi.public,s3.us-east-1",2018-04-11,2018-04-11T17:02:53Z,2018-11-16,2018-04-11T07:12:08Z,ERX2528399,SAMEA1100257,HELMHOLTZ CENTER FOR INFECTION RESEARCH,2018-04-11T17:02:53Z,2018-04-11T07:12:08Z,public,Illumina HiSeq 2000,unspecified,PAIRED,RANDOM,METAGENOMIC,metagenome,ILLUMINA,2018-04-13T00:00:00Z,2021-03-13T05:05:00Z,2,SAMEA1100257,69_001_ATCACG_L001_002,metagenome,ERP107921,69_001_ATCACG_L001_002
ERR2508949,WGS,302,1063750304,PRJEB25954,SAMEA1100258,710257264,HELMHOLTZ CENTER FOR INFECTION RESEARCH,public,"fastq,run.zq,sra","ena,gs,ncbi,s3","ena,gs.us-east1,ncbi.public,s3.us-east-1",2018-04-11,2018-04-11T17:02:53Z,2018-11-16,2018-04-11T07:12:08Z,ERX2528400,SAMEA1100258,HELMHOLTZ CENTER FOR INFECTION RESEARCH,2018-04-11T17:02:53Z,2018-04-11T07:12:08Z,public,Illumina HiSeq 2000,unspecified,PAIRED,RANDOM,METAGENOMIC,metagenome,ILLUMINA,2018-04-13T00:00:00Z,2021-03-13T05:05:00Z,2,SAMEA1100258,69_001_ATCACG_L001_003,metagenome,ERP107921,69_001_ATCACG_L001_003
ERR2508950,WGS,302,1208000000,PRJEB25954,SAMEA1100259,809865594,HELMHOLTZ CENTER FOR INFECTION RESEARCH,public,"fastq,run.zq,sra","ena,gs,ncbi,s3","ena,gs.us-east1,ncbi.public,s3.us-east-1",2018-04-11,2018-04-11T17:02:53Z,2018-11-16,2018-04-11T07:12:08Z,ERX2528401,SAMEA1100259,HELMHOLTZ CENTER FOR INFECTION RESEARCH,2018-04-11T17:02:53Z,2018-04-11T07:12:08Z,public,Illumina HiSeq 2000,unspecified,PAIRED,RANDOM,METAGENOMIC,metagenome,ILLUMINA,2018-04-13T00:00:00Z,2021-03-13T05:03:00Z,2,SAMEA1100259,71_002_CGATGT_L001_001,metagenome,ERP107921,71_002_CGATGT_L001_001
ERR2508951,WGS,302,1208000000,PRJEB25954,SAMEA1100260,816830268,HELMHOLTZ CENTER FOR INFECTION RESEARCH,public,"fastq,run.zq,sra","ena,gs,ncbi,s3","ena,gs.us-east1,ncbi.public,s3.us-east-1",2018-04-11,2018-04-11T17:02:53Z,2018-11-16,2018-04-11T07:12:08Z,ERX2528402,SAMEA1100260,HELMHOLTZ CENTER FOR INFECTION RESEARCH,2018-04-11T17:02:53Z,2018-04-11T07:12:08Z,public,Illumina HiSeq 2000,unspecified,PAIRED,RANDOM,METAGENOMIC,metagenome,ILLUMINA,2018-04-13T00:00:00Z,2021-03-13T05:03:00Z,2,SAMEA1100260,71_002_CGATGT_L001_002,metagenome,ERP107921,71_002_CGATGT_L001_002
ERR2508952,WGS,302,1208000000,PRJEB25954,SAMEA1100261,806649488,HELMHOLTZ CENTER FOR INFECTION RESEARCH,public,"fastq,run.zq,sra","ena,gs,ncbi,s3","ena,gs.us-east1,ncbi.public,s3.us-east-1",2018-04-11,2018-04-11T17:02:53Z,2018-11-16,2018-04-11T07:12:08Z,ERX2528403,SAMEA1100261,HELMHOLTZ CENTER FOR INFECTION RESEARCH,2018-04-11T17:02:53Z,2018-04-11T07:12:08Z,public,Illumina HiSeq 2000,unspecified,PAIRED,RANDOM,METAGENOMIC,metagenome,ILLUMINA,2018-04-13T00:00:00Z,2021-03-13T05:06:00Z,2,SAMEA1100261,71_002_CGATGT_L001_003,metagenome,ERP107921,71_002_CGATGT_L001_003
ERR2508953,WGS,302,1208000000,PRJEB25954,SAMEA1100262,810760457,HELMHOLTZ CENTER FOR INFECTION RESEARCH,public,"fastq,run.zq,sra","ena,gs,ncbi,s3","ena,gs.us-east1,ncbi.public,s3.us-east-1",2018-04-11,2018-04-11T17:02:53Z,2018-11-16,2018-04-11T07:12:08Z,ERX2528404,SAMEA1100262,HELMHOLTZ CENTER FOR INFECTION RESEARCH,2018-04-11T17:02:53Z,2018-04-11T07:12:08Z,public,Illumina HiSeq 2000,unspecified,PAIRED,RANDOM,METAGENOMIC,metagenome,ILLUMINA,2018-04-13T00:00:00Z,2021-03-13T05:05:00Z,2,SAMEA1100262,71_002_CGATGT_L001_004,metagenome,ERP107921,71_002_CGATGT_L001_004
ERR2508954,WGS,302,623568392,PRJEB25954,SAMEA1100263,414206181,HELMHOLTZ CENTER FOR INFECTION RESEARCH,public,"fastq,run.zq,sra","ena,gs,ncbi,s3","ena,gs.us-east1,ncbi.public,s3.us-east-1",2018-04-11,2018-04-11T17:02:53Z,2018-11-16,2018-04-11T07:12:08Z,ERX2528405,SAMEA1100263,HELMHOLTZ CENTER FOR INFECTION RESEARCH,2018-04-11T17:02:53Z,2018-04-11T07:12:08Z,public,Illumina HiSeq 2000,unspecified,PAIRED,RANDOM,METAGENOMIC,metagenome,ILLUMINA,2018-04-13T00:00:00Z,2021-03-13T05:01:00Z,2,SAMEA1100263,71_002_CGATGT_L001_005,metagenome,ERP107921,71_002_CGATGT_L001_005
ERR2508955,WGS,302,1208000000,PRJEB25954,SAMEA1100264,821030272,HELMHOLTZ CENTER FOR INFECTION RESEARCH,public,"fastq,run.zq,sra","ena,gs,ncbi,s3","ena,gs.us-east1,ncbi.public,s3.us-east-1",2018-04-11,2018-04-11T17:02:53Z,2018-11-16,2018-04-11T07:12:08Z,ERX2528406,SAMEA1100264,HELMHOLTZ CENTER FOR INFECTION RESEARCH,2018-04-11T17:02:53Z,2018-04-11T07:12:08Z,public,Illumina HiSeq 2000,unspecified,PAIRED,RANDOM,METAGENOMIC,metagenome,ILLUMINA,2018-04-13T00:00:00Z,2021-03-13T05:06:00Z,2,SAMEA1100264,81_011_GGCTAC_L001_001,metagenome,ERP107921,81_011_GGCTAC_L001_001
ERR2508956,WGS,302,1208000000,PRJEB25954,SAMEA1100265,822902130,HELMHOLTZ CENTER FOR INFECTION RESEARCH,public,"fastq,run.zq,sra","ena,gs,ncbi,s3","ena,gs.us-east1,ncbi.public,s3.us-east-1",2018-04-11,2018-04-11T17:02:53Z,2018-11-16,2018-04-11T07:12:08Z,ERX2528407,SAMEA1100265,HELMHOLTZ CENTER FOR INFECTION RESEARCH,2018-04-11T17:02:53Z,2018-04-11T07:12:08Z,public,Illumina HiSeq 2000,unspecified,PAIRED,RANDOM,METAGENOMIC,metagenome,ILLUMINA,2018-04-13T00:00:00Z,2021-03-13T05:04:00Z,2,SAMEA1100265,81_011_GGCTAC_L001_002,metagenome,ERP107921,81_011_GGCTAC_L001_002
ERR2508957,WGS,302,1208000000,PRJEB25954,SAMEA1100266,817472650,HELMHOLTZ CENTER FOR INFECTION RESEARCH,public,"fastq,run.zq,sra","ena,gs,ncbi,s3","ena,gs.us-east1,ncbi.public,s3.us-east-1",2018-04-11,2018-04-11T17:02:53Z,2018-11-16,2018-04-11T07:12:08Z,ERX2528408,SAMEA1100266,HELMHOLTZ CENTER FOR INFECTION RESEARCH,2018-04-11T17:02:53Z,2018-04-11T07:12:08Z,public,Illumina HiSeq 2000,unspecified,PAIRED,RANDOM,METAGENOMIC,metagenome,ILLUMINA,2018-04-13T00:00:00Z,2021-03-13T05:05:00Z,2,SAMEA1100266,81_011_GGCTAC_L001_003,metagenome,ERP107921,81_011_GGCTAC_L001_003
ERR2508958,WGS,302,648701134,PRJEB25954,SAMEA1100267,437265330,HELMHOLTZ CENTER FOR INFECTION RESEARCH,public,"fastq,run.zq,sra","ena,gs,ncbi,s3","ena,gs.us-east1,ncbi.public,s3.us-east-1",2018-04-11,2018-04-11T17:02:53Z,2018-11-16,2018-04-11T07:12:08Z,ERX2528409,SAMEA1100267,HELMHOLTZ CENTER FOR INFECTION RESEARCH,2018-04-11T17:02:53Z,2018-04-11T07:12:08Z,public,Illumina HiSeq 2000,unspecified,PAIRED,RANDOM,METAGENOMIC,metagenome,ILLUMINA,2018-04-13T00:00:00Z,2021-03-13T05:01:00Z,2,SAMEA1100267,81_011_GGCTAC_L001_004,metagenome,ERP107921,81_011_GGCTAC_L001_004
ERR2508959,WGS,302,1208000000,PRJEB25954,SAMEA1100268,817343918,HELMHOLTZ CENTER FOR INFECTION RESEARCH,public,"fastq,run.zq,sra","ena,gs,ncbi,s3","ena,gs.us-east1,ncbi.public,s3.us-east-1",2018-04-11,2018-04-11T17:02:53Z,2018-11-16,2018-04-11T07:12:08Z,ERX2528410,SAMEA1100268,HELMHOLTZ CENTER FOR INFECTION RESEARCH,2018-04-11T17:02:53Z,2018-04-11T07:12:08Z,public,Illumina HiSeq 2000,unspecified,PAIRED,RANDOM,METAGENOMIC,metagenome,ILLUMINA,2018-04-13T00:00:00Z,2021-03-13T05:05:00Z,2,SAMEA1100268,83_012_CTTGTA_L001_001,metagenome,ERP107921,83_012_CTTGTA_L001_001
ERR2508960,WGS,302,1208000000,PRJEB25954,SAMEA1100269,811784800,HELMHOLTZ CENTER FOR INFECTION RESEARCH,public,"fastq,run.zq,sra","ena,gs,ncbi,s3","ena,gs.us-east1,ncbi.public,s3.us-east-1",2018-04-11,2018-04-11T17:02:53Z,2018-11-16,2018-04-11T07:12:08Z,ERX2528411,SAMEA1100269,HELMHOLTZ CENTER FOR INFECTION RESEARCH,2018-04-11T17:02:53Z,2018-04-11T07:12:08Z,public,Illumina HiSeq 2000,unspecified,PAIRED,RANDOM,METAGENOMIC,metagenome,ILLUMINA,2018-04-13T00:00:00Z,2021-03-13T05:05:00Z,2,SAMEA1100269,83_012_CTTGTA_L001_002,metagenome,ERP107921,83_012_CTTGTA_L001_002
ERR2508961,WGS,302,363213588,PRJEB25954,SAMEA1100270,242381148,HELMHOLTZ CENTER FOR INFECTION RESEARCH,public,"fastq,run.zq,sra","ena,gs,ncbi,s3","ena,gs.us-east1,ncbi.public,s3.us-east-1",2018-04-11,2018-04-11T17:02:53Z,2018-11-16,2018-04-11T07:12:08Z,ERX2528412,SAMEA1100270,HELMHOLTZ CENTER FOR INFECTION RESEARCH,2018-04-11T17:02:53Z,2018-04-11T07:12:08Z,public,Illumina HiSeq 2000,unspecified,PAIRED,RANDOM,METAGENOMIC,metagenome,ILLUMINA,2018-04-13T00:00:00Z,2021-03-13T04:59:00Z,2,SAMEA1100270,83_012_CTTGTA_L001_003,metagenome,ERP107921,83_012_CTTGTA_L001_003
ERR2508962,WGS,302,1208000000,PRJEB25954,SAMEA1100271,815918511,HELMHOLTZ CENTER FOR INFECTION RESEARCH,public,"fastq,run.zq,sra","ena,gs,ncbi,s3","ena,gs.us-east1,ncbi.public,s3.us-east-1",2018-04-11,2018-04-11T17:02:53Z,2018-11-16,2018-04-11T07:12:08Z,ERX2528413,SAMEA1100271,HELMHOLTZ CENTER FOR INFECTION RESEARCH,2018-04-11T17:02:53Z,2018-04-11T07:12:08Z,public,Illumina HiSeq 2000,unspecified,PAIRED,RANDOM,METAGENOMIC,metagenome,ILLUMINA,2018-04-13T00:00:00Z,2021-03-13T05:05:00Z,2,SAMEA1100271,87_009_GATCAG_L001_001,metagenome,ERP107921,87_009_GATCAG_L001_001
ERR2508963,WGS,302,1208000000,PRJEB25954,SAMEA1100272,816448268,HELMHOLTZ CENTER FOR INFECTION RESEARCH,public,"fastq,run.zq,sra","ena,gs,ncbi,s3","ena,gs.us-east1,ncbi.public,s3.us-east-1",2018-04-11,2018-04-11T17:02:53Z,2018-11-16,2018-04-11T07:12:08Z,ERX2528414,SAMEA1100272,HELMHOLTZ CENTER FOR INFECTION RESEARCH,2018-04-11T17:02:53Z,2018-04-11T07:12:08Z,public,Illumina HiSeq 2000,unspecified,PAIRED,RANDOM,METAGENOMIC,metagenome,ILLUMINA,2018-04-13T00:00:00Z,2021-03-13T05:05:00Z,2,SAMEA1100272,87_009_GATCAG_L001_002,metagenome,ERP107921,87_009_GATCAG_L001_002
ERR2508964,WGS,302,1208000000,PRJEB25954,SAMEA1100273,812727657,HELMHOLTZ CENTER FOR INFECTION RESEARCH,public,"fastq,run.zq,sra","ena,gs,ncbi,s3","ena,gs.us-east1,ncbi.public,s3.us-east-1",2018-04-11,2018-04-11T17:02:53Z,2018-11-16,2018-04-11T07:12:08Z,ERX2528415,SAMEA1100273,HELMHOLTZ CENTER FOR INFECTION RESEARCH,2018-04-11T17:02:53Z,2018-04-11T07:12:08Z,public,Illumina HiSeq 2000,unspecified,PAIRED,RANDOM,METAGENOMIC,metagenome,ILLUMINA,2018-04-13T00:00:00Z,2021-03-13T05:06:00Z,2,SAMEA1100273,87_009_GATCAG_L001_003,metagenome,ERP107921,87_009_GATCAG_L001_003
ERR2508965,WGS,302,550571670,PRJEB25954,SAMEA1100274,367611372,HELMHOLTZ CENTER FOR INFECTION RESEARCH,public,"fastq,run.zq,sra","ena,gs,ncbi,s3","ena,gs.us-east1,ncbi.public,s3.us-east-1",2018-04-11,2018-04-11T17:02:53Z,2018-11-16,2018-04-11T07:12:08Z,ERX2528416,SAMEA1100274,HELMHOLTZ CENTER FOR INFECTION RESEARCH,2018-04-11T17:02:53Z,2018-04-11T07:12:08Z,public,Illumina HiSeq 2000,unspecified,PAIRED,RANDOM,METAGENOMIC,metagenome,ILLUMINA,2018-04-13T00:00:00Z,2021-03-13T05:02:00Z,2,SAMEA1100274,87_009_GATCAG_L001_004,metagenome,ERP107921,87_009_GATCAG_L001_004
ERR2508966,WGS,302,1208000000,PRJEB25954,SAMEA1100275,814102279,HELMHOLTZ CENTER FOR INFECTION RESEARCH,public,"fastq,run.zq,sra","ena,gs,ncbi,s3","ena,gs.us-east1,ncbi.public,s3.us-east-1",2018-04-11,2018-04-11T17:02:53Z,2018-11-16,2018-04-11T07:12:08Z,ERX2528417,SAMEA1100275,HELMHOLTZ CENTER FOR INFECTION RESEARCH,2018-04-11T17:02:53Z,2018-04-11T07:12:08Z,public,Illumina HiSeq 2000,unspecified,PAIRED,RANDOM,METAGENOMIC,metagenome,ILLUMINA,2018-04-13T00:00:00Z,2021-03-13T05:06:00Z,2,SAMEA1100275,89_010_TAGCTT_L001_001,metagenome,ERP107921,89_010_TAGCTT_L001_001
ERR2508967,WGS,302,1208000000,PRJEB25954,SAMEA1100276,812761363,HELMHOLTZ CENTER FOR INFECTION RESEARCH,public,"fastq,run.zq,sra","ena,gs,ncbi,s3","ena,gs.us-east1,ncbi.public,s3.us-east-1",2018-04-11,2018-04-11T17:02:53Z,2018-11-16,2018-04-11T07:12:08Z,ERX2528418,SAMEA1100276,HELMHOLTZ CENTER FOR INFECTION RESEARCH,2018-04-11T17:02:53Z,2018-04-11T07:12:08Z,public,Illumina HiSeq 2000,unspecified,PAIRED,RANDOM,METAGENOMIC,metagenome,ILLUMINA,2018-04-13T00:00:00Z,2021-03-13T05:06:00Z,2,SAMEA1100276,89_010_TAGCTT_L001_002,metagenome,ERP107921,89_010_TAGCTT_L001_002
ERR2508968,WGS,302,1208000000,PRJEB25954,SAMEA1100277,809043621,HELMHOLTZ CENTER FOR INFECTION RESEARCH,public,"fastq,run.zq,sra","ena,gs,ncbi,s3","ena,gs.us-east1,ncbi.public,s3.us-east-1",2018-04-11,2018-04-11T17:02:53Z,2018-11-16,2018-04-11T07:12:08Z,ERX2528419,SAMEA1100277,HELMHOLTZ CENTER FOR INFECTION RESEARCH,2018-04-11T17:02:53Z,2018-04-11T07:12:08Z,public,Illumina HiSeq 2000,unspecified,PAIRED,RANDOM,METAGENOMIC,metagenome,ILLUMINA,2018-04-13T00:00:00Z,2021-03-13T05:06:00Z,2,SAMEA1100277,89_010_TAGCTT_L001_003,metagenome,ERP107921,89_010_TAGCTT_L001_003
ERR2508969,WGS,302,249977782,PRJEB25954,SAMEA1100278,168081958,HELMHOLTZ CENTER FOR INFECTION RESEARCH,public,"fastq,run.zq,sra","ena,gs,ncbi,s3","ena,gs.us-east1,ncbi.public,s3.us-east-1",2018-04-11,2018-04-11T17:02:53Z,2018-11-16,2018-04-11T07:12:08Z,ERX2528420,SAMEA1100278,HELMHOLTZ CENTER FOR INFECTION RESEARCH,2018-04-11T17:02:53Z,2018-04-11T07:12:08Z,public,Illumina HiSeq 2000,unspecified,PAIRED,RANDOM,METAGENOMIC,metagenome,ILLUMINA,2018-04-13T00:00:00Z,2021-03-13T05:03:00Z,2,SAMEA1100278,89_010_TAGCTT_L001_004,metagenome,ERP107921,89_010_TAGCTT_L001_004
ERR2508970,WGS,302,1208000000,PRJEB25954,SAMEA1100279,792171221,HELMHOLTZ CENTER FOR INFECTION RESEARCH,public,"fastq,run.zq,sra","ena,gs,ncbi,s3","ena,gs.us-east1,ncbi.public,s3.us-east-1",2018-04-11,2018-04-11T17:02:53Z,2018-11-16,2018-04-11T07:12:08Z,ERX2528421,SAMEA1100279,HELMHOLTZ CENTER FOR INFECTION RESEARCH,2018-04-11T17:02:53Z,2018-04-11T07:12:08Z,public,Illumina HiSeq 2000,unspecified,PAIRED,RANDOM,METAGENOMIC,metagenome,ILLUMINA,2018-04-13T00:00:00Z,2021-03-13T05:04:00Z,2,SAMEA1100279,99_001_ATCACG_L002_001,metagenome,ERP107921,99_001_ATCACG_L002_001
ERR2508971,WGS,302,1208000000,PRJEB25954,SAMEA1100280,787030411,HELMHOLTZ CENTER FOR INFECTION RESEARCH,public,"fastq,run.zq,sra","ena,gs,ncbi,s3","ena,gs.us-east1,ncbi.public,s3.us-east-1",2018-04-11,2018-04-11T17:02:53Z,2018-11-16,2018-04-11T07:12:08Z,ERX2528422,SAMEA1100280,HELMHOLTZ CENTER FOR INFECTION RESEARCH,2018-04-11T17:02:53Z,2018-04-11T07:12:08Z,public,Illumina HiSeq 2000,unspecified,PAIRED,RANDOM,METAGENOMIC,metagenome,ILLUMINA,2018-04-13T00:00:00Z,2021-03-13T05:06:00Z,2,SAMEA1100280,99_001_ATCACG_L002_002,metagenome,ERP107921,99_001_ATCACG_L002_002
ERR2508972,WGS,302,269419334,PRJEB25954,SAMEA1100281,174957286,HELMHOLTZ CENTER FOR INFECTION RESEARCH,public,"fastq,run.zq,sra","ena,gs,ncbi,s3","ena,gs.us-east1,ncbi.public,s3.us-east-1",2018-04-11,2018-04-11T17:02:53Z,2018-11-16,2018-04-11T07:12:08Z,ERX2528423,SAMEA1100281,HELMHOLTZ CENTER FOR INFECTION RESEARCH,2018-04-11T17:02:53Z,2018-04-11T07:12:08Z,public,Illumina HiSeq 2000,unspecified,PAIRED,RANDOM,METAGENOMIC,metagenome,ILLUMINA,2018-04-13T00:00:00Z,2021-03-13T05:03:00Z,2,SAMEA1100281,99_001_ATCACG_L002_003,metagenome,ERP107921,99_001_ATCACG_L002_003
