genus	mean.weight
Bradyrhizobium	0.26072632290327935
CAG-41	0.23870865217542975
Rhodococcus	0.22526735524118685
13-2-20CM-66-19	0.20118960277005957
Aerococcus	0.19940351972676462
Lachnospira	0.17592401510224928
Ochrobactrum	0.17415612693588087
Chitinophaga	0.1741921328655896
Hornefia	0.16193964291253218
Varibaculum	0.15380309058676517
Peptidiphaga	0.14906610738244902
Acidoferrum	0.1498156048033025
Mammaliicoccus	0.14732279656701808
Dongia	0.14555921288693469
Clostridium_A	0.1364887285883515
Clostridium	0.1367191279236063
Coprocola	0.13424463207039158
Lawsonibacter	0.13236092241287467
Eubacterium_G	0.1273608606615011
F0428	0.12811359705642214
Stomatobaculum	0.12558060217204983
Treponema_B	0.12449168054004033
Desulforhopalus	0.12076899096821868
Oribacterium	0.12042884282414343
HGM13010	0.11809191842527507
Zobellella_A	0.11765737129170512
Rhodanobacter	0.11635532155464921
Senegalimassilia	0.1162466580719161
Peptoniphilus_C	0.11584477059862397
Hyphomicrobium	0.11662797727439335
Romboutsia	0.11454546060179499
Tannerella	0.11175385655957892
Aminobacter	0.11150029514060578
Romboutsia_D	0.10852154064219091
Coprococcus	0.10811331437855126
Faecalimonas	0.10791434084932557
Absicoccus	0.10564845919956663
Virgibacillus_G	0.10338207236735417
Intestinibacillus	0.10293176059260206
W5053	0.10246593144209577
Burkholderia	0.09920564216804967
Ventricola	0.09751396525312804
Slackia_A	0.09656164056088437
Terracidiphilus	0.09496958323410759
Blautia_A	0.09381492598774321
Ancrocorticia	0.0927449413360713
Copromorpha	0.09289956340446587
Luteimonas	0.092608101966975
Lachnoanaerobaculum	0.09064134651946189
Pseudoramibacter	0.08996071044946816
Beduini	0.08972021213515387
Cronobacter	0.08867253635809466
Eubacterium_B	0.08856030221233852
Eubacterium_O	0.08737870562278408
Tetragenococcus	0.08593504824515986
Allobaculum	0.08638055553054765
Kocuria	0.08617129758050199
Pelomonas	0.08561111194431296
Lawsonella	0.08448527526981668
UBA5026	0.08474179042992863
Fannyhessea	0.08429436345864662
Parachristensenella	0.08364606073032962
Pararuminococcus	0.08431697095256128
UBA1417	0.08328332685530429
Dorea_A	0.08333959473250338
CAG-274	0.08205992901819201
Mediterraneibacter	0.08090738195363406
Limnohabitans	0.08101829554002198
Rothia	0.08054143431735099
AM51-8	0.07982499151563174
Devosia	0.07957605877308913
UBA5905	0.07887455130785212
Ottowia	0.07748197323314615
Lactococcus	0.07731656645234755
Providencia	0.07531763023093886
Alteraurantiacibacter	0.07500474296536432
Ellagibacter	0.07281813811634467
Kingella_A	0.07251338581098857
Avimicrobium	0.07173881027451941
Butyribacter	0.07139164073185225
Muricomes	0.07125851091730405
Oxalobacter	0.07109403965213874
Aphodocola	0.07105253528418581
Lautropia	0.07052034451411976
Ruminococcus_F	0.06983645307843944
Spyradocola	0.0696301879261504
Ruegeria	0.06966887276078686
MARSEILLE-P3954	0.0669055660250923
Coprobacter	0.06686374695437304
Vibrio	0.06752968373948415
CAG-1427	0.06669864240361877
Caulobacter	0.06695316218583407
CAG-266	0.0660494425521401
Butyricimonas	0.06416118238608108
Mediterraneibacter_A	0.06399993651147384
JABFXX01	0.06426616613115119
Pseudoleptotrichia	0.06343039645325295
Parabacteroides	0.06348543150584939
Cupriavidus	0.063062452518244
Bilophila	0.06266142941118379
Azonexus	0.062498136379864386
F0058	0.061838211053832366
Zag111	0.06077045718043518
CAG-510	0.06038751769441434
Phenylobacterium	0.060743993771860814
Citrobacter	0.059896151807747246
Cardiobacterium	0.059632547254613415
Megamonas	0.059429886441240073
HGM04593	0.05924188119754486
Pelethomonas	0.05801669887454302
Capnocytophaga	0.05776841037181121
CAG-245	0.056874988500720765
Fusobacterium_A	0.05684480794461509
Eubacterium_M	0.05671206920528131
Bittarella	0.05581924125979797
Hydrogenophaga	0.05690980127730336
Pseudobutyricicoccus	0.05615884326172161
Carnobacterium	0.056062984056251194
Agathobaculum	0.05442677598681535
Flavobacterium	0.05417773411089725
Robinsoniella	0.054398863659544355
Bacillus	0.05397555676035202
Udaeobacter	0.05440512504484574
Luxibacter	0.05368692389039468
Geddesella	0.05364851068317392
CAG-353	0.05349754220789062
Solirubrobacter	0.05342658554879123
Merdicola	0.05294642925903931
Kingella_B	0.052307592366940825
Catonella	0.05258656154673754
Leptotrichia	0.05253042743588148
Gabonibacter	0.051611156549314766
Faecalibacterium	0.05080443596419171
Eubacterium_R	0.05138897972573823
Stercorousia	0.05089900499222424
Fournierella	0.04964041725437981
Aliarcobacter	0.049617505806280444
Sphingobium	0.04906026832480248
Barnesiella	0.04869708489880747
RF16	0.04851805241907417
Enorma	0.04812261409356201
Fusicatenibacter	0.0483256378280369
Streptococcus	0.048662207015410124
CAG-349	0.047923233132917756
Haemophilus_D	0.04766616838212339
Chryseobacterium	0.04768451562435213
Neisseria	0.04756525293766669
CAG-45	0.046601229562690846
Centipeda	0.04579347060342314
Pseudolabrys	0.045331778838490544
An92	0.04475691703151351
Olsenella_G	0.04366047223881587
UBA644	0.044245971044523845
Limiplasma	0.0443268989284866
COE1	0.043502545262997974
CAG-762	0.04297258165310616
UMGS363	0.04344568726795313
UBA7173	0.04288418363931949
Massilistercora	0.04217122512506984
Merdisoma	0.04296836495276095
CAG-196	0.041518404435921016
Agathobacter	0.041676523840606494
Megasphaera	0.04181795426647861
Cellulosilyticum	0.04121420424898169
Sporofaciens	0.04184731138669528
1XD8-76	0.04125090870429942
Lactonifactor	0.040589409745873294
Ruminococcus	0.0400720074157903
Sellimonas	0.0397258170520642
CAZU01	0.03863477985397736
Dialister	0.03805939475023534
Dorea	0.037915757375135785
Parascardovia	0.03785992537210684
Helicobacter_C	0.03732751878857193
Terrisporobacter	0.03658774158002577
F23-B02	0.035734590686991696
Metalachnospira	0.035769159480396544
Sphingomicrobium	0.03602948127242588
UMGS1071	0.03592334297357712
Catenibacterium	0.03519795350702275
Hafnia	0.034957266441305423
Ruminococcus_E	0.03458420495553048
Pseudomonas_A	0.03459789322227824
Baumannia	0.03413655363997174
Ileibacterium	0.033758046263254134
66-474	0.03352611690201594
Turicimonas	0.032914211158417306
Hydrogenoanaerobacterium	0.03249528322155509
CAG-485	0.03155652451899602
Oliverpabstia	0.031048450728810267
Merdousia	0.030635240503945532
Mesosutterella	0.030411447129188675
14-2	0.03040187735047868
CAG-492	0.030345969576101264
Butyrivibrio	0.03008101971468843
Citrobacter_A	0.02935580653313759
Eubacterium_N	0.02869952610683682
Aquabacterium	0.029104676663781328
Mitsuokella	0.02838783576849085
CAG-1031	0.028544890906566433
Blautia	0.027401168235226932
Brevundimonas	0.028042676210232945
Coprenecus	0.02900119761082814
Chelativorans	0.028026100606596622
Limenecus	0.028083948974348506
Adlercreutzia	0.02801803426898818
Amedibacterium	0.02708090380946243
Monoglobus	0.027085646262621207
Sodaliphilus	0.026616949188204328
Thiobacillus	0.026063509200504383
UBA7748	0.025844446575118057
Aeromonas	0.02558221519609596
Phil1	0.025034762341282633
Solibaculum	0.024360799480604125
Tidjanibacter	0.025041507290206988
Shinella	0.024678174002616838
UBA737	0.023553364052824315
Intestinibacter	0.023539474753132502
Treponema	0.02351358391871488
Acidovorax	0.024154649035131155
Christensenella	0.02255240701815945
UMGS1375	0.02290630706956797
Amedibacillus	0.02322225337383871
Massiliomicrobiota	0.02287071759680481
UBA6382	0.022286737619975842
UBA6448	0.0223880552624413
Oscillibacter	0.022717835148982003
Massilimaliae	0.02174791972261283
UBA3402	0.021413002715319984
UBA1394	0.02150328125858723
UBA1227	0.01990592599312491
Choladousia	0.02089652103780894
Acutalibacter	0.02210973515357628
Peptacetobacter	0.020749109677365197
CAG-582	0.021034917758336196
RUG13077	0.0203452050194316
UBA7597	0.0204783118639335
Pauljensenia	0.019659837715131856
UMGS882	0.01993687152128884
Soleaferrea	0.019848346516278516
Microbispora	0.01961771433860102
UBA11452	0.018896245191071314
VUNA01	0.01922941312124948
Fenollaria	0.019757422270195973
Actinomyces	0.01917335776219378
Anaeroglobus	0.018959572540226392
Faecalicoccus	0.01879021222507812
CAG-605	0.018864924925594863
AG11	0.019350161928066666
Zoogloea	0.018770793866543924
Pseudoruminococcus_A	0.01842338225236059
UBA9506	0.017864663115443172
CAG-269	0.01818211613732562
Lactiplantibacillus	0.018066131782299787
UBA11471	0.018058297305828006
BX12	0.017808683303438794
Olegusella	0.018007900807769622
Sphingobacterium	0.017364729953033054
Synergistes	0.017743670540351184
PeH17	0.016596876122515303
Hungatella_A	0.01677291753395828
Exiguobacterium_A	0.016685448876386427
CAG-345	0.0153508289232736
Blastococcus	0.016141256890233914
Alistipes_A	0.015021206572199849
Haemophilus	0.01476660764143768
Salmonella	0.014659801287128597
UBA2882	0.014471296431921995
Fermentimonas	0.013613793488803788
Copromonas	0.014727722449912644
Enterococcus_C	0.013927743021844831
Flavipsychrobacter	0.013926571567121663
Streptomyces	0.01443829563083465
51-20	0.013714490755748175
Cloacibacillus	0.013955820217195975
UBA6984	0.013701485666209294
SFTJ01	0.0135692450376768
Helicobacter	0.013557234953198964
CAG-488	0.012432395619180525
Marvinbryantia	0.012784870156061156
Berryella	0.01272576633994358
Haemophilus_A	0.01187672304739253
UBA4720	0.012707073833430393
Ralstonia	0.011456684590431249
Dokdonella_A	0.011876776699798771
Lentilactobacillus	0.011531105725977656
UBA11524	0.010991144580323608
Rhabdaerophilum	0.011349837447460013
UBA1829	0.011535744464106955
Tractidigestivibacter	0.010791212462704272
UBA10281	0.011054439788373161
Gp1-AA122	0.010059188881645646
Lachnoclostridium_A	0.010485935548188788
Z2-YC6860	0.012105730275818656
Limisoma	0.01042958984551114
Weissella	0.010291108709598856
Ventrimonas	0.010084421067058287
Pseudomonas	0.009448105128870718
Ruminococcus_C	0.009330763696397468
Pyramidobacter	0.009190331252052852
MD308	0.009312547019041918
CAG-288	0.008135556739903052
Companilactobacillus	0.007721614725290818
DP-1	0.007872115722900806
Gordonibacter	0.007901863827149982
HOT-345	0.007634517908249627
Alterileibacterium	0.006899663839607412
Pedobacter	0.0063523106953562326
CAG-1024	0.005784488750397557
UBA5189	0.006830730730984991
CAG-307	0.005514764391445919
Merdimorpha	0.0057197478880387995
UBA1774	0.005125592360681949
UBA7405	0.0050198726779139965
Halomonas	0.004780464115429545
Parasutterella	0.0048747599330297925
Micrococcus	0.004609284721651011
Citrobacter_B	0.0047418125362095635
UMGS1322	0.004965421177600651
Saccharimonas	0.004931458533303275
Enterocloster	0.004097445761461953
SFJ001	0.004360351094309034
Ventrisoma	0.003841126244754075
Baileyella	0.003377360174015552
Peptoniphilus_B	0.003242840562337343
Olsenella	0.003570894926296665
Sneathia	0.003056234254302534
Levyella	0.002841405975387986
Kosakonia	0.0031448452370424866
Cryptobacteroides	0.0034484739028926535
Traorella	0.003267390012742156
CAG-313	0.002785317747664838
Peptoniphilus_A	0.0028927792155453236
Shuttleworthia	0.0021148943758134728
Peptoanaerobacter	0.0013311408206643897
Ruminococcus_G	-1.1626089734215833e-4
Deinococcus	6.053243536009661e-4
Morganella	1.879304277505251e-4
Egerieisoma	1.2083642057223977e-4
Barb7	-8.578959991713961e-4
Thauera	-4.644744639498356e-4
Lacisediminihabitans	-7.759542703403735e-4
CAG-267	-9.58289411914121e-4
Raoultibacter	-0.0017243321934243038
Pseudobutyrivibrio	-0.0012606201692597135
Anaerotignum	-0.001207857731542043
Anaerobutyricum	-0.002179299072330271
JABCPH02	-0.0017405669080742894
Alistipes	-0.0015539575354856386
Synechocystis	-0.0023485329389078993
Dubosiella	-0.0021914933852286507
UBA1685	-0.0013884389497564212
Mobiluncus	-0.002476019862832971
Thermophilibacter	-0.002217224324419915
Leptotrichia_A	-0.0026051245180761344
Duncaniella	-0.0028959141000681594
Extibacter	-0.002398578491819864
Mogibacterium	-0.003303447853514342
UBA9414	-0.004172987833653886
Butyricicoccus	-0.0036815713566753245
Harryflintia	-0.003793999362366572
Rikenella	-0.0044148072693996065
Prevotella	-0.004355646640126231
Dorea_B	-0.004724816803688142
Phascolarctobacterium_A	-0.004342557946468737
Clostridium_P	-0.004247637358037067
UBA2883	-0.004230010653051893
Anaerofilum	-0.00474407690447952
Campylobacter	-0.005070657908637858
UBA866	-0.005007213626513679
Jejubacter	-0.006109850961152806
UBA7050	-0.006445937629193021
Ezakiella	-0.006518578665888771
Paratractidigestivibacter	-0.006276534061488677
Edaphobacter	-0.006366398971202678
Phocea	-0.006838048834229557
Abiotrophia	-0.007003444486019474
Atopobium	-0.00672897794363304
Pantoea	-0.006380209279498855
Proteiniphilum	-0.008236110508686152
Pelagibacter	-0.007421996235701857
Pseudescherichia	-0.007789409051177907
UBA1259	-0.007826543613298433
Clostridium_J	-0.00900149829310392
Variovorax	-0.00857957542559752
CAG-603	-0.008875597024744334
Acetatifactor	-0.009222478235925542
Scatacola_A	-0.0096397825206012
SFEL01	-0.009423184879280951
Leuconostoc	-0.010353036497574302
OLB17	-0.009875678333342141
Coprococcus_A	-0.011323287278840544
Scatousia	-0.011992492068277589
Holdemania	-0.01163380872187372
Klebsiella	-0.011540973690153068
Roseburia	-0.012631045277583379
CAG-1000	-0.012485632721171262
Fimimonas	-0.012060060641146035
Enterococcus	-0.012873136433187847
CAG-475	-0.01259647501619352
Johnsonella	-0.012362604562819075
CAG-177	-0.012753014851144662
Alloscardovia	-0.0129653733424164
CAG-314	-0.013008491834437813
Coprobacillus	-0.012807113998033007
Ruminococcus_B	-0.013133627661608999
Phocaeicola_A	-0.013491456970459849
Lacticaseibacillus	-0.012884132033856426
CAG-273	-0.013072500202602132
Treponema_D	-0.013688651841785537
Methanosphaera	-0.014009103931278471
Paralachnospira	-0.014052695699601133
Marseille-P3106	-0.01418656458510628
Marseille-P2935	-0.0144005940069934
Acetobacterium	-0.014796993782542128
Scatocola	-0.014900928499832261
Serratia	-0.015327718481505374
OM05-12	-0.01600831056482855
Bacillus_A	-0.015895261747424394
Slackia	-0.01572138233501455
JJ008	-0.015366184770714773
Bulleidia	-0.015915660060256825
CAG-793	-0.016241392771325764
Vagococcus	-0.016519206925763613
Erwinia	-0.01726192020201716
Choladocola	-0.01674003761509563
Eggerthella	-0.01738847120331283
GCA-900066755	-0.01678753592519863
Nanosynbacter	-0.016975651651016943
Rahnella	-0.017452299722043676
Pseudoflavonifractor	-0.017905544334057003
Kluyvera	-0.01729884969877508
Psychrobacter	-0.017865284982162374
Dietzia	-0.01849893611588284
Gemmiger	-0.01835917963694285
Gemella	-0.0188687593292399
Enterococcus_A	-0.01894602373498599
Limivivens	-0.018804235478245876
CAG-272	-0.01925061234099379
Mesorhizobium	-0.02033867152579591
Scatomorpha	-0.02042112350769376
Eubacterium_J	-0.02008067659440836
Merdimonas	-0.020669610193727674
CAG-632	-0.021060380411012856
Comamonas	-0.02153886441949975
Acinetobacter	-0.021195116355202055
Stoquefichus	-0.022411716050881783
Asticcacaulis	-0.02204716864500276
UMGS1864	-0.022787650796902106
Anaerofustis	-0.02295516724576637
Microcystis	-0.0230803987688495
Clostridium_Q	-0.022669275950931926
Fimiplasma	-0.022787282726294402
CAG-465	-0.023722479178867474
Sphingomonas	-0.023682975690565884
Faecalitalea	-0.023743687284606116
Succinatimonas	-0.023862201642861288
Schaedlerella	-0.024225178566947347
Clostridium_AQ	-0.02448079218007175
Longibaculum	-0.024832329575035644
Paraprevotella	-0.025044670121844494
UMGS1326	-0.025365715254601028
Faecisoma	-0.02537126802592349
Agrobacterium	-0.026410686698824935
Faecousia	-0.026080103310795712
Massilicoli	-0.027634002831185316
Paraburkholderia	-0.027943530217798277
CAG-302	-0.0278058561434864
CAG-317	-0.027589171695164706
CAG-115	-0.027875140948647233
Evtepia	-0.02819525469353961
Mycobacterium	-0.027982948387846738
Pygmaiobacter	-0.028001737845634443
CAG-83	-0.02880140238574292
UMGS1795	-0.0281585983310925
DYL19	-0.029662004587245334
Onthocola_B	-0.029265875768519366
Bifidobacterium	-0.029457003076054603
Merdibacter	-0.03144647689323214
Paracoccus	-0.03183731813850997
RUG115	-0.03166909975458575
Wolbachia	-0.0309752268710298
CAG-873	-0.032657839462566694
Neobittarella	-0.032877435342643674
Holdemanella	-0.033083504084058225
Mesotoga	-0.03334733856042762
MGBC100798	-0.03283369375172493
CAG-217	-0.03301642933047954
Succinivibrio	-0.03341893551987268
W11650	-0.03350613216251029
Flavonifractor	-0.03342918125553712
UBA1206	-0.033956889975107186
VUNI01	-0.034065241171418965
RUG754	-0.03501710121569722
Butyrivibrio_A	-0.03504410301098553
Rubneribacter	-0.036026259403325045
CAG-449	-0.035788338214093475
Limivicinus	-0.036235392056986636
UMGS1781	-0.03643260530412698
UBA738	-0.03690399147188814
Fructilactobacillus	-0.03679036698099199
Treponema_C	-0.03647314752095997
Phytobacter	-0.03720447791755766
Brachybacterium	-0.03663492249660011
Acidaminococcus	-0.037460271274242396
CAG-127	-0.037797971855114056
Pararcticibacter	-0.0380004020557273
MWCQ01	-0.03830269000154497
Enterococcus_D	-0.03822431267468562
Basfia_A	-0.03938724633477156
Actinoplanes	-0.04021146980865904
Bacteroides_F	-0.03945032997906576
Muricauda	-0.0404807408947797
Kineothrix	-0.03980139477962453
Eubacterium_I	-0.04048717175428728
UMGS27	-0.040255088980157824
Porphyromonas	-0.041407281359878326
Ramlibacter	-0.04337807162582969
Aureimonas_A	-0.041756251704151544
SDRW01	-0.04231784682059925
CAG-417	-0.04267876978534828
SFGY01	-0.04294655855577991
Fusobacterium_B	-0.04343760597826981
Bosea	-0.04399795037237741
Kribbella	-0.04340695619986087
Cryptobacterium	-0.04434163913402015
Duodenibacillus	-0.04433805610408296
Alloprevotella	-0.04449244055333855
Rodentibacter	-0.04484678842867102
Fusobacterium_C	-0.045047722364391696
Massilia	-0.04629481043776101
Proteus	-0.04561368580694351
CAG-710	-0.04609706553201458
JACDCA01	-0.04676780975987431
43-108	-0.046645202097819964
Lacrimispora	-0.047183838848013325
Phocaeicola	-0.047114032670084204
Aphodousia	-0.04731005205421532
Planococcus	-0.047862684985913735
Aminipila	-0.04786381122920572
Dysgonomonas	-0.047258669083079005
Aggregatibacter	-0.04720874151533629
GCA-900066905	-0.047707499815136604
Angelakisella	-0.047703134099885115
CAG-238	-0.04774234804783257
UMGS1491	-0.04941002467465902
Romboutsia_C	-0.048848571410960814
Devosia_A	-0.0505193101567145
Campylobacter_D	-0.05013896932344534
Lysobacter	-0.05065504939398494
CAG-194	-0.05075755300798165
Phascolarctobacterium	-0.05129327241362256
Ochrobactrum_A	-0.05046886460267564
Eubacterium	-0.051135011297943414
Anaerococcus	-0.05130366945576188
Methanobrevibacter_A	-0.0517310655314202
Olsenella_I	-0.05165853973345078
Butyricicoccus_A	-0.052394492348132135
Porphyromonas_A	-0.05199194793121299
UBA1436	-0.052871458582706456
UBA4372	-0.05455559759224796
BX7	-0.054265100077042716
Scatomonas	-0.05456456893391984
ER4	-0.054814679431090405
JAGZMM01	-0.05468419227378392
QAMH01	-0.05469319757982354
QALW01	-0.05591163004565599
Eubacterium_F	-0.055522226349685844
Rhodococcus_B	-0.05622664500223515
F0422	-0.05569411982653681
Herbaspirillum	-0.05709268067865855
Galliscardovia	-0.05596602361730724
Scardovia	-0.05677933395890328
UBA3282	-0.05688520708651963
Anaerostipes	-0.05793688293463984
Intestinimonas	-0.05829683351621396
Treponema_G	-0.05787889461545367
Arcanobacterium	-0.05880096879227651
Howiella	-0.05864977197750254
Bacteroides_D	-0.058985249840095996
GCA-900199385	-0.05911829469651456
Eggerthia	-0.05955057195295156
Plesiomonas	-0.05904527535021955
Azospirillum	-0.05934551676286779
Enterococcus_B	-0.06003102409295086
Campylobacter_B	-0.05936615337616283
Sutterella	-0.06005931864750247
Victivallis	-0.06019029679878501
Enterobacter	-0.06052305805426429
CAG-568	-0.059990374092874034
Longicatena	-0.06015089488643411
Campylobacter_A	-0.060822294881794504
Mucispirillum	-0.060874919332732744
Shewanella	-0.06199308785096597
Anaerotruncus	-0.06156543940496558
Cellvibrio	-0.06224489502150071
Clostridioides	-0.062348724763081065
Cetobacterium_A	-0.06261555292016713
Fimivivens	-0.06320470650357307
Ruminococcus_D	-0.06309549508363607
Moraxella	-0.06439267204605315
Negativibacillus	-0.06395998040898083
D16-34	-0.06444701027027891
Gallimonas	-0.06412361371182136
Emergencia	-0.06509413926192657
Mailhella	-0.06552947459367522
Metamycoplasma	-0.0654304777037319
Microbacterium	-0.065906727625843
Lachnoclostridium_B	-0.066569086176696185
Stenotrophomonas	-0.06714817586230061
Ruminiclostridium_E	-0.06739221675626003
Selenomonas	-0.06778295763865527
Bariatricus	-0.06834282087112903
Dielma	-0.06790653916538089
MGBC101980	-0.06852183421984327
Anaeromassilibacillus	-0.06894094132642435
Caccovivens	-0.06971961512233489
Corynebacterium	-0.07062044338727241
Faecalibaculum	-0.07405213368454595
CAG-841	-0.07221712534535066
Parvibacter	-0.07271426937266622
Gluconobacter	-0.07287811718817237
Massilioclostridium	-0.07268225040206963
Arachnia	-0.07394765058832407
KBS-96	-0.07467815961473555
Paramuribaculum	-0.07494666472644494
Metabacillus	-0.07463894975756605
Granulicatella	-0.07538440656165427
Muribaculum	-0.07650128915746546
CAG-170	-0.07687807709933496
Methylobacterium	-0.07829366890406442
Palsa-739	-0.07922782940291198
Desulfovibrio	-0.07932635811294876
Finegoldia	-0.07942620641872791
VBCG01	-0.0788532678751189
Bergeyella_A	-0.08032033902045037
Leclercia	-0.0795321540825941
Filifactor	-0.08047688674054287
MGBC100320	-0.08102482743416681
Erysipelatoclostridium	-0.08328202059337292
Fimisoma	-0.08384549680954739
Cedecea	-0.08489387382927549
Jeotgalicoccus	-0.08462595181582817
Fimenecus	-0.08462484475634713
Latilactobacillus	-0.0851007223590872
Leptospira	-0.08514869211504617
VAZQ01	-0.08726667811741297
UBA2862	-0.08712216878116477
CAG-95	-0.08731708235359349
Clostridium_AP	-0.08889682143208803
Murimonas	-0.08943974239225856
Pseudomonas_E	-0.08970287590274978
JAGTTR01	-0.09026941345199756
Thermus	-0.09084560200033062
Akkermansia	-0.09048763558115393
Pseudonocardia	-0.09138053513303254
Olsenella_F	-0.09251547418591134
Staphylococcus	-0.09237868497573781
Allisonella	-0.09189568751556179
Hungatella	-0.09277483825040263
Propionibacterium	-0.09351995692735654
Enterenecus	-0.09364501223496959
Odoribacter	-0.09389389040700133
Eikenella	-0.09459521592895274
CHH4-2	-0.09798812322825867
Hymenobacter	-0.10002112368736758
Acetobacter	-0.09970782364015186
Limosilactobacillus	-0.10239855362351755
Photobacterium	-0.10375945888083886
CAG-452	-0.10479580211402745
Escherichia	-0.1046818255658081
Mitochondria_genus_incertae_sedis	-0.10495188833089042
Lactococcus_A	-0.1060173402063557
Dysosmobacter	-0.10657509143536155
Paraclostridium	-0.10738075491675991
UBA7109	-0.107625134232174
Ruthenibacterium	-0.10805450136571472
Onthenecus	-0.1088735788219081
GCA-900066495	-0.10882837982223083
Coproplasma	-0.11369332043066604
S5-A14a	-0.11554705870462241
Lachnoclostridium	-0.11629469489129968
Brevibacterium	-0.11770699529786435
Veillonella	-0.1181571836902661
Turicibacter	-0.11913472203413997
Faecalibacillus	-0.11915142683239613
UBA3064	-0.12022796031738915
Lactobacillus	-0.12028655802741837
Ligilactobacillus	-0.1239800635444171
Malaciobacter	-0.12451938946480795
UBA4285	-0.1270192308987933
Rhizomicrobium	-0.12904517833829793
Glaesserella	-0.12945989587888246
Bacteroides	-0.13346028924269351
Pelagibacterium	-0.13310998261227067
Parvimonas	-0.13387424270494588
Collinsella	-0.1357088100474509
Reyranella	-0.14004804685134284
UBA3871	-0.13934875303518532
Achromobacter	-0.14057597539804867
Pediococcus	-0.14216384428011836
Cutibacterium	-0.1465290181575687
Eisenbergiella	-0.1492386386444975
Mucilaginibacter	-0.15094967908117501
Lancefieldella	-0.15386904056932443
Gemmiger_A	-0.15762700111550904
Luminiphilus	-0.16059175688381438
Spirillospora	-0.16117294209023794
Geobacillus	-0.18345941036931196
Arenimonas	-0.19128829288320956
Peptostreptococcus	-0.19421834284851838
Halioglobus	-0.22799758627030867
Fusobacterium	-0.27074005421859026
