run_accession	secondary_study_accession	sample_accession	secondary_sample_accession	experiment_accession	study_accession	submission_accession	tax_id	scientific_name	instrument_platform	instrument_model	library_name	nominal_length	library_layout	library_strategy	library_source	library_selection	read_count	base_count	center_name	first_public	last_updated	experiment_title	study_title	study_alias	experiment_alias	run_alias	fastq_bytes	fastq_md5	fastq_ftp	fastq_aspera	fastq_galaxy	submitted_bytes	submitted_md5	submitted_ftp	submitted_aspera	submitted_galaxy	submitted_format	sra_bytes	sra_md5	sra_ftp	sra_aspera	sra_galaxy	sample_alias	broker_name	sample_title	nominal_sdev	first_created	bam_ftp	bam_bytes	bam_md5
SRR15511255	SRP333105	SAMN20837595	SRS9824905	SRX11810168	PRJNA755720	SRA1280103	408170	human gut metagenome	ILLUMINA	NextSeq 500	8		PAIRED	WGS	METAGENOMIC	RANDOM	9851335	2905266019	SUB10001498	2021-08-25	2021-08-25	NextSeq 500 sequencing: Participant 4 WD	Differential effects of western and mediterranean-type diets on gut microbiota: a metagenomics and metabolomics approach	PRJNA755720	8	ED4G_R1.fastq.gz	898589430;928551487	33306df2f9b4dc1be35986ea753233f7;29a2dd901300876e583757801702067d	ftp.sra.ebi.ac.uk/vol1/fastq/SRR155/055/SRR15511255/SRR15511255_1.fastq.gz;ftp.sra.ebi.ac.uk/vol1/fastq/SRR155/055/SRR15511255/SRR15511255_2.fastq.gz	fasp.sra.ebi.ac.uk:/vol1/fastq/SRR155/055/SRR15511255/SRR15511255_1.fastq.gz;fasp.sra.ebi.ac.uk:/vol1/fastq/SRR155/055/SRR15511255/SRR15511255_2.fastq.gz	ftp.sra.ebi.ac.uk/vol1/fastq/SRR155/055/SRR15511255/SRR15511255_1.fastq.gz;ftp.sra.ebi.ac.uk/vol1/fastq/SRR155/055/SRR15511255/SRR15511255_2.fastq.gz							1371157114	18e4bd8c54f9edf3446bd652e86b838e	ftp.sra.ebi.ac.uk/vol1/srr/SRR155/055/SRR15511255	fasp.sra.ebi.ac.uk:/vol1/srr/SRR155/055/SRR15511255	ftp.sra.ebi.ac.uk/vol1/srr/SRR155/055/SRR15511255	ED4G		Participant 4 WD		2021-08-25			
SRR15511256	SRP333105	SAMN20837594	SRS9824902	SRX11810167	PRJNA755720	SRA1280103	408170	human gut metagenome	ILLUMINA	NextSeq 500	7		PAIRED	WGS	METAGENOMIC	RANDOM	13954275	4150848309	SUB10001498	2021-08-25	2021-08-25	NextSeq 500 sequencing: Participant 4 FMD	Differential effects of western and mediterranean-type diets on gut microbiota: a metagenomics and metabolomics approach	PRJNA755720	7	ED4F_R1.fastq.gz	1271256651;1323194257	62db2352ad8abbdc2c8715cfbc2f429d;dce5baeee6e126f449c038d652ed5c6e	ftp.sra.ebi.ac.uk/vol1/fastq/SRR155/056/SRR15511256/SRR15511256_1.fastq.gz;ftp.sra.ebi.ac.uk/vol1/fastq/SRR155/056/SRR15511256/SRR15511256_2.fastq.gz	fasp.sra.ebi.ac.uk:/vol1/fastq/SRR155/056/SRR15511256/SRR15511256_1.fastq.gz;fasp.sra.ebi.ac.uk:/vol1/fastq/SRR155/056/SRR15511256/SRR15511256_2.fastq.gz	ftp.sra.ebi.ac.uk/vol1/fastq/SRR155/056/SRR15511256/SRR15511256_1.fastq.gz;ftp.sra.ebi.ac.uk/vol1/fastq/SRR155/056/SRR15511256/SRR15511256_2.fastq.gz							1945235984	135155d8a859371f726336f2d17ec100	ftp.sra.ebi.ac.uk/vol1/srr/SRR155/056/SRR15511256	fasp.sra.ebi.ac.uk:/vol1/srr/SRR155/056/SRR15511256	ftp.sra.ebi.ac.uk/vol1/srr/SRR155/056/SRR15511256	ED4F		Participant 4 FMD		2021-08-25			
SRR15511260	SRP333105	SAMN20837621	SRS9824898	SRX11810163	PRJNA755720	SRA1280103	408170	human gut metagenome	ILLUMINA	NextSeq 500	34		PAIRED	WGS	METAGENOMIC	RANDOM	16529072	4938597157	SUB10001498	2021-08-25	2021-08-25	NextSeq 500 sequencing: Participant 20 FMD	Differential effects of western and mediterranean-type diets on gut microbiota: a metagenomics and metabolomics approach	PRJNA755720	34	ED20F_R1.fastq.gz	1485693819;1523792060	2d15e0e1944a6a12b34a6d54344a89d8;56a5912a852add2d54cc4c935fcffd45	ftp.sra.ebi.ac.uk/vol1/fastq/SRR155/060/SRR15511260/SRR15511260_1.fastq.gz;ftp.sra.ebi.ac.uk/vol1/fastq/SRR155/060/SRR15511260/SRR15511260_2.fastq.gz	fasp.sra.ebi.ac.uk:/vol1/fastq/SRR155/060/SRR15511260/SRR15511260_1.fastq.gz;fasp.sra.ebi.ac.uk:/vol1/fastq/SRR155/060/SRR15511260/SRR15511260_2.fastq.gz	ftp.sra.ebi.ac.uk/vol1/fastq/SRR155/060/SRR15511260/SRR15511260_1.fastq.gz;ftp.sra.ebi.ac.uk/vol1/fastq/SRR155/060/SRR15511260/SRR15511260_2.fastq.gz							2242649934	1df247be2621d72f615f68f8504a4cf7	ftp.sra.ebi.ac.uk/vol1/srr/SRR155/060/SRR15511260	fasp.sra.ebi.ac.uk:/vol1/srr/SRR155/060/SRR15511260	ftp.sra.ebi.ac.uk/vol1/srr/SRR155/060/SRR15511260	ED20F		Participant 20 FMD		2021-08-25			
SRR15511261	SRP333105	SAMN20837620	SRS9824899	SRX11810162	PRJNA755720	SRA1280103	408170	human gut metagenome	ILLUMINA	NextSeq 500	33		PAIRED	WGS	METAGENOMIC	RANDOM	9004290	2687082712	SUB10001498	2021-08-25	2021-08-25	NextSeq 500 sequencing: Participant 19 FMD	Differential effects of western and mediterranean-type diets on gut microbiota: a metagenomics and metabolomics approach	PRJNA755720	33	ED19F_R1.fastq.gz	838303182;866766358	9b964599a3cdeba81ec361a513c929c1;a56066e774e41a6f59fa5e245a47a49d	ftp.sra.ebi.ac.uk/vol1/fastq/SRR155/061/SRR15511261/SRR15511261_1.fastq.gz;ftp.sra.ebi.ac.uk/vol1/fastq/SRR155/061/SRR15511261/SRR15511261_2.fastq.gz	fasp.sra.ebi.ac.uk:/vol1/fastq/SRR155/061/SRR15511261/SRR15511261_1.fastq.gz;fasp.sra.ebi.ac.uk:/vol1/fastq/SRR155/061/SRR15511261/SRR15511261_2.fastq.gz	ftp.sra.ebi.ac.uk/vol1/fastq/SRR155/061/SRR15511261/SRR15511261_1.fastq.gz;ftp.sra.ebi.ac.uk/vol1/fastq/SRR155/061/SRR15511261/SRR15511261_2.fastq.gz							1275523889	aae7d3eb5cb3c045cafd2e57ee7a8777	ftp.sra.ebi.ac.uk/vol1/srr/SRR155/061/SRR15511261	fasp.sra.ebi.ac.uk:/vol1/srr/SRR155/061/SRR15511261	ftp.sra.ebi.ac.uk/vol1/srr/SRR155/061/SRR15511261	ED19F		Participant 19 FMD		2021-08-25			
SRR15511262	SRP333105	SAMN20837619	SRS9824894	SRX11810161	PRJNA755720	SRA1280103	408170	human gut metagenome	ILLUMINA	NextSeq 500	32		PAIRED	WGS	METAGENOMIC	RANDOM	10670324	3180848629	SUB10001498	2021-08-25	2021-08-25	NextSeq 500 sequencing: Participant 18 WD	Differential effects of western and mediterranean-type diets on gut microbiota: a metagenomics and metabolomics approach	PRJNA755720	32	ED18G_R1.fastq.gz	991823375;1023733185	ce049a305767b70f4b264a0a9077836f;0aa73934be06a2e1c1b2aeb1b3c992da	ftp.sra.ebi.ac.uk/vol1/fastq/SRR155/062/SRR15511262/SRR15511262_1.fastq.gz;ftp.sra.ebi.ac.uk/vol1/fastq/SRR155/062/SRR15511262/SRR15511262_2.fastq.gz	fasp.sra.ebi.ac.uk:/vol1/fastq/SRR155/062/SRR15511262/SRR15511262_1.fastq.gz;fasp.sra.ebi.ac.uk:/vol1/fastq/SRR155/062/SRR15511262/SRR15511262_2.fastq.gz	ftp.sra.ebi.ac.uk/vol1/fastq/SRR155/062/SRR15511262/SRR15511262_1.fastq.gz;ftp.sra.ebi.ac.uk/vol1/fastq/SRR155/062/SRR15511262/SRR15511262_2.fastq.gz							1506501514	7c93a8f329e13a186ecfe3257989d885	ftp.sra.ebi.ac.uk/vol1/srr/SRR155/062/SRR15511262	fasp.sra.ebi.ac.uk:/vol1/srr/SRR155/062/SRR15511262	ftp.sra.ebi.ac.uk/vol1/srr/SRR155/062/SRR15511262	ED18G		Participant 18 WD		2021-08-25			
SRR15511265	SRP333105	SAMN20837617	SRS9824896	SRX11810158	PRJNA755720	SRA1280103	408170	human gut metagenome	ILLUMINA	NextSeq 500	30		PAIRED	WGS	METAGENOMIC	RANDOM	12708896	3806769595	SUB10001498	2021-08-25	2021-08-25	NextSeq 500 sequencing: Participant 17 FMD	Differential effects of western and mediterranean-type diets on gut microbiota: a metagenomics and metabolomics approach	PRJNA755720	30	ED17F_R1.fastq.gz	1176589348;1217472276	7e383ecd42871de2c1b7bda401044dae;a57b09c8a763fd99d98031d68157193e	ftp.sra.ebi.ac.uk/vol1/fastq/SRR155/065/SRR15511265/SRR15511265_1.fastq.gz;ftp.sra.ebi.ac.uk/vol1/fastq/SRR155/065/SRR15511265/SRR15511265_2.fastq.gz	fasp.sra.ebi.ac.uk:/vol1/fastq/SRR155/065/SRR15511265/SRR15511265_1.fastq.gz;fasp.sra.ebi.ac.uk:/vol1/fastq/SRR155/065/SRR15511265/SRR15511265_2.fastq.gz	ftp.sra.ebi.ac.uk/vol1/fastq/SRR155/065/SRR15511265/SRR15511265_1.fastq.gz;ftp.sra.ebi.ac.uk/vol1/fastq/SRR155/065/SRR15511265/SRR15511265_2.fastq.gz							1790714312	60417decc44d78f04eed2887b07d23f6	ftp.sra.ebi.ac.uk/vol1/srr/SRR155/065/SRR15511265	fasp.sra.ebi.ac.uk:/vol1/srr/SRR155/065/SRR15511265	ftp.sra.ebi.ac.uk/vol1/srr/SRR155/065/SRR15511265	ED17F		Participant 17 FMD		2021-08-25			
SRR15511271	SRP333105	SAMN20837611	SRS9824890	SRX11810152	PRJNA755720	SRA1280103	408170	human gut metagenome	ILLUMINA	NextSeq 500	24		PAIRED	WGS	METAGENOMIC	RANDOM	12722257	3772641299	SUB10001498	2021-08-25	2021-08-25	NextSeq 500 sequencing: Participant 14 FMD	Differential effects of western and mediterranean-type diets on gut microbiota: a metagenomics and metabolomics approach	PRJNA755720	24	ED14F_R1.fastq.gz	1155300884;1198654033	a2520d279d1001a4daca4d4916e4984e;346096cc22a367aedceccc16eed63a0b	ftp.sra.ebi.ac.uk/vol1/fastq/SRR155/071/SRR15511271/SRR15511271_1.fastq.gz;ftp.sra.ebi.ac.uk/vol1/fastq/SRR155/071/SRR15511271/SRR15511271_2.fastq.gz	fasp.sra.ebi.ac.uk:/vol1/fastq/SRR155/071/SRR15511271/SRR15511271_1.fastq.gz;fasp.sra.ebi.ac.uk:/vol1/fastq/SRR155/071/SRR15511271/SRR15511271_2.fastq.gz	ftp.sra.ebi.ac.uk/vol1/fastq/SRR155/071/SRR15511271/SRR15511271_1.fastq.gz;ftp.sra.ebi.ac.uk/vol1/fastq/SRR155/071/SRR15511271/SRR15511271_2.fastq.gz							1768066441	3a3f820cf14626dc7963778e584fd13b	ftp.sra.ebi.ac.uk/vol1/srr/SRR155/071/SRR15511271	fasp.sra.ebi.ac.uk:/vol1/srr/SRR155/071/SRR15511271	ftp.sra.ebi.ac.uk/vol1/srr/SRR155/071/SRR15511271	ED14F		Participant 14 FMD		2021-08-25			
SRR15511272	SRP333105	SAMN20837610	SRS9824885	SRX11810151	PRJNA755720	SRA1280103	408170	human gut metagenome	ILLUMINA	NextSeq 500	23		PAIRED	WGS	METAGENOMIC	RANDOM	13714796	3939425505	SUB10001498	2021-08-25	2021-08-25	NextSeq 500 sequencing: Participant 13 WD	Differential effects of western and mediterranean-type diets on gut microbiota: a metagenomics and metabolomics approach	PRJNA755720	23	ED13G_R1.fastq.gz	1185471654;1223655758	2eeb034e45f13670765e020638c68f59;aeb2faff7a396b0f03e0ad9865cfec9a	ftp.sra.ebi.ac.uk/vol1/fastq/SRR155/072/SRR15511272/SRR15511272_1.fastq.gz;ftp.sra.ebi.ac.uk/vol1/fastq/SRR155/072/SRR15511272/SRR15511272_2.fastq.gz	fasp.sra.ebi.ac.uk:/vol1/fastq/SRR155/072/SRR15511272/SRR15511272_1.fastq.gz;fasp.sra.ebi.ac.uk:/vol1/fastq/SRR155/072/SRR15511272/SRR15511272_2.fastq.gz	ftp.sra.ebi.ac.uk/vol1/fastq/SRR155/072/SRR15511272/SRR15511272_1.fastq.gz;ftp.sra.ebi.ac.uk/vol1/fastq/SRR155/072/SRR15511272/SRR15511272_2.fastq.gz							1807370797	4b9a3e5b55073821eadd51aa52617106	ftp.sra.ebi.ac.uk/vol1/srr/SRR155/072/SRR15511272	fasp.sra.ebi.ac.uk:/vol1/srr/SRR155/072/SRR15511272	ftp.sra.ebi.ac.uk/vol1/srr/SRR155/072/SRR15511272	ED13G		Participant 13 WD		2021-08-25			
SRR15511273	SRP333105	SAMN20837609	SRS9824886	SRX11810150	PRJNA755720	SRA1280103	408170	human gut metagenome	ILLUMINA	NextSeq 500	22		PAIRED	WGS	METAGENOMIC	RANDOM	15014879	4431279053	SUB10001498	2021-08-25	2021-08-25	NextSeq 500 sequencing: Participant 13 FMD	Differential effects of western and mediterranean-type diets on gut microbiota: a metagenomics and metabolomics approach	PRJNA755720	22	ED13F_R1.fastq.gz	1355649619;1399777164	4a5fdc64f738489b848997afd606b738;5f16e2d28745294d9b54d62c760becb7	ftp.sra.ebi.ac.uk/vol1/fastq/SRR155/073/SRR15511273/SRR15511273_1.fastq.gz;ftp.sra.ebi.ac.uk/vol1/fastq/SRR155/073/SRR15511273/SRR15511273_2.fastq.gz	fasp.sra.ebi.ac.uk:/vol1/fastq/SRR155/073/SRR15511273/SRR15511273_1.fastq.gz;fasp.sra.ebi.ac.uk:/vol1/fastq/SRR155/073/SRR15511273/SRR15511273_2.fastq.gz	ftp.sra.ebi.ac.uk/vol1/fastq/SRR155/073/SRR15511273/SRR15511273_1.fastq.gz;ftp.sra.ebi.ac.uk/vol1/fastq/SRR155/073/SRR15511273/SRR15511273_2.fastq.gz							2066684394	80b8de97f909cb21eda463e43d7e2320	ftp.sra.ebi.ac.uk/vol1/srr/SRR155/073/SRR15511273	fasp.sra.ebi.ac.uk:/vol1/srr/SRR155/073/SRR15511273	ftp.sra.ebi.ac.uk/vol1/srr/SRR155/073/SRR15511273	ED13F		Participant 13 FMD		2021-08-25			
SRR15511274	SRP333105	SAMN20837608	SRS9824887	SRX11810149	PRJNA755720	SRA1280103	408170	human gut metagenome	ILLUMINA	NextSeq 500	21		PAIRED	WGS	METAGENOMIC	RANDOM	16363914	4863794867	SUB10001498	2021-08-25	2021-08-25	NextSeq 500 sequencing: Participant 12 WD	Differential effects of western and mediterranean-type diets on gut microbiota: a metagenomics and metabolomics approach	PRJNA755720	21	ED12G_R1.fastq.gz	1419774132;1464488928	262591bb9f643c963da5564f27932f25;df3f895bde0e321ff8456bb05463dbb1	ftp.sra.ebi.ac.uk/vol1/fastq/SRR155/074/SRR15511274/SRR15511274_1.fastq.gz;ftp.sra.ebi.ac.uk/vol1/fastq/SRR155/074/SRR15511274/SRR15511274_2.fastq.gz	fasp.sra.ebi.ac.uk:/vol1/fastq/SRR155/074/SRR15511274/SRR15511274_1.fastq.gz;fasp.sra.ebi.ac.uk:/vol1/fastq/SRR155/074/SRR15511274/SRR15511274_2.fastq.gz	ftp.sra.ebi.ac.uk/vol1/fastq/SRR155/074/SRR15511274/SRR15511274_1.fastq.gz;ftp.sra.ebi.ac.uk/vol1/fastq/SRR155/074/SRR15511274/SRR15511274_2.fastq.gz							2149925851	7d935506c96377c6821c1a2b39f6c19f	ftp.sra.ebi.ac.uk/vol1/srr/SRR155/074/SRR15511274	fasp.sra.ebi.ac.uk:/vol1/srr/SRR155/074/SRR15511274	ftp.sra.ebi.ac.uk/vol1/srr/SRR155/074/SRR15511274	ED12G		Participant 12 WD		2021-08-25			
SRR15511281	SRP333105	SAMN20837602	SRS9824875	SRX11810142	PRJNA755720	SRA1280103	408170	human gut metagenome	ILLUMINA	NextSeq 500	15		PAIRED	WGS	METAGENOMIC	RANDOM	12701761	3775675202	SUB10001498	2021-08-25	2021-08-25	NextSeq 500 sequencing: Participant 9 WD	Differential effects of western and mediterranean-type diets on gut microbiota: a metagenomics and metabolomics approach	PRJNA755720	15	ED9G_R1.fastq.gz	1146609570;1190722740	171a52939d40dfa30d1e41a9aad3efbd;591ae8e6a834b44dcfb433803d3cd422	ftp.sra.ebi.ac.uk/vol1/fastq/SRR155/081/SRR15511281/SRR15511281_1.fastq.gz;ftp.sra.ebi.ac.uk/vol1/fastq/SRR155/081/SRR15511281/SRR15511281_2.fastq.gz	fasp.sra.ebi.ac.uk:/vol1/fastq/SRR155/081/SRR15511281/SRR15511281_1.fastq.gz;fasp.sra.ebi.ac.uk:/vol1/fastq/SRR155/081/SRR15511281/SRR15511281_2.fastq.gz	ftp.sra.ebi.ac.uk/vol1/fastq/SRR155/081/SRR15511281/SRR15511281_1.fastq.gz;ftp.sra.ebi.ac.uk/vol1/fastq/SRR155/081/SRR15511281/SRR15511281_2.fastq.gz							1755807688	58d15fc0ed3b98c73287c05b0ccb790d	ftp.sra.ebi.ac.uk/vol1/srr/SRR155/081/SRR15511281	fasp.sra.ebi.ac.uk:/vol1/srr/SRR155/081/SRR15511281	ftp.sra.ebi.ac.uk/vol1/srr/SRR155/081/SRR15511281	ED9G		Participant 9 WD		2021-08-25			
SRR15511284	SRP333105	SAMN20837599	SRS9824877	SRX11810139	PRJNA755720	SRA1280103	408170	human gut metagenome	ILLUMINA	NextSeq 500	12		PAIRED	WGS	METAGENOMIC	RANDOM	11076856	3226636666	SUB10001498	2021-08-25	2021-08-25	NextSeq 500 sequencing: Participant 7 FMD	Differential effects of western and mediterranean-type diets on gut microbiota: a metagenomics and metabolomics approach	PRJNA755720	12	ED7F_R1.fastq.gz	981087327;1012282286	30a52d0edbfd988b1b1b628b4c00632f;2260af48dcadfcfb3659f9e005a4f55e	ftp.sra.ebi.ac.uk/vol1/fastq/SRR155/084/SRR15511284/SRR15511284_1.fastq.gz;ftp.sra.ebi.ac.uk/vol1/fastq/SRR155/084/SRR15511284/SRR15511284_2.fastq.gz	fasp.sra.ebi.ac.uk:/vol1/fastq/SRR155/084/SRR15511284/SRR15511284_1.fastq.gz;fasp.sra.ebi.ac.uk:/vol1/fastq/SRR155/084/SRR15511284/SRR15511284_2.fastq.gz	ftp.sra.ebi.ac.uk/vol1/fastq/SRR155/084/SRR15511284/SRR15511284_1.fastq.gz;ftp.sra.ebi.ac.uk/vol1/fastq/SRR155/084/SRR15511284/SRR15511284_2.fastq.gz							1494845700	3747c0b4b701d20a50584bed0f69c30b	ftp.sra.ebi.ac.uk/vol1/srr/SRR155/084/SRR15511284	fasp.sra.ebi.ac.uk:/vol1/srr/SRR155/084/SRR15511284	ftp.sra.ebi.ac.uk/vol1/srr/SRR155/084/SRR15511284	ED7F		Participant 7 FMD		2021-08-25			
SRR15511253	SRP333105	SAMN20837597	SRS9824906	SRX11810170	PRJNA755720	SRA1280103	408170	human gut metagenome	ILLUMINA	NextSeq 500	10		PAIRED	WGS	METAGENOMIC	RANDOM	11227456	3316137468	SUB10001498	2021-08-25	2021-08-25	NextSeq 500 sequencing: Participant 6 FMD	Differential effects of western and mediterranean-type diets on gut microbiota: a metagenomics and metabolomics approach	PRJNA755720	10	ED6F_R1.fastq.gz	1008687035;1042110850	7ca64cbe50dda1c5c5d39eadfbbf9218;1e8606522c81c33fa12e27736dfd6145	ftp.sra.ebi.ac.uk/vol1/fastq/SRR155/053/SRR15511253/SRR15511253_1.fastq.gz;ftp.sra.ebi.ac.uk/vol1/fastq/SRR155/053/SRR15511253/SRR15511253_2.fastq.gz	fasp.sra.ebi.ac.uk:/vol1/fastq/SRR155/053/SRR15511253/SRR15511253_1.fastq.gz;fasp.sra.ebi.ac.uk:/vol1/fastq/SRR155/053/SRR15511253/SRR15511253_2.fastq.gz	ftp.sra.ebi.ac.uk/vol1/fastq/SRR155/053/SRR15511253/SRR15511253_1.fastq.gz;ftp.sra.ebi.ac.uk/vol1/fastq/SRR155/053/SRR15511253/SRR15511253_2.fastq.gz							1539541831	395dfda639d083eddc2d0547711c1ab4	ftp.sra.ebi.ac.uk/vol1/srr/SRR155/053/SRR15511253	fasp.sra.ebi.ac.uk:/vol1/srr/SRR155/053/SRR15511253	ftp.sra.ebi.ac.uk/vol1/srr/SRR155/053/SRR15511253	ED6F		Participant 6 FMD		2021-08-25			
SRR15511267	SRP333105	SAMN20837615	SRS9824892	SRX11810156	PRJNA755720	SRA1280103	408170	human gut metagenome	ILLUMINA	NextSeq 500	28		PAIRED	WGS	METAGENOMIC	RANDOM	17782866	5316630104	SUB10001498	2021-08-25	2021-08-25	NextSeq 500 sequencing: Participant 16 FMD	Differential effects of western and mediterranean-type diets on gut microbiota: a metagenomics and metabolomics approach	PRJNA755720	28	ED16F_R1.fastq.gz	1629488271;1685489019	db4513588d03b4607d0ac751d0f7a174;5e831e554fb3127a0977bc0c6b558f0d	ftp.sra.ebi.ac.uk/vol1/fastq/SRR155/067/SRR15511267/SRR15511267_1.fastq.gz;ftp.sra.ebi.ac.uk/vol1/fastq/SRR155/067/SRR15511267/SRR15511267_2.fastq.gz	fasp.sra.ebi.ac.uk:/vol1/fastq/SRR155/067/SRR15511267/SRR15511267_1.fastq.gz;fasp.sra.ebi.ac.uk:/vol1/fastq/SRR155/067/SRR15511267/SRR15511267_2.fastq.gz	ftp.sra.ebi.ac.uk/vol1/fastq/SRR155/067/SRR15511267/SRR15511267_1.fastq.gz;ftp.sra.ebi.ac.uk/vol1/fastq/SRR155/067/SRR15511267/SRR15511267_2.fastq.gz							2477109356	64f80dc4b88cad96738763c942a1e9a5	ftp.sra.ebi.ac.uk/vol1/srr/SRR155/067/SRR15511267	fasp.sra.ebi.ac.uk:/vol1/srr/SRR155/067/SRR15511267	ftp.sra.ebi.ac.uk/vol1/srr/SRR155/067/SRR15511267	ED16F		Participant 16 FMD		2021-08-25			
SRR15511268	SRP333105	SAMN20837614	SRS9824891	SRX11810155	PRJNA755720	SRA1280103	408170	human gut metagenome	ILLUMINA	NextSeq 500	27		PAIRED	WGS	METAGENOMIC	RANDOM	2521290	753215691	SUB10001498	2021-08-25	2021-08-25	NextSeq 500 sequencing: Participant 15 WD	Differential effects of western and mediterranean-type diets on gut microbiota: a metagenomics and metabolomics approach	PRJNA755720	27	ED15G_R1.fastq.gz	229230294;237156834	b3542658b12636a3b5868ceeebcf38e1;9b1b3e8305340617580a33e7e19f29f0	ftp.sra.ebi.ac.uk/vol1/fastq/SRR155/068/SRR15511268/SRR15511268_1.fastq.gz;ftp.sra.ebi.ac.uk/vol1/fastq/SRR155/068/SRR15511268/SRR15511268_2.fastq.gz	fasp.sra.ebi.ac.uk:/vol1/fastq/SRR155/068/SRR15511268/SRR15511268_1.fastq.gz;fasp.sra.ebi.ac.uk:/vol1/fastq/SRR155/068/SRR15511268/SRR15511268_2.fastq.gz	ftp.sra.ebi.ac.uk/vol1/fastq/SRR155/068/SRR15511268/SRR15511268_1.fastq.gz;ftp.sra.ebi.ac.uk/vol1/fastq/SRR155/068/SRR15511268/SRR15511268_2.fastq.gz							348766054	f5caa08a3bca678f7b6624a31ed53568	ftp.sra.ebi.ac.uk/vol1/srr/SRR155/068/SRR15511268	fasp.sra.ebi.ac.uk:/vol1/srr/SRR155/068/SRR15511268	ftp.sra.ebi.ac.uk/vol1/srr/SRR155/068/SRR15511268	ED15G		Participant 15 WD		2021-08-25			
SRR15511269	SRP333105	SAMN20837613	SRS9824888	SRX11810154	PRJNA755720	SRA1280103	408170	human gut metagenome	ILLUMINA	NextSeq 500	26		PAIRED	WGS	METAGENOMIC	RANDOM	12287324	3672192562	SUB10001498	2021-08-25	2021-08-25	NextSeq 500 sequencing: Participant 15 FMD	Differential effects of western and mediterranean-type diets on gut microbiota: a metagenomics and metabolomics approach	PRJNA755720	26	ED15F_R1.fastq.gz	1109816808;1141245971	cda2f699226f12dc7474166fb1e36fac;93a91c6a5bf08e194ad1f20243ec9e6d	ftp.sra.ebi.ac.uk/vol1/fastq/SRR155/069/SRR15511269/SRR15511269_1.fastq.gz;ftp.sra.ebi.ac.uk/vol1/fastq/SRR155/069/SRR15511269/SRR15511269_2.fastq.gz	fasp.sra.ebi.ac.uk:/vol1/fastq/SRR155/069/SRR15511269/SRR15511269_1.fastq.gz;fasp.sra.ebi.ac.uk:/vol1/fastq/SRR155/069/SRR15511269/SRR15511269_2.fastq.gz	ftp.sra.ebi.ac.uk/vol1/fastq/SRR155/069/SRR15511269/SRR15511269_1.fastq.gz;ftp.sra.ebi.ac.uk/vol1/fastq/SRR155/069/SRR15511269/SRR15511269_2.fastq.gz							1680284862	a3171f959c4d5be124d26b3664f6ebb6	ftp.sra.ebi.ac.uk/vol1/srr/SRR155/069/SRR15511269	fasp.sra.ebi.ac.uk:/vol1/srr/SRR155/069/SRR15511269	ftp.sra.ebi.ac.uk/vol1/srr/SRR155/069/SRR15511269	ED15F		Participant 15 FMD		2021-08-25			
SRR15511276	SRP333105	SAMN20837607	SRS9824883	SRX11810147	PRJNA755720	SRA1280103	408170	human gut metagenome	ILLUMINA	NextSeq 500	20		PAIRED	WGS	METAGENOMIC	RANDOM	7336741	2168641894	SUB10001498	2021-08-25	2021-08-25	NextSeq 500 sequencing: Participant 12 FMD	Differential effects of western and mediterranean-type diets on gut microbiota: a metagenomics and metabolomics approach	PRJNA755720	20	ED12F_R1.fastq.gz	671044336;692576479	d50a442eb947546fc899332b20d5f9a0;e50c1124b446a57c183884d38734d976	ftp.sra.ebi.ac.uk/vol1/fastq/SRR155/076/SRR15511276/SRR15511276_1.fastq.gz;ftp.sra.ebi.ac.uk/vol1/fastq/SRR155/076/SRR15511276/SRR15511276_2.fastq.gz	fasp.sra.ebi.ac.uk:/vol1/fastq/SRR155/076/SRR15511276/SRR15511276_1.fastq.gz;fasp.sra.ebi.ac.uk:/vol1/fastq/SRR155/076/SRR15511276/SRR15511276_2.fastq.gz	ftp.sra.ebi.ac.uk/vol1/fastq/SRR155/076/SRR15511276/SRR15511276_1.fastq.gz;ftp.sra.ebi.ac.uk/vol1/fastq/SRR155/076/SRR15511276/SRR15511276_2.fastq.gz							1023654657	b75672c0956c46f51805230de57b6b91	ftp.sra.ebi.ac.uk/vol1/srr/SRR155/076/SRR15511276	fasp.sra.ebi.ac.uk:/vol1/srr/SRR155/076/SRR15511276	ftp.sra.ebi.ac.uk/vol1/srr/SRR155/076/SRR15511276	ED12F		Participant 12 FMD		2021-08-25			
SRR15511277	SRP333105	SAMN20837606	SRS9824881	SRX11810146	PRJNA755720	SRA1280103	408170	human gut metagenome	ILLUMINA	NextSeq 500	19		PAIRED	WGS	METAGENOMIC	RANDOM	7890397	2306000964	SUB10001498	2021-08-25	2021-08-25	NextSeq 500 sequencing: Participant 11 WD	Differential effects of western and mediterranean-type diets on gut microbiota: a metagenomics and metabolomics approach	PRJNA755720	19	ED11G_R1.fastq.gz	729341048;759425318	32a0b16a65c656fdf59d2c34fd4f93af;99f138ce48103ca4e073bab4702ef793	ftp.sra.ebi.ac.uk/vol1/fastq/SRR155/077/SRR15511277/SRR15511277_1.fastq.gz;ftp.sra.ebi.ac.uk/vol1/fastq/SRR155/077/SRR15511277/SRR15511277_2.fastq.gz	fasp.sra.ebi.ac.uk:/vol1/fastq/SRR155/077/SRR15511277/SRR15511277_1.fastq.gz;fasp.sra.ebi.ac.uk:/vol1/fastq/SRR155/077/SRR15511277/SRR15511277_2.fastq.gz	ftp.sra.ebi.ac.uk/vol1/fastq/SRR155/077/SRR15511277/SRR15511277_1.fastq.gz;ftp.sra.ebi.ac.uk/vol1/fastq/SRR155/077/SRR15511277/SRR15511277_2.fastq.gz							1118931107	746e2bc32f4cfc32b418bf0b0a53c289	ftp.sra.ebi.ac.uk/vol1/srr/SRR155/077/SRR15511277	fasp.sra.ebi.ac.uk:/vol1/srr/SRR155/077/SRR15511277	ftp.sra.ebi.ac.uk/vol1/srr/SRR155/077/SRR15511277	ED11G		Participant 11 WD		2021-08-25			
SRR15511278	SRP333105	SAMN20837605	SRS9824884	SRX11810145	PRJNA755720	SRA1280103	408170	human gut metagenome	ILLUMINA	NextSeq 500	18		PAIRED	WGS	METAGENOMIC	RANDOM	11465822	3366198546	SUB10001498	2021-08-25	2021-08-25	NextSeq 500 sequencing: Participant 11 FMD	Differential effects of western and mediterranean-type diets on gut microbiota: a metagenomics and metabolomics approach	PRJNA755720	18	ED11F_R1.fastq.gz	1022180490;1062631916	175577109e9604a3a49c73e14cec86bc;2288daeea236d25135d03f08f7d4e049	ftp.sra.ebi.ac.uk/vol1/fastq/SRR155/078/SRR15511278/SRR15511278_1.fastq.gz;ftp.sra.ebi.ac.uk/vol1/fastq/SRR155/078/SRR15511278/SRR15511278_2.fastq.gz	fasp.sra.ebi.ac.uk:/vol1/fastq/SRR155/078/SRR15511278/SRR15511278_1.fastq.gz;fasp.sra.ebi.ac.uk:/vol1/fastq/SRR155/078/SRR15511278/SRR15511278_2.fastq.gz	ftp.sra.ebi.ac.uk/vol1/fastq/SRR155/078/SRR15511278/SRR15511278_1.fastq.gz;ftp.sra.ebi.ac.uk/vol1/fastq/SRR155/078/SRR15511278/SRR15511278_2.fastq.gz							1566061561	f9f5187b3f18d0b2a4c717313ab09812	ftp.sra.ebi.ac.uk/vol1/srr/SRR155/078/SRR15511278	fasp.sra.ebi.ac.uk:/vol1/srr/SRR155/078/SRR15511278	ftp.sra.ebi.ac.uk/vol1/srr/SRR155/078/SRR15511278	ED11F		Participant 11 FMD		2021-08-25			
SRR15511279	SRP333105	SAMN20837604	SRS9824880	SRX11810144	PRJNA755720	SRA1280103	408170	human gut metagenome	ILLUMINA	NextSeq 500	17		PAIRED	WGS	METAGENOMIC	RANDOM	13043901	3874883608	SUB10001498	2021-08-25	2021-08-25	NextSeq 500 sequencing: Participant 10 WD	Differential effects of western and mediterranean-type diets on gut microbiota: a metagenomics and metabolomics approach	PRJNA755720	17	ED10G_R1.fastq.gz	1192536159;1231775796	ff669b0a57d6680e9287914d268b2ac2;2a932f636278db03932014345a54b32f	ftp.sra.ebi.ac.uk/vol1/fastq/SRR155/079/SRR15511279/SRR15511279_1.fastq.gz;ftp.sra.ebi.ac.uk/vol1/fastq/SRR155/079/SRR15511279/SRR15511279_2.fastq.gz	fasp.sra.ebi.ac.uk:/vol1/fastq/SRR155/079/SRR15511279/SRR15511279_1.fastq.gz;fasp.sra.ebi.ac.uk:/vol1/fastq/SRR155/079/SRR15511279/SRR15511279_2.fastq.gz	ftp.sra.ebi.ac.uk/vol1/fastq/SRR155/079/SRR15511279/SRR15511279_1.fastq.gz;ftp.sra.ebi.ac.uk/vol1/fastq/SRR155/079/SRR15511279/SRR15511279_2.fastq.gz							1817773861	e19c930133206214445a113e5717dd90	ftp.sra.ebi.ac.uk/vol1/srr/SRR155/079/SRR15511279	fasp.sra.ebi.ac.uk:/vol1/srr/SRR155/079/SRR15511279	ftp.sra.ebi.ac.uk/vol1/srr/SRR155/079/SRR15511279	ED10G		Participant 10 WD		2021-08-25			
SRR15511285	SRP333105	SAMN20837598	SRS9824874	SRX11810138	PRJNA755720	SRA1280103	408170	human gut metagenome	ILLUMINA	NextSeq 500	11		PAIRED	WGS	METAGENOMIC	RANDOM	7808853	2306907671	SUB10001498	2021-08-25	2021-08-25	NextSeq 500 sequencing: Participant 6 WD	Differential effects of western and mediterranean-type diets on gut microbiota: a metagenomics and metabolomics approach	PRJNA755720	11	ED6G_R1.fastq.gz	716410718;740116966	47848ab7b0432dc808bed894b55ee250;82e44379bddbaa1dd9276e691b451a8a	ftp.sra.ebi.ac.uk/vol1/fastq/SRR155/085/SRR15511285/SRR15511285_1.fastq.gz;ftp.sra.ebi.ac.uk/vol1/fastq/SRR155/085/SRR15511285/SRR15511285_2.fastq.gz	fasp.sra.ebi.ac.uk:/vol1/fastq/SRR155/085/SRR15511285/SRR15511285_1.fastq.gz;fasp.sra.ebi.ac.uk:/vol1/fastq/SRR155/085/SRR15511285/SRR15511285_2.fastq.gz	ftp.sra.ebi.ac.uk/vol1/fastq/SRR155/085/SRR15511285/SRR15511285_1.fastq.gz;ftp.sra.ebi.ac.uk/vol1/fastq/SRR155/085/SRR15511285/SRR15511285_2.fastq.gz							1092908269	550e79bef7c2732045b1b806a36ee0d9	ftp.sra.ebi.ac.uk/vol1/srr/SRR155/085/SRR15511285	fasp.sra.ebi.ac.uk:/vol1/srr/SRR155/085/SRR15511285	ftp.sra.ebi.ac.uk/vol1/srr/SRR155/085/SRR15511285	ED6G		Participant 6 WD		2021-08-25			
SRR15511286	SRP333105	SAMN20837589	SRS9824873	SRX11810137	PRJNA755720	SRA1280103	408170	human gut metagenome	ILLUMINA	NextSeq 500	2		PAIRED	WGS	METAGENOMIC	RANDOM	10064924	2918725543	SUB10001498	2021-08-25	2021-08-25	NextSeq 500 sequencing: Participant 1 WD	Differential effects of western and mediterranean-type diets on gut microbiota: a metagenomics and metabolomics approach	PRJNA755720	2	ED1G_R1.fastq.gz	889818966;920697536	c297d33cd69705fde35fa0ba7460190a;08b9c8b06428c190172007324de40aac	ftp.sra.ebi.ac.uk/vol1/fastq/SRR155/086/SRR15511286/SRR15511286_1.fastq.gz;ftp.sra.ebi.ac.uk/vol1/fastq/SRR155/086/SRR15511286/SRR15511286_2.fastq.gz	fasp.sra.ebi.ac.uk:/vol1/fastq/SRR155/086/SRR15511286/SRR15511286_1.fastq.gz;fasp.sra.ebi.ac.uk:/vol1/fastq/SRR155/086/SRR15511286/SRR15511286_2.fastq.gz	ftp.sra.ebi.ac.uk/vol1/fastq/SRR155/086/SRR15511286/SRR15511286_1.fastq.gz;ftp.sra.ebi.ac.uk/vol1/fastq/SRR155/086/SRR15511286/SRR15511286_2.fastq.gz							1359575473	1bf81750fc85d2acdef85bf739d00590	ftp.sra.ebi.ac.uk/vol1/srr/SRR155/086/SRR15511286	fasp.sra.ebi.ac.uk:/vol1/srr/SRR155/086/SRR15511286	ftp.sra.ebi.ac.uk/vol1/srr/SRR155/086/SRR15511286	ED1G		Participant 1 WD		2021-08-25			
SRR15511287	SRP333105	SAMN20837588	SRS9824872	SRX11810136	PRJNA755720	SRA1280103	408170	human gut metagenome	ILLUMINA	NextSeq 500	1		PAIRED	WGS	METAGENOMIC	RANDOM	10834807	3188109397	SUB10001498	2021-08-25	2021-08-25	NextSeq 500 sequencing: Participant 1 FMD	Differential effects of western and mediterranean-type diets on gut microbiota: a metagenomics and metabolomics approach	PRJNA755720	1	ED1F_R1.fastq.gz	979350389;1014802169	5c9cebac78320d18b9be107182cb88be;2441fa009d3d882f83fc8b1a1af54c26	ftp.sra.ebi.ac.uk/vol1/fastq/SRR155/087/SRR15511287/SRR15511287_1.fastq.gz;ftp.sra.ebi.ac.uk/vol1/fastq/SRR155/087/SRR15511287/SRR15511287_2.fastq.gz	fasp.sra.ebi.ac.uk:/vol1/fastq/SRR155/087/SRR15511287/SRR15511287_1.fastq.gz;fasp.sra.ebi.ac.uk:/vol1/fastq/SRR155/087/SRR15511287/SRR15511287_2.fastq.gz	ftp.sra.ebi.ac.uk/vol1/fastq/SRR155/087/SRR15511287/SRR15511287_1.fastq.gz;ftp.sra.ebi.ac.uk/vol1/fastq/SRR155/087/SRR15511287/SRR15511287_2.fastq.gz							1496209902	34272d5ed8e6faffb4faabbcaf691ad2	ftp.sra.ebi.ac.uk/vol1/srr/SRR155/087/SRR15511287	fasp.sra.ebi.ac.uk:/vol1/srr/SRR155/087/SRR15511287	ftp.sra.ebi.ac.uk/vol1/srr/SRR155/087/SRR15511287	ED1F		Participant 1 FMD		2021-08-25			
SRR15511254	SRP333105	SAMN20837596	SRS9824904	SRX11810169	PRJNA755720	SRA1280103	408170	human gut metagenome	ILLUMINA	NextSeq 500	9		PAIRED	WGS	METAGENOMIC	RANDOM	8342930	2420821802	SUB10001498	2021-08-25	2021-08-25	NextSeq 500 sequencing: Participant 5 FMD	Differential effects of western and mediterranean-type diets on gut microbiota: a metagenomics and metabolomics approach	PRJNA755720	9	ED5F_R1.fastq.gz	737502621;761817647	09d73117a06218565f7f05ea61bb1469;5de4ab265697eb9fef68dc853c733d21	ftp.sra.ebi.ac.uk/vol1/fastq/SRR155/054/SRR15511254/SRR15511254_1.fastq.gz;ftp.sra.ebi.ac.uk/vol1/fastq/SRR155/054/SRR15511254/SRR15511254_2.fastq.gz	fasp.sra.ebi.ac.uk:/vol1/fastq/SRR155/054/SRR15511254/SRR15511254_1.fastq.gz;fasp.sra.ebi.ac.uk:/vol1/fastq/SRR155/054/SRR15511254/SRR15511254_2.fastq.gz	ftp.sra.ebi.ac.uk/vol1/fastq/SRR155/054/SRR15511254/SRR15511254_1.fastq.gz;ftp.sra.ebi.ac.uk/vol1/fastq/SRR155/054/SRR15511254/SRR15511254_2.fastq.gz							1126076324	db8a3a2ecf54dcbeff4818ad4e334960	ftp.sra.ebi.ac.uk/vol1/srr/SRR155/054/SRR15511254	fasp.sra.ebi.ac.uk:/vol1/srr/SRR155/054/SRR15511254	ftp.sra.ebi.ac.uk/vol1/srr/SRR155/054/SRR15511254	ED5F		Participant 5 FMD		2021-08-25			
SRR15511257	SRP333105	SAMN20837593	SRS9824901	SRX11810166	PRJNA755720	SRA1280103	408170	human gut metagenome	ILLUMINA	NextSeq 500	6		PAIRED	WGS	METAGENOMIC	RANDOM	14264061	4223131106	SUB10001498	2021-08-25	2021-08-25	NextSeq 500 sequencing: Participant 3 WD	Differential effects of western and mediterranean-type diets on gut microbiota: a metagenomics and metabolomics approach	PRJNA755720	6	ED3G_R1.fastq.gz	1295699126;1341296752	3176718e177523afdb559ffce785b8a2;a3772a3cc70a169ed4644d2680314fcd	ftp.sra.ebi.ac.uk/vol1/fastq/SRR155/057/SRR15511257/SRR15511257_1.fastq.gz;ftp.sra.ebi.ac.uk/vol1/fastq/SRR155/057/SRR15511257/SRR15511257_2.fastq.gz	fasp.sra.ebi.ac.uk:/vol1/fastq/SRR155/057/SRR15511257/SRR15511257_1.fastq.gz;fasp.sra.ebi.ac.uk:/vol1/fastq/SRR155/057/SRR15511257/SRR15511257_2.fastq.gz	ftp.sra.ebi.ac.uk/vol1/fastq/SRR155/057/SRR15511257/SRR15511257_1.fastq.gz;ftp.sra.ebi.ac.uk/vol1/fastq/SRR155/057/SRR15511257/SRR15511257_2.fastq.gz							1976888486	4c5a509a8e246943d46a70e4235900dd	ftp.sra.ebi.ac.uk/vol1/srr/SRR155/057/SRR15511257	fasp.sra.ebi.ac.uk:/vol1/srr/SRR155/057/SRR15511257	ftp.sra.ebi.ac.uk/vol1/srr/SRR155/057/SRR15511257	ED3G		Participant 3 WD		2021-08-25			
SRR15511258	SRP333105	SAMN20837592	SRS9824900	SRX11810165	PRJNA755720	SRA1280103	408170	human gut metagenome	ILLUMINA	NextSeq 500	5		PAIRED	WGS	METAGENOMIC	RANDOM	11324110	3326267504	SUB10001498	2021-08-25	2021-08-25	NextSeq 500 sequencing: Participant 3 FMD	Differential effects of western and mediterranean-type diets on gut microbiota: a metagenomics and metabolomics approach	PRJNA755720	5	ED3F_R1.fastq.gz	1015165726;1054657112	b4d2eb1dc5e52f07fdfec9bd599ee42a;083bacce8af92898ecd5461e101a44b3	ftp.sra.ebi.ac.uk/vol1/fastq/SRR155/058/SRR15511258/SRR15511258_1.fastq.gz;ftp.sra.ebi.ac.uk/vol1/fastq/SRR155/058/SRR15511258/SRR15511258_2.fastq.gz	fasp.sra.ebi.ac.uk:/vol1/fastq/SRR155/058/SRR15511258/SRR15511258_1.fastq.gz;fasp.sra.ebi.ac.uk:/vol1/fastq/SRR155/058/SRR15511258/SRR15511258_2.fastq.gz	ftp.sra.ebi.ac.uk/vol1/fastq/SRR155/058/SRR15511258/SRR15511258_1.fastq.gz;ftp.sra.ebi.ac.uk/vol1/fastq/SRR155/058/SRR15511258/SRR15511258_2.fastq.gz							1554096559	b9b6690254382a5f5d502261494e8fbf	ftp.sra.ebi.ac.uk/vol1/srr/SRR155/058/SRR15511258	fasp.sra.ebi.ac.uk:/vol1/srr/SRR155/058/SRR15511258	ftp.sra.ebi.ac.uk/vol1/srr/SRR155/058/SRR15511258	ED3F		Participant 3 FMD		2021-08-25			
SRR15511259	SRP333105	SAMN20837622	SRS9824903	SRX11810164	PRJNA755720	SRA1280103	408170	human gut metagenome	ILLUMINA	NextSeq 500	35		PAIRED	WGS	METAGENOMIC	RANDOM	19906855	5944444712	SUB10001498	2021-08-25	2021-08-25	NextSeq 500 sequencing: Participant 20 WD	Differential effects of western and mediterranean-type diets on gut microbiota: a metagenomics and metabolomics approach	PRJNA755720	35	ED20G_R1.fastq.gz	1772757669;1823093648	d7d3945f4a9552193a7779fe9e0ed002;e70689dc2eae69bfbe22fd314b3d6bb4	ftp.sra.ebi.ac.uk/vol1/fastq/SRR155/059/SRR15511259/SRR15511259_1.fastq.gz;ftp.sra.ebi.ac.uk/vol1/fastq/SRR155/059/SRR15511259/SRR15511259_2.fastq.gz	fasp.sra.ebi.ac.uk:/vol1/fastq/SRR155/059/SRR15511259/SRR15511259_1.fastq.gz;fasp.sra.ebi.ac.uk:/vol1/fastq/SRR155/059/SRR15511259/SRR15511259_2.fastq.gz	ftp.sra.ebi.ac.uk/vol1/fastq/SRR155/059/SRR15511259/SRR15511259_1.fastq.gz;ftp.sra.ebi.ac.uk/vol1/fastq/SRR155/059/SRR15511259/SRR15511259_2.fastq.gz							2679846614	2cb17146fa113f6e6394f4017abf007d	ftp.sra.ebi.ac.uk/vol1/srr/SRR155/059/SRR15511259	fasp.sra.ebi.ac.uk:/vol1/srr/SRR155/059/SRR15511259	ftp.sra.ebi.ac.uk/vol1/srr/SRR155/059/SRR15511259	ED20G		Participant 20 WD		2021-08-25			
SRR15511263	SRP333105	SAMN20837618	SRS9824895	SRX11810160	PRJNA755720	SRA1280103	408170	human gut metagenome	ILLUMINA	NextSeq 500	31		PAIRED	WGS	METAGENOMIC	RANDOM	14164262	4236031584	SUB10001498	2021-08-25	2021-08-25	NextSeq 500 sequencing: Participant 18 FMD	Differential effects of western and mediterranean-type diets on gut microbiota: a metagenomics and metabolomics approach	PRJNA755720	31	ED18F_R1.fastq.gz	1311365471;1358946614	1546009890d0ffdfb2d35899405b0c09;77cc016f2111d7d93fabbfc93b34e479	ftp.sra.ebi.ac.uk/vol1/fastq/SRR155/063/SRR15511263/SRR15511263_1.fastq.gz;ftp.sra.ebi.ac.uk/vol1/fastq/SRR155/063/SRR15511263/SRR15511263_2.fastq.gz	fasp.sra.ebi.ac.uk:/vol1/fastq/SRR155/063/SRR15511263/SRR15511263_1.fastq.gz;fasp.sra.ebi.ac.uk:/vol1/fastq/SRR155/063/SRR15511263/SRR15511263_2.fastq.gz	ftp.sra.ebi.ac.uk/vol1/fastq/SRR155/063/SRR15511263/SRR15511263_1.fastq.gz;ftp.sra.ebi.ac.uk/vol1/fastq/SRR155/063/SRR15511263/SRR15511263_2.fastq.gz							1996410650	a339414a01170ec5eb82e95f4b06a7f4	ftp.sra.ebi.ac.uk/vol1/srr/SRR155/063/SRR15511263	fasp.sra.ebi.ac.uk:/vol1/srr/SRR155/063/SRR15511263	ftp.sra.ebi.ac.uk/vol1/srr/SRR155/063/SRR15511263	ED18F		Participant 18 FMD		2021-08-25			
SRR15511264	SRP333105	SAMN20837591	SRS9824897	SRX11810159	PRJNA755720	SRA1280103	408170	human gut metagenome	ILLUMINA	NextSeq 500	4		PAIRED	WGS	METAGENOMIC	RANDOM	7376911	2180270694	SUB10001498	2021-08-25	2021-08-25	NextSeq 500 sequencing: Participant 2 WD	Differential effects of western and mediterranean-type diets on gut microbiota: a metagenomics and metabolomics approach	PRJNA755720	4	ED2G_R1.fastq.gz	675000527;702037690	5bb65717be435b1d688d094005c9dd5d;838a5bd19683ddd9545eeb642b06403a	ftp.sra.ebi.ac.uk/vol1/fastq/SRR155/064/SRR15511264/SRR15511264_1.fastq.gz;ftp.sra.ebi.ac.uk/vol1/fastq/SRR155/064/SRR15511264/SRR15511264_2.fastq.gz	fasp.sra.ebi.ac.uk:/vol1/fastq/SRR155/064/SRR15511264/SRR15511264_1.fastq.gz;fasp.sra.ebi.ac.uk:/vol1/fastq/SRR155/064/SRR15511264/SRR15511264_2.fastq.gz	ftp.sra.ebi.ac.uk/vol1/fastq/SRR155/064/SRR15511264/SRR15511264_1.fastq.gz;ftp.sra.ebi.ac.uk/vol1/fastq/SRR155/064/SRR15511264/SRR15511264_2.fastq.gz							1033804790	1f03e9c5b7e5a904418cb9a356661c7c	ftp.sra.ebi.ac.uk/vol1/srr/SRR155/064/SRR15511264	fasp.sra.ebi.ac.uk:/vol1/srr/SRR155/064/SRR15511264	ftp.sra.ebi.ac.uk/vol1/srr/SRR155/064/SRR15511264	ED2G		Participant 2 WD		2021-08-25			
SRR15511266	SRP333105	SAMN20837616	SRS9824893	SRX11810157	PRJNA755720	SRA1280103	408170	human gut metagenome	ILLUMINA	NextSeq 500	29		PAIRED	WGS	METAGENOMIC	RANDOM	13249162	3955642629	SUB10001498	2021-08-25	2021-08-25	NextSeq 500 sequencing: Participant 16 WD	Differential effects of western and mediterranean-type diets on gut microbiota: a metagenomics and metabolomics approach	PRJNA755720	29	ED16G_R1.fastq.gz	1221644784;1267629916	4390eb84edfcc0f44aef4263e5730ab2;20b235ed021524a1c37b39aab4caaa2d	ftp.sra.ebi.ac.uk/vol1/fastq/SRR155/066/SRR15511266/SRR15511266_1.fastq.gz;ftp.sra.ebi.ac.uk/vol1/fastq/SRR155/066/SRR15511266/SRR15511266_2.fastq.gz	fasp.sra.ebi.ac.uk:/vol1/fastq/SRR155/066/SRR15511266/SRR15511266_1.fastq.gz;fasp.sra.ebi.ac.uk:/vol1/fastq/SRR155/066/SRR15511266/SRR15511266_2.fastq.gz	ftp.sra.ebi.ac.uk/vol1/fastq/SRR155/066/SRR15511266/SRR15511266_1.fastq.gz;ftp.sra.ebi.ac.uk/vol1/fastq/SRR155/066/SRR15511266/SRR15511266_2.fastq.gz							1859575791	698eff478547e1bef1a999ea79622f35	ftp.sra.ebi.ac.uk/vol1/srr/SRR155/066/SRR15511266	fasp.sra.ebi.ac.uk:/vol1/srr/SRR155/066/SRR15511266	ftp.sra.ebi.ac.uk/vol1/srr/SRR155/066/SRR15511266	ED16G		Participant 16 WD		2021-08-25			
SRR15511270	SRP333105	SAMN20837612	SRS9824889	SRX11810153	PRJNA755720	SRA1280103	408170	human gut metagenome	ILLUMINA	NextSeq 500	25		PAIRED	WGS	METAGENOMIC	RANDOM	15577889	4599197852	SUB10001498	2021-08-25	2021-08-25	NextSeq 500 sequencing: Participant 14 WD	Differential effects of western and mediterranean-type diets on gut microbiota: a metagenomics and metabolomics approach	PRJNA755720	25	ED14G_R1.fastq.gz	1375454705;1422214765	e8271a5aa91bbb20e298c23796d662a8;81103ab26d681e5569c276e281f385d4	ftp.sra.ebi.ac.uk/vol1/fastq/SRR155/070/SRR15511270/SRR15511270_1.fastq.gz;ftp.sra.ebi.ac.uk/vol1/fastq/SRR155/070/SRR15511270/SRR15511270_2.fastq.gz	fasp.sra.ebi.ac.uk:/vol1/fastq/SRR155/070/SRR15511270/SRR15511270_1.fastq.gz;fasp.sra.ebi.ac.uk:/vol1/fastq/SRR155/070/SRR15511270/SRR15511270_2.fastq.gz	ftp.sra.ebi.ac.uk/vol1/fastq/SRR155/070/SRR15511270/SRR15511270_1.fastq.gz;ftp.sra.ebi.ac.uk/vol1/fastq/SRR155/070/SRR15511270/SRR15511270_2.fastq.gz							2096424285	11e6bf998fd34ae8f2d2a29c7cdd356d	ftp.sra.ebi.ac.uk/vol1/srr/SRR155/070/SRR15511270	fasp.sra.ebi.ac.uk:/vol1/srr/SRR155/070/SRR15511270	ftp.sra.ebi.ac.uk/vol1/srr/SRR155/070/SRR15511270	ED14G		Participant 14 WD		2021-08-25			
SRR15511275	SRP333105	SAMN20837590	SRS9824882	SRX11810148	PRJNA755720	SRA1280103	408170	human gut metagenome	ILLUMINA	NextSeq 500	3		PAIRED	WGS	METAGENOMIC	RANDOM	10564569	3103460367	SUB10001498	2021-08-25	2021-08-25	NextSeq 500 sequencing: Participant 2 FMD	Differential effects of western and mediterranean-type diets on gut microbiota: a metagenomics and metabolomics approach	PRJNA755720	3	ED2F_R1.fastq.gz	951665288;985160254	b16e0d276311250a8b968fb6e5ddcf63;94e5648ab845bf3ebddeb38afad0d8ae	ftp.sra.ebi.ac.uk/vol1/fastq/SRR155/075/SRR15511275/SRR15511275_1.fastq.gz;ftp.sra.ebi.ac.uk/vol1/fastq/SRR155/075/SRR15511275/SRR15511275_2.fastq.gz	fasp.sra.ebi.ac.uk:/vol1/fastq/SRR155/075/SRR15511275/SRR15511275_1.fastq.gz;fasp.sra.ebi.ac.uk:/vol1/fastq/SRR155/075/SRR15511275/SRR15511275_2.fastq.gz	ftp.sra.ebi.ac.uk/vol1/fastq/SRR155/075/SRR15511275/SRR15511275_1.fastq.gz;ftp.sra.ebi.ac.uk/vol1/fastq/SRR155/075/SRR15511275/SRR15511275_2.fastq.gz							1453280999	4485c5cf9c683fc4c3a4d725bc481007	ftp.sra.ebi.ac.uk/vol1/srr/SRR155/075/SRR15511275	fasp.sra.ebi.ac.uk:/vol1/srr/SRR155/075/SRR15511275	ftp.sra.ebi.ac.uk/vol1/srr/SRR155/075/SRR15511275	ED2F		Participant 2 FMD		2021-08-25			
SRR15511280	SRP333105	SAMN20837603	SRS9824879	SRX11810143	PRJNA755720	SRA1280103	408170	human gut metagenome	ILLUMINA	NextSeq 500	16		PAIRED	WGS	METAGENOMIC	RANDOM	12737649	3732266259	SUB10001498	2021-08-25	2021-08-25	NextSeq 500 sequencing: Participant 10 FMD	Differential effects of western and mediterranean-type diets on gut microbiota: a metagenomics and metabolomics approach	PRJNA755720	16	ED10F_R1.fastq.gz	1129166537;1171255710	4e77639a6665c751da9e61b8f67e1016;42acd64bda69e5bd176b59f5de167819	ftp.sra.ebi.ac.uk/vol1/fastq/SRR155/080/SRR15511280/SRR15511280_1.fastq.gz;ftp.sra.ebi.ac.uk/vol1/fastq/SRR155/080/SRR15511280/SRR15511280_2.fastq.gz	fasp.sra.ebi.ac.uk:/vol1/fastq/SRR155/080/SRR15511280/SRR15511280_1.fastq.gz;fasp.sra.ebi.ac.uk:/vol1/fastq/SRR155/080/SRR15511280/SRR15511280_2.fastq.gz	ftp.sra.ebi.ac.uk/vol1/fastq/SRR155/080/SRR15511280/SRR15511280_1.fastq.gz;ftp.sra.ebi.ac.uk/vol1/fastq/SRR155/080/SRR15511280/SRR15511280_2.fastq.gz							1726958228	14706781b90c9dfdc3353cd0452092de	ftp.sra.ebi.ac.uk/vol1/srr/SRR155/080/SRR15511280	fasp.sra.ebi.ac.uk:/vol1/srr/SRR155/080/SRR15511280	ftp.sra.ebi.ac.uk/vol1/srr/SRR155/080/SRR15511280	ED10F		Participant 10 FMD		2021-08-25			
SRR15511282	SRP333105	SAMN20837601	SRS9824876	SRX11810141	PRJNA755720	SRA1280103	408170	human gut metagenome	ILLUMINA	NextSeq 500	14		PAIRED	WGS	METAGENOMIC	RANDOM	10487057	2994496791	SUB10001498	2021-08-25	2021-08-25	NextSeq 500 sequencing: Participant 8 WD	Differential effects of western and mediterranean-type diets on gut microbiota: a metagenomics and metabolomics approach	PRJNA755720	14	ED8G_R1.fastq.gz	901670071;928069958	27f23e5e83a01c0ca246d033c6bda1fc;b1a84495390f11353204dadd385c7250	ftp.sra.ebi.ac.uk/vol1/fastq/SRR155/082/SRR15511282/SRR15511282_1.fastq.gz;ftp.sra.ebi.ac.uk/vol1/fastq/SRR155/082/SRR15511282/SRR15511282_2.fastq.gz	fasp.sra.ebi.ac.uk:/vol1/fastq/SRR155/082/SRR15511282/SRR15511282_1.fastq.gz;fasp.sra.ebi.ac.uk:/vol1/fastq/SRR155/082/SRR15511282/SRR15511282_2.fastq.gz	ftp.sra.ebi.ac.uk/vol1/fastq/SRR155/082/SRR15511282/SRR15511282_1.fastq.gz;ftp.sra.ebi.ac.uk/vol1/fastq/SRR155/082/SRR15511282/SRR15511282_2.fastq.gz							1373639090	0086602e40c2b11dea90fc41c60e6141	ftp.sra.ebi.ac.uk/vol1/srr/SRR155/082/SRR15511282	fasp.sra.ebi.ac.uk:/vol1/srr/SRR155/082/SRR15511282	ftp.sra.ebi.ac.uk/vol1/srr/SRR155/082/SRR15511282	ED8G		Participant 8 WD		2021-08-25			
SRR15511283	SRP333105	SAMN20837600	SRS9824878	SRX11810140	PRJNA755720	SRA1280103	408170	human gut metagenome	ILLUMINA	NextSeq 500	13		PAIRED	WGS	METAGENOMIC	RANDOM	12819137	3783990421	SUB10001498	2021-08-25	2021-08-25	NextSeq 500 sequencing: Participant 7 WD	Differential effects of western and mediterranean-type diets on gut microbiota: a metagenomics and metabolomics approach	PRJNA755720	13	ED7G_R1.fastq.gz	1149456755;1190536532	abe2931a077733908fd0fb0f25268b42;36b00d18adc69948a1bf924a03e06725	ftp.sra.ebi.ac.uk/vol1/fastq/SRR155/083/SRR15511283/SRR15511283_1.fastq.gz;ftp.sra.ebi.ac.uk/vol1/fastq/SRR155/083/SRR15511283/SRR15511283_2.fastq.gz	fasp.sra.ebi.ac.uk:/vol1/fastq/SRR155/083/SRR15511283/SRR15511283_1.fastq.gz;fasp.sra.ebi.ac.uk:/vol1/fastq/SRR155/083/SRR15511283/SRR15511283_2.fastq.gz	ftp.sra.ebi.ac.uk/vol1/fastq/SRR155/083/SRR15511283/SRR15511283_1.fastq.gz;ftp.sra.ebi.ac.uk/vol1/fastq/SRR155/083/SRR15511283/SRR15511283_2.fastq.gz							1756358980	5c0d0e94edb0ad68d231489cedb5f4d2	ftp.sra.ebi.ac.uk/vol1/srr/SRR155/083/SRR15511283	fasp.sra.ebi.ac.uk:/vol1/srr/SRR155/083/SRR15511283	ftp.sra.ebi.ac.uk/vol1/srr/SRR155/083/SRR15511283	ED7G		Participant 7 WD		2021-08-25			
